appliesTo,key,editorKind,sourceKind,quality,description
AI,AICaptureWounded,Text,Yuri,community-reference-inferred-yuri-20260603,推断型字段：AICaptureWounded / AI 暂未完成官方逐条核验；根据字段名、所属 AI 配置 上下文和既有社区资料线索，它可能用于AI 行为、目标选择或威胁评估，并可能涉及生命值、护甲、伤害或修理倍率。取值格式仍按原 INI 资料或项目内实际用法确认。该说明仅作为 BuiltIn 宽松兜底，不能替代 ModEnc、Ares 或 Phobos 官方字段页。
AI,SuspendPriority,Text,Yuri,community-reference-inferred-yuri-20260603,推断型字段：SuspendPriority / AI 暂未完成官方逐条核验；根据字段名、所属 AI 配置 上下文和既有社区资料线索，它可能用于对象行为、显示或引擎内部规则。取值格式仍按原 INI 资料或项目内实际用法确认。该说明仅作为 BuiltIn 宽松兜底，不能替代 ModEnc、Ares 或 Phobos 官方字段页。
AI,tempValue,Text,Yuri,community-reference-inferred-yuri-20260603,推断型字段：tempValue / AI 暂未完成官方逐条核验；根据字段名、所属 AI 配置 上下文和既有社区资料线索，它可能用于超级武器或特殊效果逻辑。取值格式仍按原 INI 资料或项目内实际用法确认。该说明仅作为 BuiltIn 宽松兜底，不能替代 ModEnc、Ares 或 Phobos 官方字段页。
AI,Threat,Text,Yuri,community-reference-inferred-yuri-20260603,推断型字段：Threat / AI 暂未完成官方逐条核验；根据字段名、所属 AI 配置 上下文和既有社区资料线索，它可能用于AI 行为、目标选择或威胁评估。取值格式仍按原 INI 资料或项目内实际用法确认。该说明仅作为 BuiltIn 宽松兜底，不能替代 ModEnc、Ares 或 Phobos 官方字段页。
Aircraft,Image.ConditionRed,Reference,Phobos,community-source-assisted-inferred-phobos-20260603,推断型字段：Image.ConditionRed / Aircraft 暂未完成官方逐条核验；根据字段名、所属 AircraftType 飞行器 上下文和既有社区资料线索，它可能用于建造条件、阵营可用性或生产经济，并可能涉及图像、动画、炮口坐标或 UI 表现。通常引用另一类 INI 对象或资源 ID。该说明仅作为 BuiltIn 宽松兜底，不能替代 ModEnc、Ares 或 Phobos 官方字段页。
Aircraft,Image.ConditionYellow,Reference,Phobos,community-source-assisted-inferred-phobos-20260603,推断型字段：Image.ConditionYellow / Aircraft 暂未完成官方逐条核验；根据字段名、所属 AircraftType 飞行器 上下文和既有社区资料线索，它可能用于图像、动画、炮口坐标或 UI 表现，并可能涉及超级武器或特殊效果逻辑。通常引用另一类 INI 对象或资源 ID。该说明仅作为 BuiltIn 宽松兜底，不能替代 ModEnc、Ares 或 Phobos 官方字段页。
ArtObject,AddOccupy4,Text,Yuri,name-inferred-yuri-20260603,推断型字段：AddOccupy4 / ArtObject 暂未完成官方逐条核验；根据字段名、所属 Art 图像对象 上下文和既有社区资料线索，它可能用于对象行为、显示或引擎内部规则。取值格式仍按原 INI 资料或项目内实际用法确认。该说明仅作为 BuiltIn 宽松兜底，不能替代 ModEnc、Ares 或 Phobos 官方字段页。
ArtObject,AirDeathFalling,Text,Yuri,name-inferred-yuri-20260603,推断型字段：AirDeathFalling / ArtObject 暂未完成官方逐条核验；根据字段名、所属 Art 图像对象 上下文和既有社区资料线索，它可能用于AI 行为、目标选择或威胁评估，并可能涉及武器、开火或投射表现。取值格式仍按原 INI 资料或项目内实际用法确认。该说明仅作为 BuiltIn 宽松兜底，不能替代 ModEnc、Ares 或 Phobos 官方字段页。
ArtObject,AirDeathFinish,Text,Yuri,name-inferred-yuri-20260603,推断型字段：AirDeathFinish / ArtObject 暂未完成官方逐条核验；根据字段名、所属 Art 图像对象 上下文和既有社区资料线索，它可能用于AI 行为、目标选择或威胁评估，并可能涉及武器、开火或投射表现。取值格式仍按原 INI 资料或项目内实际用法确认。该说明仅作为 BuiltIn 宽松兜底，不能替代 ModEnc、Ares 或 Phobos 官方字段页。
ArtObject,AirDeathStart,Text,Yuri,name-inferred-yuri-20260603,推断型字段：AirDeathStart / ArtObject 暂未完成官方逐条核验；根据字段名、所属 Art 图像对象 上下文和既有社区资料线索，它可能用于AI 行为、目标选择或威胁评估，并可能涉及武器、开火或投射表现。取值格式仍按原 INI 资料或项目内实际用法确认。该说明仅作为 BuiltIn 宽松兜底，不能替代 ModEnc、Ares 或 Phobos 官方字段页。
ArtObject,AltCameo,Reference,Yuri,name-inferred-yuri-20260603,推断型字段：AltCameo / ArtObject 暂未完成官方逐条核验；根据字段名、所属 Art 图像对象 上下文和既有社区资料线索，它可能用于生命值、护甲、伤害或修理倍率，并可能涉及图像、动画、炮口坐标或 UI 表现。通常引用另一类 INI 对象或资源 ID。该说明仅作为 BuiltIn 宽松兜底，不能替代 ModEnc、Ares 或 Phobos 官方字段页。
ArtObject,BibShape,Text,Yuri,name-inferred-yuri-20260603,推断型字段：BibShape / ArtObject 暂未完成官方逐条核验；根据字段名、所属 Art 图像对象 上下文和既有社区资料线索，它可能用于图像、动画、炮口坐标或 UI 表现。取值格式仍按原 INI 资料或项目内实际用法确认。该说明仅作为 BuiltIn 宽松兜底，不能替代 ModEnc、Ares 或 Phobos 官方字段页。
ArtObject,Bouncer,Text,Yuri,name-inferred-yuri-20260603,推断型字段：Bouncer / ArtObject 暂未完成官方逐条核验；根据字段名、所属 Art 图像对象 上下文和既有社区资料线索，它可能用于对象行为、显示或引擎内部规则。取值格式仍按原 INI 资料或项目内实际用法确认。该说明仅作为 BuiltIn 宽松兜底，不能替代 ModEnc、Ares 或 Phobos 官方字段页。
ArtObject,Buildup,Text,Yuri,name-inferred-yuri-20260603,推断型字段：Buildup / ArtObject 暂未完成官方逐条核验；根据字段名、所属 Art 图像对象 上下文和既有社区资料线索，它可能用于建造条件、阵营可用性或生产经济，并可能涉及图像、动画、炮口坐标或 UI 表现。取值格式仍按原 INI 资料或项目内实际用法确认。该说明仅作为 BuiltIn 宽松兜底，不能替代 ModEnc、Ares 或 Phobos 官方字段页。
ArtObject,Cameo,Reference,Yuri,name-inferred-yuri-20260603,推断型字段：Cameo / ArtObject 暂未完成官方逐条核验；根据字段名、所属 Art 图像对象 上下文和既有社区资料线索，它可能用于图像、动画、炮口坐标或 UI 表现。通常引用另一类 INI 对象或资源 ID。该说明仅作为 BuiltIn 宽松兜底，不能替代 ModEnc、Ares 或 Phobos 官方字段页。
ArtObject,CameoPalette,Text,Ares,name-inferred-ares-20260603,推断型字段：CameoPalette / ArtObject 暂未完成官方逐条核验；根据字段名、所属 Art 图像对象 上下文和既有社区资料线索，它可能用于图像、动画、炮口坐标或 UI 表现。取值格式仍按原 INI 资料或项目内实际用法确认。该说明仅作为 BuiltIn 宽松兜底，不能替代 ModEnc、Ares 或 Phobos 官方字段页。
ArtObject,CanBeHidden,Text,Yuri,name-inferred-yuri-20260603,推断型字段：CanBeHidden / ArtObject 暂未完成官方逐条核验；根据字段名、所属 Art 图像对象 上下文和既有社区资料线索，它可能用于资源、矿石、回收或经济收益。取值格式仍按原 INI 资料或项目内实际用法确认。该说明仅作为 BuiltIn 宽松兜底，不能替代 ModEnc、Ares 或 Phobos 官方字段页。
ArtObject,CanHideThings,Text,Yuri,name-inferred-yuri-20260603,推断型字段：CanHideThings / ArtObject 暂未完成官方逐条核验；根据字段名、所属 Art 图像对象 上下文和既有社区资料线索，它可能用于对象行为、显示或引擎内部规则。取值格式仍按原 INI 资料或项目内实际用法确认。该说明仅作为 BuiltIn 宽松兜底，不能替代 ModEnc、Ares 或 Phobos 官方字段页。
ArtObject,Cheer,Text,Yuri,name-inferred-yuri-20260603,推断型字段：Cheer / ArtObject 暂未完成官方逐条核验；根据字段名、所属 Art 图像对象 上下文和既有社区资料线索，它可能用于对象行为、显示或引擎内部规则。取值格式仍按原 INI 资料或项目内实际用法确认。该说明仅作为 BuiltIn 宽松兜底，不能替代 ModEnc、Ares 或 Phobos 官方字段页。
ArtObject,Crater,Text,Yuri,name-inferred-yuri-20260603,推断型字段：Crater / ArtObject 暂未完成官方逐条核验；根据字段名、所属 Art 图像对象 上下文和既有社区资料线索，它可能用于数值阈值、间隔、次数或概率参数。取值格式仍按原 INI 资料或项目内实际用法确认。该说明仅作为 BuiltIn 宽松兜底，不能替代 ModEnc、Ares 或 Phobos 官方字段页。
ArtObject,Crawl,Text,Yuri,name-inferred-yuri-20260603,推断型字段：Crawl / ArtObject 暂未完成官方逐条核验；根据字段名、所属 Art 图像对象 上下文和既有社区资料线索，它可能用于对象行为、显示或引擎内部规则。取值格式仍按原 INI 资料或项目内实际用法确认。该说明仅作为 BuiltIn 宽松兜底，不能替代 ModEnc、Ares 或 Phobos 官方字段页。
ArtObject,Crawls,Text,Yuri,name-inferred-yuri-20260603,推断型字段：Crawls / ArtObject 暂未完成官方逐条核验；根据字段名、所属 Art 图像对象 上下文和既有社区资料线索，它可能用于对象行为、显示或引擎内部规则。取值格式仍按原 INI 资料或项目内实际用法确认。该说明仅作为 BuiltIn 宽松兜底，不能替代 ModEnc、Ares 或 Phobos 官方字段页。
ArtObject,CrawlSounds,Reference,Yuri,name-inferred-yuri-20260603,推断型字段：CrawlSounds / ArtObject 暂未完成官方逐条核验；根据字段名、所属 Art 图像对象 上下文和既有社区资料线索，它可能用于声音、语音或 EVA 提示。通常引用另一类 INI 对象或资源 ID。该说明仅作为 BuiltIn 宽松兜底，不能替代 ModEnc、Ares 或 Phobos 官方字段页。
ArtObject,DamageFireOffset3,Text,Yuri,name-inferred-yuri-20260603,推断型字段：DamageFireOffset3 / ArtObject 暂未完成官方逐条核验；根据字段名、所属 Art 图像对象 上下文和既有社区资料线索，它可能用于武器、开火或投射表现，并可能涉及生命值、护甲、伤害或修理倍率。取值格式仍按原 INI 资料或项目内实际用法确认。该说明仅作为 BuiltIn 宽松兜底，不能替代 ModEnc、Ares 或 Phobos 官方字段页。
ArtObject,DamageLevels,Text,Yuri,name-inferred-yuri-20260603,推断型字段：DamageLevels / ArtObject 暂未完成官方逐条核验；根据字段名、所属 Art 图像对象 上下文和既有社区资料线索，它可能用于生命值、护甲、伤害或修理倍率。取值格式仍按原 INI 资料或项目内实际用法确认。该说明仅作为 BuiltIn 宽松兜底，不能替代 ModEnc、Ares 或 Phobos 官方字段页。
ArtObject,DamageRadius,Text,Yuri,name-inferred-yuri-20260603,推断型字段：DamageRadius / ArtObject 暂未完成官方逐条核验；根据字段名、所属 Art 图像对象 上下文和既有社区资料线索，它可能用于生命值、护甲、伤害或修理倍率。取值格式仍按原 INI 资料或项目内实际用法确认。该说明仅作为 BuiltIn 宽松兜底，不能替代 ModEnc、Ares 或 Phobos 官方字段页。
ArtObject,DelayedFireDelay,Text,Yuri,name-inferred-yuri-20260603,推断型字段：DelayedFireDelay / ArtObject 暂未完成官方逐条核验；根据字段名、所属 Art 图像对象 上下文和既有社区资料线索，它可能用于武器、开火或投射表现，并可能涉及数值阈值、间隔、次数或概率参数。取值格式仍按原 INI 资料或项目内实际用法确认。该说明仅作为 BuiltIn 宽松兜底，不能替代 ModEnc、Ares 或 Phobos 官方字段页。
ArtObject,DemandLoad,Text,Yuri,name-inferred-yuri-20260603,推断型字段：DemandLoad / ArtObject 暂未完成官方逐条核验；根据字段名、所属 Art 图像对象 上下文和既有社区资料线索，它可能用于部署、运输、乘员或形态切换。取值格式仍按原 INI 资料或项目内实际用法确认。该说明仅作为 BuiltIn 宽松兜底，不能替代 ModEnc、Ares 或 Phobos 官方字段页。
ArtObject,DemandLoadBuildup,Text,Yuri,name-inferred-yuri-20260603,推断型字段：DemandLoadBuildup / ArtObject 暂未完成官方逐条核验；根据字段名、所属 Art 图像对象 上下文和既有社区资料线索，它可能用于部署、运输、乘员或形态切换，并可能涉及建造条件、阵营可用性或生产经济。取值格式仍按原 INI 资料或项目内实际用法确认。该说明仅作为 BuiltIn 宽松兜底，不能替代 ModEnc、Ares 或 Phobos 官方字段页。
ArtObject,Deploy,Text,Yuri,name-inferred-yuri-20260603,推断型字段：Deploy / ArtObject 暂未完成官方逐条核验；根据字段名、所属 Art 图像对象 上下文和既有社区资料线索，它可能用于部署、运输、乘员或形态切换。取值格式仍按原 INI 资料或项目内实际用法确认。该说明仅作为 BuiltIn 宽松兜底，不能替代 ModEnc、Ares 或 Phobos 官方字段页。
ArtObject,Deployed,Text,Yuri,name-inferred-yuri-20260603,推断型字段：Deployed / ArtObject 暂未完成官方逐条核验；根据字段名、所属 Art 图像对象 上下文和既有社区资料线索，它可能用于部署、运输、乘员或形态切换。取值格式仍按原 INI 资料或项目内实际用法确认。该说明仅作为 BuiltIn 宽松兜底，不能替代 ModEnc、Ares 或 Phobos 官方字段页。
ArtObject,DetailLevel,Text,Yuri,name-inferred-yuri-20260603,推断型字段：DetailLevel / ArtObject 暂未完成官方逐条核验；根据字段名、所属 Art 图像对象 上下文和既有社区资料线索，它可能用于AI 行为、目标选择或威胁评估，并可能涉及建造条件、阵营可用性或生产经济。取值格式仍按原 INI 资料或项目内实际用法确认。该说明仅作为 BuiltIn 宽松兜底，不能替代 ModEnc、Ares 或 Phobos 官方字段页。
ArtObject,Die1,Text,Yuri,name-inferred-yuri-20260603,推断型字段：Die1 / ArtObject 暂未完成官方逐条核验；根据字段名、所属 Art 图像对象 上下文和既有社区资料线索，它可能用于对象行为、显示或引擎内部规则。取值格式仍按原 INI 资料或项目内实际用法确认。该说明仅作为 BuiltIn 宽松兜底，不能替代 ModEnc、Ares 或 Phobos 官方字段页。
ArtObject,Die2,Text,Yuri,name-inferred-yuri-20260603,推断型字段：Die2 / ArtObject 暂未完成官方逐条核验；根据字段名、所属 Art 图像对象 上下文和既有社区资料线索，它可能用于对象行为、显示或引擎内部规则。取值格式仍按原 INI 资料或项目内实际用法确认。该说明仅作为 BuiltIn 宽松兜底，不能替代 ModEnc、Ares 或 Phobos 官方字段页。
ArtObject,Die3,Text,Yuri,name-inferred-yuri-20260603,推断型字段：Die3 / ArtObject 暂未完成官方逐条核验；根据字段名、所属 Art 图像对象 上下文和既有社区资料线索，它可能用于对象行为、显示或引擎内部规则。取值格式仍按原 INI 资料或项目内实际用法确认。该说明仅作为 BuiltIn 宽松兜底，不能替代 ModEnc、Ares 或 Phobos 官方字段页。
ArtObject,Die4,Text,Yuri,name-inferred-yuri-20260603,推断型字段：Die4 / ArtObject 暂未完成官方逐条核验；根据字段名、所属 Art 图像对象 上下文和既有社区资料线索，它可能用于对象行为、显示或引擎内部规则。取值格式仍按原 INI 资料或项目内实际用法确认。该说明仅作为 BuiltIn 宽松兜底，不能替代 ModEnc、Ares 或 Phobos 官方字段页。
ArtObject,Die5,Text,Yuri,name-inferred-yuri-20260603,推断型字段：Die5 / ArtObject 暂未完成官方逐条核验；根据字段名、所属 Art 图像对象 上下文和既有社区资料线索，它可能用于对象行为、显示或引擎内部规则。取值格式仍按原 INI 资料或项目内实际用法确认。该说明仅作为 BuiltIn 宽松兜底，不能替代 ModEnc、Ares 或 Phobos 官方字段页。
ArtObject,DisableShadowCache,Text,Yuri,name-inferred-yuri-20260603,推断型字段：DisableShadowCache / ArtObject 暂未完成官方逐条核验；根据字段名、所属 Art 图像对象 上下文和既有社区资料线索，它可能用于图像、动画、炮口坐标或 UI 表现。取值格式仍按原 INI 资料或项目内实际用法确认。该说明仅作为 BuiltIn 宽松兜底，不能替代 ModEnc、Ares 或 Phobos 官方字段页。
ArtObject,DockingOffset3,Text,Yuri,name-inferred-yuri-20260603,推断型字段：DockingOffset3 / ArtObject 暂未完成官方逐条核验；根据字段名、所属 Art 图像对象 上下文和既有社区资料线索，它可能用于移动、寻路、部署或运动限制，并可能涉及图像、动画、炮口坐标或 UI 表现。取值格式仍按原 INI 资料或项目内实际用法确认。该说明仅作为 BuiltIn 宽松兜底，不能替代 ModEnc、Ares 或 Phobos 官方字段页。
ArtObject,Down,Text,Yuri,name-inferred-yuri-20260603,推断型字段：Down / ArtObject 暂未完成官方逐条核验；根据字段名、所属 Art 图像对象 上下文和既有社区资料线索，它可能用于对象行为、显示或引擎内部规则。取值格式仍按原 INI 资料或项目内实际用法确认。该说明仅作为 BuiltIn 宽松兜底，不能替代 ModEnc、Ares 或 Phobos 官方字段页。
ArtObject,Elasticity,Text,Yuri,name-inferred-yuri-20260603,推断型字段：Elasticity / ArtObject 暂未完成官方逐条核验；根据字段名、所属 Art 图像对象 上下文和既有社区资料线索，它可能用于对象行为、显示或引擎内部规则。取值格式仍按原 INI 资料或项目内实际用法确认。该说明仅作为 BuiltIn 宽松兜底，不能替代 ModEnc、Ares 或 Phobos 官方字段页。
ArtObject,EliteSecondaryFireFLH,Text,Yuri,name-inferred-yuri-20260603,推断型字段：EliteSecondaryFireFLH / ArtObject 暂未完成官方逐条核验；根据字段名、所属 Art 图像对象 上下文和既有社区资料线索，它可能用于武器、开火或投射表现，并可能涉及图像、动画、炮口坐标或 UI 表现。取值格式仍按原 INI 资料或项目内实际用法确认。该说明仅作为 BuiltIn 宽松兜底，不能替代 ModEnc、Ares 或 Phobos 官方字段页。
ArtObject,ExpireAnim,Text,Yuri,name-inferred-yuri-20260603,推断型字段：ExpireAnim / ArtObject 暂未完成官方逐条核验；根据字段名、所属 Art 图像对象 上下文和既有社区资料线索，它可能用于图像、动画、炮口坐标或 UI 表现。取值格式仍按原 INI 资料或项目内实际用法确认。该说明仅作为 BuiltIn 宽松兜底，不能替代 ModEnc、Ares 或 Phobos 官方字段页。
ArtObject,FireFly,Text,Yuri,name-inferred-yuri-20260603,推断型字段：FireFly / ArtObject 暂未完成官方逐条核验；根据字段名、所属 Art 图像对象 上下文和既有社区资料线索，它可能用于武器、开火或投射表现。取值格式仍按原 INI 资料或项目内实际用法确认。该说明仅作为 BuiltIn 宽松兜底，不能替代 ModEnc、Ares 或 Phobos 官方字段页。
ArtObject,FireProne,Text,Yuri,name-inferred-yuri-20260603,推断型字段：FireProne / ArtObject 暂未完成官方逐条核验；根据字段名、所属 Art 图像对象 上下文和既有社区资料线索，它可能用于武器、开火或投射表现。取值格式仍按原 INI 资料或项目内实际用法确认。该说明仅作为 BuiltIn 宽松兜底，不能替代 ModEnc、Ares 或 Phobos 官方字段页。
ArtObject,FireUp,Text,Yuri,name-inferred-yuri-20260603,推断型字段：FireUp / ArtObject 暂未完成官方逐条核验；根据字段名、所属 Art 图像对象 上下文和既有社区资料线索，它可能用于武器、开火或投射表现，并可能涉及图像、动画、炮口坐标或 UI 表现。取值格式仍按原 INI 资料或项目内实际用法确认。该说明仅作为 BuiltIn 宽松兜底，不能替代 ModEnc、Ares 或 Phobos 官方字段页。
ArtObject,FiringFrames,Text,Yuri,name-inferred-yuri-20260603,推断型字段：FiringFrames / ArtObject 暂未完成官方逐条核验；根据字段名、所属 Art 图像对象 上下文和既有社区资料线索，它可能用于图像、动画、炮口坐标或 UI 表现。取值格式仍按原 INI 资料或项目内实际用法确认。该说明仅作为 BuiltIn 宽松兜底，不能替代 ModEnc、Ares 或 Phobos 官方字段页。
ArtObject,Flat,Text,Yuri,name-inferred-yuri-20260603,推断型字段：Flat / ArtObject 暂未完成官方逐条核验；根据字段名、所属 Art 图像对象 上下文和既有社区资料线索，它可能用于对象行为、显示或引擎内部规则。取值格式仍按原 INI 资料或项目内实际用法确认。该说明仅作为 BuiltIn 宽松兜底，不能替代 ModEnc、Ares 或 Phobos 官方字段页。
ArtObject,Fly,Text,Yuri,name-inferred-yuri-20260603,推断型字段：Fly / ArtObject 暂未完成官方逐条核验；根据字段名、所属 Art 图像对象 上下文和既有社区资料线索，它可能用于对象行为、显示或引擎内部规则。取值格式仍按原 INI 资料或项目内实际用法确认。该说明仅作为 BuiltIn 宽松兜底，不能替代 ModEnc、Ares 或 Phobos 官方字段页。
ArtObject,ForceBigCraters,Text,Yuri,name-inferred-yuri-20260603,推断型字段：ForceBigCraters / ArtObject 暂未完成官方逐条核验；根据字段名、所属 Art 图像对象 上下文和既有社区资料线索，它可能用于数值阈值、间隔、次数或概率参数。取值格式仍按原 INI 资料或项目内实际用法确认。该说明仅作为 BuiltIn 宽松兜底，不能替代 ModEnc、Ares 或 Phobos 官方字段页。
ArtObject,FreeBuildup,Text,Yuri,name-inferred-yuri-20260603,推断型字段：FreeBuildup / ArtObject 暂未完成官方逐条核验；根据字段名、所属 Art 图像对象 上下文和既有社区资料线索，它可能用于建造条件、阵营可用性或生产经济，并可能涉及图像、动画、炮口坐标或 UI 表现。取值格式仍按原 INI 资料或项目内实际用法确认。该说明仅作为 BuiltIn 宽松兜底，不能替代 ModEnc、Ares 或 Phobos 官方字段页。
ArtObject,Guard,Text,Yuri,name-inferred-yuri-20260603,推断型字段：Guard / ArtObject 暂未完成官方逐条核验；根据字段名、所属 Art 图像对象 上下文和既有社区资料线索，它可能用于AI 行为、目标选择或威胁评估。取值格式仍按原 INI 资料或项目内实际用法确认。该说明仅作为 BuiltIn 宽松兜底，不能替代 ModEnc、Ares 或 Phobos 官方字段页。
ArtObject,Height,Text,Yuri,name-inferred-yuri-20260603,推断型字段：Height / ArtObject 暂未完成官方逐条核验；根据字段名、所属 Art 图像对象 上下文和既有社区资料线索，它可能用于对象行为、显示或引擎内部规则。取值格式仍按原 INI 资料或项目内实际用法确认。该说明仅作为 BuiltIn 宽松兜底，不能替代 ModEnc、Ares 或 Phobos 官方字段页。
ArtObject,Hover,Text,Yuri,name-inferred-yuri-20260603,推断型字段：Hover / ArtObject 暂未完成官方逐条核验；根据字段名、所属 Art 图像对象 上下文和既有社区资料线索，它可能用于移动、寻路、部署或运动限制。取值格式仍按原 INI 资料或项目内实际用法确认。该说明仅作为 BuiltIn 宽松兜底，不能替代 ModEnc、Ares 或 Phobos 官方字段页。
ArtObject,Idle2,Text,Yuri,name-inferred-yuri-20260603,推断型字段：Idle2 / ArtObject 暂未完成官方逐条核验；根据字段名、所属 Art 图像对象 上下文和既有社区资料线索，它可能用于对象行为、显示或引擎内部规则。取值格式仍按原 INI 资料或项目内实际用法确认。该说明仅作为 BuiltIn 宽松兜底，不能替代 ModEnc、Ares 或 Phobos 官方字段页。
ArtObject,IsAnimDelayedFire,Text,Yuri,name-inferred-yuri-20260603,推断型字段：IsAnimDelayedFire / ArtObject 暂未完成官方逐条核验；根据字段名、所属 Art 图像对象 上下文和既有社区资料线索，它可能用于图像、动画、炮口坐标或 UI 表现，并可能涉及侦察、雷达、隐形或伪装。取值格式仍按原 INI 资料或项目内实际用法确认。该说明仅作为 BuiltIn 宽松兜底，不能替代 ModEnc、Ares 或 Phobos 官方字段页。
ArtObject,IsMeteor,Text,Yuri,name-inferred-yuri-20260603,推断型字段：IsMeteor / ArtObject 暂未完成官方逐条核验；根据字段名、所属 Art 图像对象 上下文和既有社区资料线索，它可能用于侦察、雷达、隐形或伪装，并可能涉及列表型条件、允许/禁止关系或筛选规则。取值格式仍按原 INI 资料或项目内实际用法确认。该说明仅作为 BuiltIn 宽松兜底，不能替代 ModEnc、Ares 或 Phobos 官方字段页。
ArtObject,Layer,Text,Yuri,name-inferred-yuri-20260603,推断型字段：Layer / ArtObject 暂未完成官方逐条核验；根据字段名、所属 Art 图像对象 上下文和既有社区资料线索，它可能用于对象行为、显示或引擎内部规则。取值格式仍按原 INI 资料或项目内实际用法确认。该说明仅作为 BuiltIn 宽松兜底，不能替代 ModEnc、Ares 或 Phobos 官方字段页。
ArtObject,LineTrailColor,Text,Yuri,name-inferred-yuri-20260603,推断型字段：LineTrailColor / ArtObject 暂未完成官方逐条核验；根据字段名、所属 Art 图像对象 上下文和既有社区资料线索，它可能用于AI 行为、目标选择或威胁评估，并可能涉及颜色、光照或视觉着色。取值格式仍按原 INI 资料或项目内实际用法确认。该说明仅作为 BuiltIn 宽松兜底，不能替代 ModEnc、Ares 或 Phobos 官方字段页。
ArtObject,LineTrailColorDecrement,Text,Yuri,name-inferred-yuri-20260603,推断型字段：LineTrailColorDecrement / ArtObject 暂未完成官方逐条核验；根据字段名、所属 Art 图像对象 上下文和既有社区资料线索，它可能用于AI 行为、目标选择或威胁评估，并可能涉及颜色、光照或视觉着色。取值格式仍按原 INI 资料或项目内实际用法确认。该说明仅作为 BuiltIn 宽松兜底，不能替代 ModEnc、Ares 或 Phobos 官方字段页。
ArtObject,MaxXYVel,Text,Yuri,name-inferred-yuri-20260603,推断型字段：MaxXYVel / ArtObject 暂未完成官方逐条核验；根据字段名、所属 Art 图像对象 上下文和既有社区资料线索，它可能用于建造条件、阵营可用性或生产经济，并可能涉及数值阈值、间隔、次数或概率参数。取值格式仍按原 INI 资料或项目内实际用法确认。该说明仅作为 BuiltIn 宽松兜底，不能替代 ModEnc、Ares 或 Phobos 官方字段页。
ArtObject,MaxZVel,Text,Yuri,name-inferred-yuri-20260603,推断型字段：MaxZVel / ArtObject 暂未完成官方逐条核验；根据字段名、所属 Art 图像对象 上下文和既有社区资料线索，它可能用于建造条件、阵营可用性或生产经济，并可能涉及数值阈值、间隔、次数或概率参数。取值格式仍按原 INI 资料或项目内实际用法确认。该说明仅作为 BuiltIn 宽松兜底，不能替代 ModEnc、Ares 或 Phobos 官方字段页。
ArtObject,NumParticles,Text,Yuri,name-inferred-yuri-20260603,推断型字段：NumParticles / ArtObject 暂未完成官方逐条核验；根据字段名、所属 Art 图像对象 上下文和既有社区资料线索，它可能用于对象行为、显示或引擎内部规则。取值格式仍按原 INI 资料或项目内实际用法确认。该说明仅作为 BuiltIn 宽松兜底，不能替代 ModEnc、Ares 或 Phobos 官方字段页。
ArtObject,Paradrop,Text,Yuri,name-inferred-yuri-20260603,推断型字段：Paradrop / ArtObject 暂未完成官方逐条核验；根据字段名、所属 Art 图像对象 上下文和既有社区资料线索，它可能用于超级武器或特殊效果逻辑。取值格式仍按原 INI 资料或项目内实际用法确认。该说明仅作为 BuiltIn 宽松兜底，不能替代 ModEnc、Ares 或 Phobos 官方字段页。
ArtObject,PowerUp3Anim,Text,Yuri,name-inferred-yuri-20260603,推断型字段：PowerUp3Anim / ArtObject 暂未完成官方逐条核验；根据字段名、所属 Art 图像对象 上下文和既有社区资料线索，它可能用于图像、动画、炮口坐标或 UI 表现，并可能涉及建造条件、阵营可用性或生产经济。取值格式仍按原 INI 资料或项目内实际用法确认。该说明仅作为 BuiltIn 宽松兜底，不能替代 ModEnc、Ares 或 Phobos 官方字段页。
ArtObject,PowerUp3AnimDamaged,Text,Yuri,name-inferred-yuri-20260603,推断型字段：PowerUp3AnimDamaged / ArtObject 暂未完成官方逐条核验；根据字段名、所属 Art 图像对象 上下文和既有社区资料线索，它可能用于图像、动画、炮口坐标或 UI 表现，并可能涉及建造条件、阵营可用性或生产经济。取值格式仍按原 INI 资料或项目内实际用法确认。该说明仅作为 BuiltIn 宽松兜底，不能替代 ModEnc、Ares 或 Phobos 官方字段页。
ArtObject,PowerUp3LocX,Text,Yuri,name-inferred-yuri-20260603,推断型字段：PowerUp3LocX / ArtObject 暂未完成官方逐条核验；根据字段名、所属 Art 图像对象 上下文和既有社区资料线索，它可能用于图像、动画、炮口坐标或 UI 表现，并可能涉及建造条件、阵营可用性或生产经济。取值格式仍按原 INI 资料或项目内实际用法确认。该说明仅作为 BuiltIn 宽松兜底，不能替代 ModEnc、Ares 或 Phobos 官方字段页。
ArtObject,PowerUp3LocY,Text,Yuri,name-inferred-yuri-20260603,推断型字段：PowerUp3LocY / ArtObject 暂未完成官方逐条核验；根据字段名、所属 Art 图像对象 上下文和既有社区资料线索，它可能用于建造条件、阵营可用性或生产经济，并可能涉及武器、开火或投射表现。取值格式仍按原 INI 资料或项目内实际用法确认。该说明仅作为 BuiltIn 宽松兜底，不能替代 ModEnc、Ares 或 Phobos 官方字段页。
ArtObject,PowerUp3YSort,Text,Yuri,name-inferred-yuri-20260603,推断型字段：PowerUp3YSort / ArtObject 暂未完成官方逐条核验；根据字段名、所属 Art 图像对象 上下文和既有社区资料线索，它可能用于建造条件、阵营可用性或生产经济，并可能涉及武器、开火或投射表现。取值格式仍按原 INI 资料或项目内实际用法确认。该说明仅作为 BuiltIn 宽松兜底，不能替代 ModEnc、Ares 或 Phobos 官方字段页。
ArtObject,ProductionAnimY,Text,Yuri,name-inferred-yuri-20260603,推断型字段：ProductionAnimY / ArtObject 暂未完成官方逐条核验；根据字段名、所属 Art 图像对象 上下文和既有社区资料线索，它可能用于图像、动画、炮口坐标或 UI 表现，并可能涉及武器、开火或投射表现。取值格式仍按原 INI 资料或项目内实际用法确认。该说明仅作为 BuiltIn 宽松兜底，不能替代 ModEnc、Ares 或 Phobos 官方字段页。
ArtObject,PsiWarning,Text,Yuri,name-inferred-yuri-20260603,推断型字段：PsiWarning / ArtObject 暂未完成官方逐条核验；根据字段名、所属 Art 图像对象 上下文和既有社区资料线索，它可能用于对象行为、显示或引擎内部规则。取值格式仍按原 INI 资料或项目内实际用法确认。该说明仅作为 BuiltIn 宽松兜底，不能替代 ModEnc、Ares 或 Phobos 官方字段页。
ArtObject,QueueingCell,Text,Yuri,name-inferred-yuri-20260603,推断型字段：QueueingCell / ArtObject 暂未完成官方逐条核验；根据字段名、所属 Art 图像对象 上下文和既有社区资料线索，它可能用于对象行为、显示或引擎内部规则。取值格式仍按原 INI 资料或项目内实际用法确认。该说明仅作为 BuiltIn 宽松兜底，不能替代 ModEnc、Ares 或 Phobos 官方字段页。
ArtObject,Ready,Text,Yuri,name-inferred-yuri-20260603,推断型字段：Ready / ArtObject 暂未完成官方逐条核验；根据字段名、所属 Art 图像对象 上下文和既有社区资料线索，它可能用于对象行为、显示或引擎内部规则。取值格式仍按原 INI 资料或项目内实际用法确认。该说明仅作为 BuiltIn 宽松兜底，不能替代 ModEnc、Ares 或 Phobos 官方字段页。
ArtObject,Recoilless,Text,Yuri,name-inferred-yuri-20260603,推断型字段：Recoilless / ArtObject 暂未完成官方逐条核验；根据字段名、所属 Art 图像对象 上下文和既有社区资料线索，它可能用于对象行为、显示或引擎内部规则。取值格式仍按原 INI 资料或项目内实际用法确认。该说明仅作为 BuiltIn 宽松兜底，不能替代 ModEnc、Ares 或 Phobos 官方字段页。
ArtObject,RemoveOccupy4,Text,Yuri,name-inferred-yuri-20260603,推断型字段：RemoveOccupy4 / ArtObject 暂未完成官方逐条核验；根据字段名、所属 Art 图像对象 上下文和既有社区资料线索，它可能用于移动、寻路、部署或运动限制。取值格式仍按原 INI 资料或项目内实际用法确认。该说明仅作为 BuiltIn 宽松兜底，不能替代 ModEnc、Ares 或 Phobos 官方字段页。
ArtObject,Rotates,Text,Yuri,name-inferred-yuri-20260603,推断型字段：Rotates / ArtObject 暂未完成官方逐条核验；根据字段名、所属 Art 图像对象 上下文和既有社区资料线索，它可能用于移动、寻路、部署或运动限制。取值格式仍按原 INI 资料或项目内实际用法确认。该说明仅作为 BuiltIn 宽松兜底，不能替代 ModEnc、Ares 或 Phobos 官方字段页。
ArtObject,Scorch,Text,Yuri,name-inferred-yuri-20260603,推断型字段：Scorch / ArtObject 暂未完成官方逐条核验；根据字段名、所属 Art 图像对象 上下文和既有社区资料线索，它可能用于对象行为、显示或引擎内部规则。取值格式仍按原 INI 资料或项目内实际用法确认。该说明仅作为 BuiltIn 宽松兜底，不能替代 ModEnc、Ares 或 Phobos 官方字段页。
ArtObject,SecondaryFirePixelOffset,Text,Yuri,name-inferred-yuri-20260603,推断型字段：SecondaryFirePixelOffset / ArtObject 暂未完成官方逐条核验；根据字段名、所属 Art 图像对象 上下文和既有社区资料线索，它可能用于武器、开火或投射表现，并可能涉及图像、动画、炮口坐标或 UI 表现。取值格式仍按原 INI 资料或项目内实际用法确认。该说明仅作为 BuiltIn 宽松兜底，不能替代 ModEnc、Ares 或 Phobos 官方字段页。
ArtObject,SecondarySpawnOffset,Text,Yuri,name-inferred-yuri-20260603,推断型字段：SecondarySpawnOffset / ArtObject 暂未完成官方逐条核验；根据字段名、所属 Art 图像对象 上下文和既有社区资料线索，它可能用于生成物、乘员、残骸或派生单位，并可能涉及武器、开火或投射表现。取值格式仍按原 INI 资料或项目内实际用法确认。该说明仅作为 BuiltIn 宽松兜底，不能替代 ModEnc、Ares 或 Phobos 官方字段页。
ArtObject,ShadowIndex,Text,Yuri,name-inferred-yuri-20260603,推断型字段：ShadowIndex / ArtObject 暂未完成官方逐条核验；根据字段名、所属 Art 图像对象 上下文和既有社区资料线索，它可能用于图像、动画、炮口坐标或 UI 表现。取值格式仍按原 INI 资料或项目内实际用法确认。该说明仅作为 BuiltIn 宽松兜底，不能替代 ModEnc、Ares 或 Phobos 官方字段页。
ArtObject,SpawnDelay,Text,Yuri,name-inferred-yuri-20260603,推断型字段：SpawnDelay / ArtObject 暂未完成官方逐条核验；根据字段名、所属 Art 图像对象 上下文和既有社区资料线索，它可能用于生成物、乘员、残骸或派生单位，并可能涉及数值阈值、间隔、次数或概率参数。取值格式仍按原 INI 资料或项目内实际用法确认。该说明仅作为 BuiltIn 宽松兜底，不能替代 ModEnc、Ares 或 Phobos 官方字段页。
ArtObject,SpawnsParticle,Text,Yuri,name-inferred-yuri-20260603,推断型字段：SpawnsParticle / ArtObject 暂未完成官方逐条核验；根据字段名、所属 Art 图像对象 上下文和既有社区资料线索，它可能用于生成物、乘员、残骸或派生单位。取值格式仍按原 INI 资料或项目内实际用法确认。该说明仅作为 BuiltIn 宽松兜底，不能替代 ModEnc、Ares 或 Phobos 官方字段页。
ArtObject,SpecialAnimThreeYSort,Text,Yuri,name-inferred-yuri-20260603,推断型字段：SpecialAnimThreeYSort / ArtObject 暂未完成官方逐条核验；根据字段名、所属 Art 图像对象 上下文和既有社区资料线索，它可能用于图像、动画、炮口坐标或 UI 表现，并可能涉及武器、开火或投射表现。取值格式仍按原 INI 资料或项目内实际用法确认。该说明仅作为 BuiltIn 宽松兜底，不能替代 ModEnc、Ares 或 Phobos 官方字段页。
ArtObject,Sticky,Text,Yuri,name-inferred-yuri-20260603,推断型字段：Sticky / ArtObject 暂未完成官方逐条核验；根据字段名、所属 Art 图像对象 上下文和既有社区资料线索，它可能用于对象行为、显示或引擎内部规则。取值格式仍按原 INI 资料或项目内实际用法确认。该说明仅作为 BuiltIn 宽松兜底，不能替代 ModEnc、Ares 或 Phobos 官方字段页。
ArtObject,SuperAnimY,Text,Yuri,name-inferred-yuri-20260603,推断型字段：SuperAnimY / ArtObject 暂未完成官方逐条核验；根据字段名、所属 Art 图像对象 上下文和既有社区资料线索，它可能用于图像、动画、炮口坐标或 UI 表现，并可能涉及武器、开火或投射表现。取值格式仍按原 INI 资料或项目内实际用法确认。该说明仅作为 BuiltIn 宽松兜底，不能替代 ModEnc、Ares 或 Phobos 官方字段页。
ArtObject,Swim,Text,Yuri,name-inferred-yuri-20260603,推断型字段：Swim / ArtObject 暂未完成官方逐条核验；根据字段名、所属 Art 图像对象 上下文和既有社区资料线索，它可能用于超级武器或特殊效果逻辑。取值格式仍按原 INI 资料或项目内实际用法确认。该说明仅作为 BuiltIn 宽松兜底，不能替代 ModEnc、Ares 或 Phobos 官方字段页。
ArtObject,TerrainPalette,Text,Yuri,name-inferred-yuri-20260603,推断型字段：TerrainPalette / ArtObject 暂未完成官方逐条核验；根据字段名、所属 Art 图像对象 上下文和既有社区资料线索，它可能用于AI 行为、目标选择或威胁评估，并可能涉及图像、动画、炮口坐标或 UI 表现。取值格式仍按原 INI 资料或项目内实际用法确认。该说明仅作为 BuiltIn 宽松兜底，不能替代 ModEnc、Ares 或 Phobos 官方字段页。
ArtObject,TiberiumSpawnRadius,Text,Yuri,name-inferred-yuri-20260603,推断型字段：TiberiumSpawnRadius / ArtObject 暂未完成官方逐条核验；根据字段名、所属 Art 图像对象 上下文和既有社区资料线索，它可能用于生成物、乘员、残骸或派生单位，并可能涉及资源、矿石、回收或经济收益。取值格式仍按原 INI 资料或项目内实际用法确认。该说明仅作为 BuiltIn 宽松兜底，不能替代 ModEnc、Ares 或 Phobos 官方字段页。
ArtObject,TiberiumSpawnType,Text,Yuri,name-inferred-yuri-20260603,推断型字段：TiberiumSpawnType / ArtObject 暂未完成官方逐条核验；根据字段名、所属 Art 图像对象 上下文和既有社区资料线索，它可能用于生成物、乘员、残骸或派生单位，并可能涉及资源、矿石、回收或经济收益。取值格式仍按原 INI 资料或项目内实际用法确认。该说明仅作为 BuiltIn 宽松兜底，不能替代 ModEnc、Ares 或 Phobos 官方字段页。
ArtObject,ToOverlay,Text,Yuri,name-inferred-yuri-20260603,推断型字段：ToOverlay / ArtObject 暂未完成官方逐条核验；根据字段名、所属 Art 图像对象 上下文和既有社区资料线索，它可能用于建造条件、阵营可用性或生产经济，并可能涉及移动、寻路、部署或运动限制。取值格式仍按原 INI 资料或项目内实际用法确认。该说明仅作为 BuiltIn 宽松兜底，不能替代 ModEnc、Ares 或 Phobos 官方字段页。
ArtObject,Translucency,Text,Yuri,name-inferred-yuri-20260603,推断型字段：Translucency / ArtObject 暂未完成官方逐条核验；根据字段名、所属 Art 图像对象 上下文和既有社区资料线索，它可能用于对象行为、显示或引擎内部规则。取值格式仍按原 INI 资料或项目内实际用法确认。该说明仅作为 BuiltIn 宽松兜底，不能替代 ModEnc、Ares 或 Phobos 官方字段页。
ArtObject,Tread,Text,Yuri,name-inferred-yuri-20260603,推断型字段：Tread / ArtObject 暂未完成官方逐条核验；根据字段名、所属 Art 图像对象 上下文和既有社区资料线索，它可能用于对象行为、显示或引擎内部规则。取值格式仍按原 INI 资料或项目内实际用法确认。该说明仅作为 BuiltIn 宽松兜底，不能替代 ModEnc、Ares 或 Phobos 官方字段页。
ArtObject,Tumble,Text,Yuri,name-inferred-yuri-20260603,推断型字段：Tumble / ArtObject 暂未完成官方逐条核验；根据字段名、所属 Art 图像对象 上下文和既有社区资料线索，它可能用于对象行为、显示或引擎内部规则。取值格式仍按原 INI 资料或项目内实际用法确认。该说明仅作为 BuiltIn 宽松兜底，不能替代 ModEnc、Ares 或 Phobos 官方字段页。
ArtObject,TurretOffset,Text,Yuri,name-inferred-yuri-20260603,推断型字段：TurretOffset / ArtObject 暂未完成官方逐条核验；根据字段名、所属 Art 图像对象 上下文和既有社区资料线索，它可能用于图像、动画、炮口坐标或 UI 表现。取值格式仍按原 INI 资料或项目内实际用法确认。该说明仅作为 BuiltIn 宽松兜底，不能替代 ModEnc、Ares 或 Phobos 官方字段页。
ArtObject,Undeploy,Text,Yuri,name-inferred-yuri-20260603,推断型字段：Undeploy / ArtObject 暂未完成官方逐条核验；根据字段名、所属 Art 图像对象 上下文和既有社区资料线索，它可能用于部署、运输、乘员或形态切换。取值格式仍按原 INI 资料或项目内实际用法确认。该说明仅作为 BuiltIn 宽松兜底，不能替代 ModEnc、Ares 或 Phobos 官方字段页。
ArtObject,Up,Text,Yuri,name-inferred-yuri-20260603,推断型字段：Up / ArtObject 暂未完成官方逐条核验；根据字段名、所属 Art 图像对象 上下文和既有社区资料线索，它可能用于图像、动画、炮口坐标或 UI 表现，并可能涉及超级武器或特殊效果逻辑。取值格式仍按原 INI 资料或项目内实际用法确认。该说明仅作为 BuiltIn 宽松兜底，不能替代 ModEnc、Ares 或 Phobos 官方字段页。
ArtObject,UseLineTrail,Text,Yuri,name-inferred-yuri-20260603,推断型字段：UseLineTrail / ArtObject 暂未完成官方逐条核验；根据字段名、所属 Art 图像对象 上下文和既有社区资料线索，它可能用于AI 行为、目标选择或威胁评估，并可能涉及建造条件、阵营可用性或生产经济。取值格式仍按原 INI 资料或项目内实际用法确认。该说明仅作为 BuiltIn 宽松兜底，不能替代 ModEnc、Ares 或 Phobos 官方字段页。
ArtObject,Voxel,Text,Yuri,name-inferred-yuri-20260603,推断型字段：Voxel / ArtObject 暂未完成官方逐条核验；根据字段名、所属 Art 图像对象 上下文和既有社区资料线索，它可能用于图像、动画、炮口坐标或 UI 表现。取值格式仍按原 INI 资料或项目内实际用法确认。该说明仅作为 BuiltIn 宽松兜底，不能替代 ModEnc、Ares 或 Phobos 官方字段页。
ArtObject,Walk,Text,Yuri,name-inferred-yuri-20260603,推断型字段：Walk / ArtObject 暂未完成官方逐条核验；根据字段名、所属 Art 图像对象 上下文和既有社区资料线索，它可能用于对象行为、显示或引擎内部规则。取值格式仍按原 INI 资料或项目内实际用法确认。该说明仅作为 BuiltIn 宽松兜底，不能替代 ModEnc、Ares 或 Phobos 官方字段页。
ArtObject,WalkFrames,Text,Yuri,name-inferred-yuri-20260603,推断型字段：WalkFrames / ArtObject 暂未完成官方逐条核验；根据字段名、所属 Art 图像对象 上下文和既有社区资料线索，它可能用于图像、动画、炮口坐标或 UI 表现。取值格式仍按原 INI 资料或项目内实际用法确认。该说明仅作为 BuiltIn 宽松兜底，不能替代 ModEnc、Ares 或 Phobos 官方字段页。
ArtObject,WetAttack,Text,Yuri,name-inferred-yuri-20260603,推断型字段：WetAttack / ArtObject 暂未完成官方逐条核验；根据字段名、所属 Art 图像对象 上下文和既有社区资料线索，它可能用于对象行为、显示或引擎内部规则。取值格式仍按原 INI 资料或项目内实际用法确认。该说明仅作为 BuiltIn 宽松兜底，不能替代 ModEnc、Ares 或 Phobos 官方字段页。
ArtObject,WetDie1,Text,Yuri,name-inferred-yuri-20260603,推断型字段：WetDie1 / ArtObject 暂未完成官方逐条核验；根据字段名、所属 Art 图像对象 上下文和既有社区资料线索，它可能用于对象行为、显示或引擎内部规则。取值格式仍按原 INI 资料或项目内实际用法确认。该说明仅作为 BuiltIn 宽松兜底，不能替代 ModEnc、Ares 或 Phobos 官方字段页。
ArtObject,WetDie2,Text,Yuri,name-inferred-yuri-20260603,推断型字段：WetDie2 / ArtObject 暂未完成官方逐条核验；根据字段名、所属 Art 图像对象 上下文和既有社区资料线索，它可能用于对象行为、显示或引擎内部规则。取值格式仍按原 INI 资料或项目内实际用法确认。该说明仅作为 BuiltIn 宽松兜底，不能替代 ModEnc、Ares 或 Phobos 官方字段页。
ArtObject,WetIdle1,Text,Yuri,name-inferred-yuri-20260603,推断型字段：WetIdle1 / ArtObject 暂未完成官方逐条核验；根据字段名、所属 Art 图像对象 上下文和既有社区资料线索，它可能用于对象行为、显示或引擎内部规则。取值格式仍按原 INI 资料或项目内实际用法确认。该说明仅作为 BuiltIn 宽松兜底，不能替代 ModEnc、Ares 或 Phobos 官方字段页。
ArtObject,WetIdle2,Text,Yuri,name-inferred-yuri-20260603,推断型字段：WetIdle2 / ArtObject 暂未完成官方逐条核验；根据字段名、所属 Art 图像对象 上下文和既有社区资料线索，它可能用于对象行为、显示或引擎内部规则。取值格式仍按原 INI 资料或项目内实际用法确认。该说明仅作为 BuiltIn 宽松兜底，不能替代 ModEnc、Ares 或 Phobos 官方字段页。
ArtObject,YSortAdjust,Text,Yuri,name-inferred-yuri-20260603,推断型字段：YSortAdjust / ArtObject 暂未完成官方逐条核验；根据字段名、所属 Art 图像对象 上下文和既有社区资料线索，它可能用于武器、开火或投射表现，并可能涉及部署、运输、乘员或形态切换。取值格式仍按原 INI 资料或项目内实际用法确认。该说明仅作为 BuiltIn 宽松兜底，不能替代 ModEnc、Ares 或 Phobos 官方字段页。
ArtObject,ZSortAdjust,Text,Yuri,name-inferred-yuri-20260603,推断型字段：ZSortAdjust / ArtObject 暂未完成官方逐条核验；根据字段名、所属 Art 图像对象 上下文和既有社区资料线索，它可能用于对象行为、显示或引擎内部规则。取值格式仍按原 INI 资料或项目内实际用法确认。该说明仅作为 BuiltIn 宽松兜底，不能替代 ModEnc、Ares 或 Phobos 官方字段页。
Banner,CSF.Color,Integer,Phobos,community-reference-inferred-phobos-20260603,推断型字段：CSF.Color / Banner 暂未完成官方逐条核验；根据字段名、所属 Banner/UI 横幅 上下文和既有社区资料线索，它可能用于颜色、光照或视觉着色。通常按整数参数理解。该说明仅作为 BuiltIn 宽松兜底，不能替代 ModEnc、Ares 或 Phobos 官方字段页。
Banner,CSF.VariableFormat,MultiSelect,Phobos,community-reference-inferred-phobos-20260603,推断型字段：CSF.VariableFormat / Banner 暂未完成官方逐条核验；根据字段名、所属 Banner/UI 横幅 上下文和既有社区资料线索，它可能用于对象行为、显示或引擎内部规则。通常按逗号分隔的枚举/列表值理解。该说明仅作为 BuiltIn 宽松兜底，不能替代 ModEnc、Ares 或 Phobos 官方字段页。
Banner,Delay,Integer,Phobos,community-reference-inferred-phobos-20260603,推断型字段：Delay / Banner 暂未完成官方逐条核验；根据字段名、所属 Banner/UI 横幅 上下文和既有社区资料线索，它可能用于数值阈值、间隔、次数或概率参数。通常按整数参数理解。该说明仅作为 BuiltIn 宽松兜底，不能替代 ModEnc、Ares 或 Phobos 官方字段页。
Banner,Duration,Integer,Phobos,community-reference-inferred-phobos-20260603,推断型字段：Duration / Banner 暂未完成官方逐条核验；根据字段名、所属 Banner/UI 横幅 上下文和既有社区资料线索，它可能用于超级武器或特殊效果逻辑，并可能涉及数值阈值、间隔、次数或概率参数。通常按整数参数理解。该说明仅作为 BuiltIn 宽松兜底，不能替代 ModEnc、Ares 或 Phobos 官方字段页。
Banner,PCX,Text,Phobos,community-reference-inferred-phobos-20260603,推断型字段：PCX / Banner 暂未完成官方逐条核验；根据字段名、所属 Banner/UI 横幅 上下文和既有社区资料线索，它可能用于对象行为、显示或引擎内部规则。取值格式仍按原 INI 资料或项目内实际用法确认。该说明仅作为 BuiltIn 宽松兜底，不能替代 ModEnc、Ares 或 Phobos 官方字段页。
Banner,SHP,Text,Phobos,community-reference-inferred-phobos-20260603,推断型字段：SHP / Banner 暂未完成官方逐条核验；根据字段名、所属 Banner/UI 横幅 上下文和既有社区资料线索，它可能用于对象行为、显示或引擎内部规则。取值格式仍按原 INI 资料或项目内实际用法确认。该说明仅作为 BuiltIn 宽松兜底，不能替代 ModEnc、Ares 或 Phobos 官方字段页。
Banner,SHP.Palette,Text,Phobos,community-reference-inferred-phobos-20260603,推断型字段：SHP.Palette / Banner 暂未完成官方逐条核验；根据字段名、所属 Banner/UI 横幅 上下文和既有社区资料线索，它可能用于图像、动画、炮口坐标或 UI 表现。取值格式仍按原 INI 资料或项目内实际用法确认。该说明仅作为 BuiltIn 宽松兜底，不能替代 ModEnc、Ares 或 Phobos 官方字段页。
Building,Adjacent.Allowed,Reference,Phobos,community-source-assisted-inferred-phobos-20260603,推断型字段：Adjacent.Allowed / Building 暂未完成官方逐条核验；根据字段名、所属 BuildingType 建筑 上下文和既有社区资料线索，它可能用于列表型条件、允许/禁止关系或筛选规则，并可能涉及建造条件、阵营可用性或生产经济。通常引用另一类 INI 对象或资源 ID。该说明仅作为 BuiltIn 宽松兜底，不能替代 ModEnc、Ares 或 Phobos 官方字段页。
Building,Adjacent.Disallowed,Reference,Phobos,community-source-assisted-inferred-phobos-20260603,推断型字段：Adjacent.Disallowed / Building 暂未完成官方逐条核验；根据字段名、所属 BuildingType 建筑 上下文和既有社区资料线索，它可能用于列表型条件、允许/禁止关系或筛选规则，并可能涉及建造条件、阵营可用性或生产经济。通常引用另一类 INI 对象或资源 ID。该说明仅作为 BuiltIn 宽松兜底，不能替代 ModEnc、Ares 或 Phobos 官方字段页。
Building,Adjacent.Disallowed.ProhibitDistance,Integer,Phobos,community-source-assisted-inferred-phobos-20260603,推断型字段：Adjacent.Disallowed.ProhibitDistance / Building 暂未完成官方逐条核验；根据字段名、所属 BuildingType 建筑 上下文和既有社区资料线索，它可能用于列表型条件、允许/禁止关系或筛选规则，并可能涉及建造条件、阵营可用性或生产经济。通常按整数参数理解。该说明仅作为 BuiltIn 宽松兜底，不能替代 ModEnc、Ares 或 Phobos 官方字段页。
Building,AllowParallelAIQueues,Text,Phobos,community-source-assisted-inferred-phobos-20260603,推断型字段：AllowParallelAIQueues / Building 暂未完成官方逐条核验；根据字段名、所属 BuildingType 建筑 上下文和既有社区资料线索，它可能用于列表型条件、允许/禁止关系或筛选规则，并可能涉及AI 行为、目标选择或威胁评估。取值格式仍按原 INI 资料或项目内实际用法确认。该说明仅作为 BuiltIn 宽松兜底，不能替代 ModEnc、Ares 或 Phobos 官方字段页。
Building,BarracksExitCell,Text,Phobos,community-source-assisted-inferred-phobos-20260603,推断型字段：BarracksExitCell / Building 暂未完成官方逐条核验；根据字段名、所属 BuildingType 建筑 上下文和既有社区资料线索，它可能用于对象行为、显示或引擎内部规则。取值格式仍按原 INI 资料或项目内实际用法确认。该说明仅作为 BuiltIn 宽松兜底，不能替代 ModEnc、Ares 或 Phobos 官方字段页。
Building,BuildingGuardRetryDelay,Integer,Phobos,community-source-assisted-inferred-phobos-20260603,推断型字段：BuildingGuardRetryDelay / Building 暂未完成官方逐条核验；根据字段名、所属 BuildingType 建筑 上下文和既有社区资料线索，它可能用于AI 行为、目标选择或威胁评估，并可能涉及建造条件、阵营可用性或生产经济。通常按整数参数理解。该说明仅作为 BuiltIn 宽松兜底，不能替代 ModEnc、Ares 或 Phobos 官方字段页。
Building,BuildingRepairedSound,Reference,Phobos,community-source-assisted-inferred-phobos-20260603,推断型字段：BuildingRepairedSound / Building 暂未完成官方逐条核验；根据字段名、所属 BuildingType 建筑 上下文和既有社区资料线索，它可能用于AI 行为、目标选择或威胁评估，并可能涉及建造条件、阵营可用性或生产经济。通常引用另一类 INI 对象或资源 ID。该说明仅作为 BuiltIn 宽松兜底，不能替代 ModEnc、Ares 或 Phobos 官方字段页。
Building,BunkerDamageMultiplier,Integer,Phobos,community-source-assisted-inferred-phobos-20260603,推断型字段：BunkerDamageMultiplier / Building 暂未完成官方逐条核验；根据字段名、所属 BuildingType 建筑 上下文和既有社区资料线索，它可能用于生命值、护甲、伤害或修理倍率，并可能涉及部署、运输、乘员或形态切换。通常按整数参数理解。该说明仅作为 BuiltIn 宽松兜底，不能替代 ModEnc、Ares 或 Phobos 官方字段页。
Building,BunkerROFMultMultiplier,Integer,Phobos,community-source-assisted-inferred-phobos-20260603,推断型字段：BunkerROFMultMultiplier / Building 暂未完成官方逐条核验；根据字段名、所属 BuildingType 建筑 上下文和既有社区资料线索，它可能用于武器、开火或投射表现，并可能涉及生命值、护甲、伤害或修理倍率。通常按整数参数理解。该说明仅作为 BuiltIn 宽松兜底，不能替代 ModEnc、Ares 或 Phobos 官方字段页。
Building,BunkerWallsDownSound,Reference,Phobos,community-source-assisted-inferred-phobos-20260603,推断型字段：BunkerWallsDownSound / Building 暂未完成官方逐条核验；根据字段名、所属 BuildingType 建筑 上下文和既有社区资料线索，它可能用于部署、运输、乘员或形态切换，并可能涉及声音、语音或 EVA 提示。通常引用另一类 INI 对象或资源 ID。该说明仅作为 BuiltIn 宽松兜底，不能替代 ModEnc、Ares 或 Phobos 官方字段页。
Building,BunkerWallsUpSound,Reference,Phobos,community-source-assisted-inferred-phobos-20260603,推断型字段：BunkerWallsUpSound / Building 暂未完成官方逐条核验；根据字段名、所属 BuildingType 建筑 上下文和既有社区资料线索，它可能用于部署、运输、乘员或形态切换，并可能涉及图像、动画、炮口坐标或 UI 表现。通常引用另一类 INI 对象或资源 ID。该说明仅作为 BuiltIn 宽松兜底，不能替代 ModEnc、Ares 或 Phobos 官方字段页。
Building,CameoPriority,Integer,Phobos,community-source-assisted-inferred-phobos-20260603,推断型字段：CameoPriority / Building 暂未完成官方逐条核验；根据字段名、所属 BuildingType 建筑 上下文和既有社区资料线索，它可能用于图像、动画、炮口坐标或 UI 表现。通常按整数参数理解。该说明仅作为 BuiltIn 宽松兜底，不能替代 ModEnc、Ares 或 Phobos 官方字段页。
Building,DefaultInfantrySelectBox,Text,Phobos,community-source-assisted-inferred-phobos-20260603,推断型字段：DefaultInfantrySelectBox / Building 暂未完成官方逐条核验；根据字段名、所属 BuildingType 建筑 上下文和既有社区资料线索，它可能用于对象行为、显示或引擎内部规则。取值格式仍按原 INI 资料或项目内实际用法确认。该说明仅作为 BuiltIn 宽松兜底，不能替代 ModEnc、Ares 或 Phobos 官方字段页。
Building,DefaultUnitSelectBox,Text,Phobos,community-source-assisted-inferred-phobos-20260603,推断型字段：DefaultUnitSelectBox / Building 暂未完成官方逐条核验；根据字段名、所属 BuildingType 建筑 上下文和既有社区资料线索，它可能用于对象行为、显示或引擎内部规则。取值格式仍按原 INI 资料或项目内实际用法确认。该说明仅作为 BuiltIn 宽松兜底，不能替代 ModEnc、Ares 或 Phobos 官方字段页。
Building,DeployedPrimaryFireFLH,Integer,Phobos,community-source-assisted-inferred-phobos-20260603,推断型字段：DeployedPrimaryFireFLH / Building 暂未完成官方逐条核验；根据字段名、所属 BuildingType 建筑 上下文和既有社区资料线索，它可能用于武器、开火或投射表现，并可能涉及部署、运输、乘员或形态切换。通常按整数参数理解。该说明仅作为 BuiltIn 宽松兜底，不能替代 ModEnc、Ares 或 Phobos 官方字段页。
Building,DeployedSecondaryFireFLH,Integer,Phobos,community-source-assisted-inferred-phobos-20260603,推断型字段：DeployedSecondaryFireFLH / Building 暂未完成官方逐条核验；根据字段名、所属 BuildingType 建筑 上下文和既有社区资料线索，它可能用于武器、开火或投射表现，并可能涉及部署、运输、乘员或形态切换。通常按整数参数理解。该说明仅作为 BuiltIn 宽松兜底，不能替代 ModEnc、Ares 或 Phobos 官方字段页。
Building,DisplayIncome,Boolean,Phobos,community-source-assisted-inferred-phobos-20260603,推断型字段：DisplayIncome / Building 暂未完成官方逐条核验；根据字段名、所属 BuildingType 建筑 上下文和既有社区资料线索，它可能用于图像、动画、炮口坐标或 UI 表现，并可能涉及资源、矿石、回收或经济收益。通常按 yes/no 布尔值理解。该说明仅作为 BuiltIn 宽松兜底，不能替代 ModEnc、Ares 或 Phobos 官方字段页。
Building,DisplayIncome.Delay,Integer,Phobos,community-source-assisted-inferred-phobos-20260603,推断型字段：DisplayIncome.Delay / Building 暂未完成官方逐条核验；根据字段名、所属 BuildingType 建筑 上下文和既有社区资料线索，它可能用于图像、动画、炮口坐标或 UI 表现，并可能涉及资源、矿石、回收或经济收益。通常按整数参数理解。该说明仅作为 BuiltIn 宽松兜底，不能替代 ModEnc、Ares 或 Phobos 官方字段页。
Building,DisplayIncome.Houses,Enum,Phobos,community-source-assisted-inferred-phobos-20260603,推断型字段：DisplayIncome.Houses / Building 暂未完成官方逐条核验；根据字段名、所属 BuildingType 建筑 上下文和既有社区资料线索，它可能用于建造条件、阵营可用性或生产经济，并可能涉及图像、动画、炮口坐标或 UI 表现。通常按固定枚举值理解。该说明仅作为 BuiltIn 宽松兜底，不能替代 ModEnc、Ares 或 Phobos 官方字段页。
Building,DisplayIncome.Offset,Text,Phobos,community-source-assisted-inferred-phobos-20260603,推断型字段：DisplayIncome.Offset / Building 暂未完成官方逐条核验；根据字段名、所属 BuildingType 建筑 上下文和既有社区资料线索，它可能用于图像、动画、炮口坐标或 UI 表现，并可能涉及资源、矿石、回收或经济收益。取值格式仍按原 INI 资料或项目内实际用法确认。该说明仅作为 BuiltIn 宽松兜底，不能替代 ModEnc、Ares 或 Phobos 官方字段页。
Building,EngineerRepairAmount,Integer,Phobos,community-source-assisted-inferred-phobos-20260603,推断型字段：EngineerRepairAmount / Building 暂未完成官方逐条核验；根据字段名、所属 BuildingType 建筑 上下文和既有社区资料线索，它可能用于AI 行为、目标选择或威胁评估，并可能涉及生命值、护甲、伤害或修理倍率。通常按整数参数理解。该说明仅作为 BuiltIn 宽松兜底，不能替代 ModEnc、Ares 或 Phobos 官方字段页。
"Building,Vehicle",EVA.Sold,Text,Phobos,community-source-assisted-inferred-phobos-20260603,推断型字段：EVA.Sold / Building 暂未完成官方逐条核验；根据字段名、所属 BuildingType 建筑 上下文和既有社区资料线索，它可能用于声音、语音或 EVA 提示。取值格式仍按原 INI 资料或项目内实际用法确认。该说明仅作为 BuiltIn 宽松兜底，不能替代 ModEnc、Ares 或 Phobos 官方字段页。
Building,FactoryPlant.AllowTypes,Reference,Phobos,community-source-assisted-inferred-phobos-20260603,推断型字段：FactoryPlant.AllowTypes / Building 暂未完成官方逐条核验；根据字段名、所属 BuildingType 建筑 上下文和既有社区资料线索，它可能用于列表型条件、允许/禁止关系或筛选规则，并可能涉及建造条件、阵营可用性或生产经济。通常引用另一类 INI 对象或资源 ID。该说明仅作为 BuiltIn 宽松兜底，不能替代 ModEnc、Ares 或 Phobos 官方字段页。
Building,FactoryPlant.DisallowTypes,Reference,Phobos,community-source-assisted-inferred-phobos-20260603,推断型字段：FactoryPlant.DisallowTypes / Building 暂未完成官方逐条核验；根据字段名、所属 BuildingType 建筑 上下文和既有社区资料线索，它可能用于列表型条件、允许/禁止关系或筛选规则，并可能涉及建造条件、阵营可用性或生产经济。通常引用另一类 INI 对象或资源 ID。该说明仅作为 BuiltIn 宽松兜底，不能替代 ModEnc、Ares 或 Phobos 官方字段页。
Building,FactoryPlant.MaxCount,Integer,Phobos,community-source-assisted-inferred-phobos-20260603,推断型字段：FactoryPlant.MaxCount / Building 暂未完成官方逐条核验；根据字段名、所属 BuildingType 建筑 上下文和既有社区资料线索，它可能用于数值阈值、间隔、次数或概率参数，并可能涉及建造条件、阵营可用性或生产经济。通常按整数参数理解。该说明仅作为 BuiltIn 宽松兜底，不能替代 ModEnc、Ares 或 Phobos 官方字段页。
Building,Frames,Integer,Phobos,community-source-assisted-inferred-phobos-20260603,推断型字段：Frames / Building 暂未完成官方逐条核验；根据字段名、所属 BuildingType 建筑 上下文和既有社区资料线索，它可能用于图像、动画、炮口坐标或 UI 表现。通常按整数参数理解。该说明仅作为 BuiltIn 宽松兜底，不能替代 ModEnc、Ares 或 Phobos 官方字段页。
Building,Grinding.AllowTypes,Reference,Phobos,community-source-assisted-inferred-phobos-20260603,推断型字段：Grinding.AllowTypes / Building 暂未完成官方逐条核验；根据字段名、所属 BuildingType 建筑 上下文和既有社区资料线索，它可能用于列表型条件、允许/禁止关系或筛选规则，并可能涉及资源、矿石、回收或经济收益。通常引用另一类 INI 对象或资源 ID。该说明仅作为 BuiltIn 宽松兜底，不能替代 ModEnc、Ares 或 Phobos 官方字段页。
Building,Grinding.DisallowTypes,Reference,Phobos,community-source-assisted-inferred-phobos-20260603,推断型字段：Grinding.DisallowTypes / Building 暂未完成官方逐条核验；根据字段名、所属 BuildingType 建筑 上下文和既有社区资料线索，它可能用于列表型条件、允许/禁止关系或筛选规则，并可能涉及资源、矿石、回收或经济收益。通常引用另一类 INI 对象或资源 ID。该说明仅作为 BuiltIn 宽松兜底，不能替代 ModEnc、Ares 或 Phobos 官方字段页。
Building,Grinding.Sound,Reference,Phobos,community-source-assisted-inferred-phobos-20260603,推断型字段：Grinding.Sound / Building 暂未完成官方逐条核验；根据字段名、所属 BuildingType 建筑 上下文和既有社区资料线索，它可能用于声音、语音或 EVA 提示，并可能涉及资源、矿石、回收或经济收益。通常引用另一类 INI 对象或资源 ID。该说明仅作为 BuiltIn 宽松兜底，不能替代 ModEnc、Ares 或 Phobos 官方字段页。
Building,Grinding.Weapon.RequiredCredits,Integer,Phobos,community-source-assisted-inferred-phobos-20260603,推断型字段：Grinding.Weapon.RequiredCredits / Building 暂未完成官方逐条核验；根据字段名、所属 BuildingType 建筑 上下文和既有社区资料线索，它可能用于武器、开火或投射表现，并可能涉及建造条件、阵营可用性或生产经济。通常按整数参数理解。该说明仅作为 BuiltIn 宽松兜底，不能替代 ModEnc、Ares 或 Phobos 官方字段页。
Building,GroundFrames,Integer,Phobos,community-source-assisted-inferred-phobos-20260603,推断型字段：GroundFrames / Building 暂未完成官方逐条核验；根据字段名、所属 BuildingType 建筑 上下文和既有社区资料线索，它可能用于图像、动画、炮口坐标或 UI 表现。通常按整数参数理解。该说明仅作为 BuiltIn 宽松兜底，不能替代 ModEnc、Ares 或 Phobos 官方字段页。
Building,GroundOffset,Integer,Phobos,community-source-assisted-inferred-phobos-20260603,推断型字段：GroundOffset / Building 暂未完成官方逐条核验；根据字段名、所属 BuildingType 建筑 上下文和既有社区资料线索，它可能用于图像、动画、炮口坐标或 UI 表现。通常按整数参数理解。该说明仅作为 BuiltIn 宽松兜底，不能替代 ModEnc、Ares 或 Phobos 官方字段页。
Building,GroundPalette,Text,Phobos,community-source-assisted-inferred-phobos-20260603,推断型字段：GroundPalette / Building 暂未完成官方逐条核验；根据字段名、所属 BuildingType 建筑 上下文和既有社区资料线索，它可能用于图像、动画、炮口坐标或 UI 表现。取值格式仍按原 INI 资料或项目内实际用法确认。该说明仅作为 BuiltIn 宽松兜底，不能替代 ModEnc、Ares 或 Phobos 官方字段页。
Building,GroundShape,Text,Phobos,community-source-assisted-inferred-phobos-20260603,推断型字段：GroundShape / Building 暂未完成官方逐条核验；根据字段名、所属 BuildingType 建筑 上下文和既有社区资料线索，它可能用于图像、动画、炮口坐标或 UI 表现。取值格式仍按原 INI 资料或项目内实际用法确认。该说明仅作为 BuiltIn 宽松兜底，不能替代 ModEnc、Ares 或 Phobos 官方字段页。
Building,GuardRetryDelay,Integer,Phobos,community-source-assisted-inferred-phobos-20260603,推断型字段：GuardRetryDelay / Building 暂未完成官方逐条核验；根据字段名、所属 BuildingType 建筑 上下文和既有社区资料线索，它可能用于AI 行为、目标选择或威胁评估，并可能涉及数值阈值、间隔、次数或概率参数。通常按整数参数理解。该说明仅作为 BuiltIn 宽松兜底，不能替代 ModEnc、Ares 或 Phobos 官方字段页。
Building,HarvesterCounter.ConditionRed,Integer,Phobos,community-source-assisted-inferred-phobos-20260603,推断型字段：HarvesterCounter.ConditionRed / Building 暂未完成官方逐条核验；根据字段名、所属 BuildingType 建筑 上下文和既有社区资料线索，它可能用于建造条件、阵营可用性或生产经济，并可能涉及超级武器或特殊效果逻辑。通常按整数参数理解。该说明仅作为 BuiltIn 宽松兜底，不能替代 ModEnc、Ares 或 Phobos 官方字段页。
Building,HarvesterCounter.ConditionYellow,Integer,Phobos,community-source-assisted-inferred-phobos-20260603,推断型字段：HarvesterCounter.ConditionYellow / Building 暂未完成官方逐条核验；根据字段名、所属 BuildingType 建筑 上下文和既有社区资料线索，它可能用于超级武器或特殊效果逻辑，并可能涉及资源、矿石、回收或经济收益。通常按整数参数理解。该说明仅作为 BuiltIn 宽松兜底，不能替代 ModEnc、Ares 或 Phobos 官方字段页。
Building,InitialStrength.Cloning,Integer,Phobos,community-source-assisted-inferred-phobos-20260603,推断型字段：InitialStrength.Cloning / Building 暂未完成官方逐条核验；根据字段名、所属 BuildingType 建筑 上下文和既有社区资料线索，它可能用于生命值、护甲、伤害或修理倍率。通常按整数参数理解。该说明仅作为 BuiltIn 宽松兜底，不能替代 ModEnc、Ares 或 Phobos 官方字段页。
Building,MissingCameo,Text,Phobos,community-source-assisted-inferred-phobos-20260603,推断型字段：MissingCameo / Building 暂未完成官方逐条核验；根据字段名、所属 BuildingType 建筑 上下文和既有社区资料线索，它可能用于图像、动画、炮口坐标或 UI 表现。取值格式仍按原 INI 资料或项目内实际用法确认。该说明仅作为 BuiltIn 宽松兜底，不能替代 ModEnc、Ares 或 Phobos 官方字段页。
Building,OccupyDamageMultiplier,Integer,Phobos,community-source-assisted-inferred-phobos-20260603,推断型字段：OccupyDamageMultiplier / Building 暂未完成官方逐条核验；根据字段名、所属 BuildingType 建筑 上下文和既有社区资料线索，它可能用于生命值、护甲、伤害或修理倍率。通常按整数参数理解。该说明仅作为 BuiltIn 宽松兜底，不能替代 ModEnc、Ares 或 Phobos 官方字段页。
Building,OccupyROFMultiplier,Integer,Phobos,community-source-assisted-inferred-phobos-20260603,推断型字段：OccupyROFMultiplier / Building 暂未完成官方逐条核验；根据字段名、所属 BuildingType 建筑 上下文和既有社区资料线索，它可能用于武器、开火或投射表现，并可能涉及生命值、护甲、伤害或修理倍率。通常按整数参数理解。该说明仅作为 BuiltIn 宽松兜底，不能替代 ModEnc、Ares 或 Phobos 官方字段页。
Building,Offset,Integer,Phobos,community-source-assisted-inferred-phobos-20260603,推断型字段：Offset / Building 暂未完成官方逐条核验；根据字段名、所属 BuildingType 建筑 上下文和既有社区资料线索，它可能用于图像、动画、炮口坐标或 UI 表现。通常按整数参数理解。该说明仅作为 BuiltIn 宽松兜底，不能替代 ModEnc、Ares 或 Phobos 官方字段页。
Building,Overpower.ChargeWeapon,Integer,Phobos,community-source-assisted-inferred-phobos-20260603,推断型字段：Overpower.ChargeWeapon / Building 暂未完成官方逐条核验；根据字段名、所属 BuildingType 建筑 上下文和既有社区资料线索，它可能用于武器、开火或投射表现，并可能涉及建造条件、阵营可用性或生产经济。通常按整数参数理解。该说明仅作为 BuiltIn 宽松兜底，不能替代 ModEnc、Ares 或 Phobos 官方字段页。
Building,Overpower.KeepOnline,Integer,Phobos,community-source-assisted-inferred-phobos-20260603,推断型字段：Overpower.KeepOnline / Building 暂未完成官方逐条核验；根据字段名、所属 BuildingType 建筑 上下文和既有社区资料线索，它可能用于建造条件、阵营可用性或生产经济。通常按整数参数理解。该说明仅作为 BuiltIn 宽松兜底，不能替代 ModEnc、Ares 或 Phobos 官方字段页。
Building,Palette,Text,Phobos,community-source-assisted-inferred-phobos-20260603,推断型字段：Palette / Building 暂未完成官方逐条核验；根据字段名、所属 BuildingType 建筑 上下文和既有社区资料线索，它可能用于图像、动画、炮口坐标或 UI 表现。取值格式仍按原 INI 资料或项目内实际用法确认。该说明仅作为 BuiltIn 宽松兜底，不能替代 ModEnc、Ares 或 Phobos 官方字段页。
Building,PlacementPreview.Offset,Integer,Phobos,community-source-assisted-inferred-phobos-20260603,推断型字段：PlacementPreview.Offset / Building 暂未完成官方逐条核验；根据字段名、所属 BuildingType 建筑 上下文和既有社区资料线索，它可能用于图像、动画、炮口坐标或 UI 表现。通常按整数参数理解。该说明仅作为 BuiltIn 宽松兜底，不能替代 ModEnc、Ares 或 Phobos 官方字段页。
Building,PlacementPreview.Palette,Text,Phobos,community-source-assisted-inferred-phobos-20260603,推断型字段：PlacementPreview.Palette / Building 暂未完成官方逐条核验；根据字段名、所属 BuildingType 建筑 上下文和既有社区资料线索，它可能用于图像、动画、炮口坐标或 UI 表现。取值格式仍按原 INI 资料或项目内实际用法确认。该说明仅作为 BuiltIn 宽松兜底，不能替代 ModEnc、Ares 或 Phobos 官方字段页。
Building,PlacementPreview.Remap,Boolean,Phobos,community-source-assisted-inferred-phobos-20260603,推断型字段：PlacementPreview.Remap / Building 暂未完成官方逐条核验；根据字段名、所属 BuildingType 建筑 上下文和既有社区资料线索，它可能用于对象行为、显示或引擎内部规则。通常按 yes/no 布尔值理解。该说明仅作为 BuiltIn 宽松兜底，不能替代 ModEnc、Ares 或 Phobos 官方字段页。
Building,PlacementPreview.Shape,Text,Phobos,community-source-assisted-inferred-phobos-20260603,推断型字段：PlacementPreview.Shape / Building 暂未完成官方逐条核验；根据字段名、所属 BuildingType 建筑 上下文和既有社区资料线索，它可能用于图像、动画、炮口坐标或 UI 表现。取值格式仍按原 INI 资料或项目内实际用法确认。该说明仅作为 BuiltIn 宽松兜底，不能替代 ModEnc、Ares 或 Phobos 官方字段页。
Building,PlacementPreview.ShapeFrame,Integer,Phobos,community-source-assisted-inferred-phobos-20260603,推断型字段：PlacementPreview.ShapeFrame / Building 暂未完成官方逐条核验；根据字段名、所属 BuildingType 建筑 上下文和既有社区资料线索，它可能用于图像、动画、炮口坐标或 UI 表现。通常按整数参数理解。该说明仅作为 BuiltIn 宽松兜底，不能替代 ModEnc、Ares 或 Phobos 官方字段页。
Building,PlacementPreview.Translucency,Text,Phobos,community-source-assisted-inferred-phobos-20260603,推断型字段：PlacementPreview.Translucency / Building 暂未完成官方逐条核验；根据字段名、所属 BuildingType 建筑 上下文和既有社区资料线索，它可能用于对象行为、显示或引擎内部规则。取值格式仍按原 INI 资料或项目内实际用法确认。该说明仅作为 BuiltIn 宽松兜底，不能替代 ModEnc、Ares 或 Phobos 官方字段页。
Building,PowerPlant.DamageFactor,Integer,Phobos,community-source-assisted-inferred-phobos-20260603,推断型字段：PowerPlant.DamageFactor / Building 暂未完成官方逐条核验；根据字段名、所属 BuildingType 建筑 上下文和既有社区资料线索，它可能用于建造条件、阵营可用性或生产经济，并可能涉及生命值、护甲、伤害或修理倍率。通常按整数参数理解。该说明仅作为 BuiltIn 宽松兜底，不能替代 ModEnc、Ares 或 Phobos 官方字段页。
Building,PowerPlantEnhancer.Amount,Integer,Phobos,community-source-assisted-inferred-phobos-20260603,推断型字段：PowerPlantEnhancer.Amount / Building 暂未完成官方逐条核验；根据字段名、所属 BuildingType 建筑 上下文和既有社区资料线索，它可能用于建造条件、阵营可用性或生产经济，并可能涉及数值阈值、间隔、次数或概率参数。通常按整数参数理解。该说明仅作为 BuiltIn 宽松兜底，不能替代 ModEnc、Ares 或 Phobos 官方字段页。
Building,PowerPlantEnhancer.Factor,Integer,Phobos,community-source-assisted-inferred-phobos-20260603,推断型字段：PowerPlantEnhancer.Factor / Building 暂未完成官方逐条核验；根据字段名、所属 BuildingType 建筑 上下文和既有社区资料线索，它可能用于建造条件、阵营可用性或生产经济。通常按整数参数理解。该说明仅作为 BuiltIn 宽松兜底，不能替代 ModEnc、Ares 或 Phobos 官方字段页。
Building,PowerPlantEnhancer.MaxCount,Integer,Phobos,community-source-assisted-inferred-phobos-20260603,推断型字段：PowerPlantEnhancer.MaxCount / Building 暂未完成官方逐条核验；根据字段名、所属 BuildingType 建筑 上下文和既有社区资料线索，它可能用于数值阈值、间隔、次数或概率参数，并可能涉及建造条件、阵营可用性或生产经济。通常按整数参数理解。该说明仅作为 BuiltIn 宽松兜底，不能替代 ModEnc、Ares 或 Phobos 官方字段页。
Building,PowerPlantEnhancer.PowerPlants,Reference,Phobos,community-source-assisted-inferred-phobos-20260603,推断型字段：PowerPlantEnhancer.PowerPlants / Building 暂未完成官方逐条核验；根据字段名、所属 BuildingType 建筑 上下文和既有社区资料线索，它可能用于建造条件、阵营可用性或生产经济。通常引用另一类 INI 对象或资源 ID。该说明仅作为 BuiltIn 宽松兜底，不能替代 ModEnc、Ares 或 Phobos 官方字段页。
Building,PowerPlantEnhancer.Range,Integer,Phobos,community-source-assisted-inferred-phobos-20260603,推断型字段：PowerPlantEnhancer.Range / Building 暂未完成官方逐条核验；根据字段名、所属 BuildingType 建筑 上下文和既有社区资料线索，它可能用于建造条件、阵营可用性或生产经济，并可能涉及武器、开火或投射表现。通常按整数参数理解。该说明仅作为 BuiltIn 宽松兜底，不能替代 ModEnc、Ares 或 Phobos 官方字段页。
Building,PronePrimaryFireFLH,Integer,Phobos,community-source-assisted-inferred-phobos-20260603,推断型字段：PronePrimaryFireFLH / Building 暂未完成官方逐条核验；根据字段名、所属 BuildingType 建筑 上下文和既有社区资料线索，它可能用于武器、开火或投射表现，并可能涉及图像、动画、炮口坐标或 UI 表现。通常按整数参数理解。该说明仅作为 BuiltIn 宽松兜底，不能替代 ModEnc、Ares 或 Phobos 官方字段页。
Building,ProneSecondaryFireFLH,Integer,Phobos,community-source-assisted-inferred-phobos-20260603,推断型字段：ProneSecondaryFireFLH / Building 暂未完成官方逐条核验；根据字段名、所属 BuildingType 建筑 上下文和既有社区资料线索，它可能用于武器、开火或投射表现，并可能涉及图像、动画、炮口坐标或 UI 表现。通常按整数参数理解。该说明仅作为 BuiltIn 宽松兜底，不能替代 ModEnc、Ares 或 Phobos 官方字段页。
Building,SellBuildupLength,Integer,Phobos,community-source-assisted-inferred-phobos-20260603,推断型字段：SellBuildupLength / Building 暂未完成官方逐条核验；根据字段名、所属 BuildingType 建筑 上下文和既有社区资料线索，它可能用于建造条件、阵营可用性或生产经济，并可能涉及图像、动画、炮口坐标或 UI 表现。通常按整数参数理解。该说明仅作为 BuiltIn 宽松兜底，不能替代 ModEnc、Ares 或 Phobos 官方字段页。
"Building,Vehicle",SellSound,Reference,Phobos,community-source-assisted-inferred-phobos-20260603,推断型字段：SellSound / Building 暂未完成官方逐条核验；根据字段名、所属 BuildingType 建筑 上下文和既有社区资料线索，它可能用于声音、语音或 EVA 提示。通常引用另一类 INI 对象或资源 ID。该说明仅作为 BuiltIn 宽松兜底，不能替代 ModEnc、Ares 或 Phobos 官方字段页。
Building,Shape,Text,Phobos,community-source-assisted-inferred-phobos-20260603,推断型字段：Shape / Building 暂未完成官方逐条核验；根据字段名、所属 BuildingType 建筑 上下文和既有社区资料线索，它可能用于图像、动画、炮口坐标或 UI 表现。取值格式仍按原 INI 资料或项目内实际用法确认。该说明仅作为 BuiltIn 宽松兜底，不能替代 ModEnc、Ares 或 Phobos 官方字段页。
Building,SlavesFreeSound,Reference,Phobos,community-source-assisted-inferred-phobos-20260603,推断型字段：SlavesFreeSound / Building 暂未完成官方逐条核验；根据字段名、所属 BuildingType 建筑 上下文和既有社区资料线索，它可能用于声音、语音或 EVA 提示。通常引用另一类 INI 对象或资源 ID。该说明仅作为 BuiltIn 宽松兜底，不能替代 ModEnc、Ares 或 Phobos 官方字段页。
Building,SpyEffect.InfiltratorSuperWeapon,Reference,Phobos,community-source-assisted-inferred-phobos-20260603,推断型字段：SpyEffect.InfiltratorSuperWeapon / Building 暂未完成官方逐条核验；根据字段名、所属 BuildingType 建筑 上下文和既有社区资料线索，它可能用于武器、开火或投射表现，并可能涉及超级武器或特殊效果逻辑。通常引用另一类 INI 对象或资源 ID。该说明仅作为 BuiltIn 宽松兜底，不能替代 ModEnc、Ares 或 Phobos 官方字段页。
Building,SpyEffect.VictimSuperWeapon,Reference,Phobos,community-source-assisted-inferred-phobos-20260603,推断型字段：SpyEffect.VictimSuperWeapon / Building 暂未完成官方逐条核验；根据字段名、所属 BuildingType 建筑 上下文和既有社区资料线索，它可能用于武器、开火或投射表现，并可能涉及超级武器或特殊效果逻辑。通常引用另一类 INI 对象或资源 ID。该说明仅作为 BuiltIn 宽松兜底，不能替代 ModEnc、Ares 或 Phobos 官方字段页。
Building,Translucency,Text,Phobos,community-source-assisted-inferred-phobos-20260603,推断型字段：Translucency / Building 暂未完成官方逐条核验；根据字段名、所属 BuildingType 建筑 上下文和既有社区资料线索，它可能用于对象行为、显示或引擎内部规则。取值格式仍按原 INI 资料或项目内实际用法确认。该说明仅作为 BuiltIn 宽松兜底，不能替代 ModEnc、Ares 或 Phobos 官方字段页。
Building,Units.RepairPercent,Integer,Phobos,community-source-assisted-inferred-phobos-20260603,推断型字段：Units.RepairPercent / Building 暂未完成官方逐条核验；根据字段名、所属 BuildingType 建筑 上下文和既有社区资料线索，它可能用于AI 行为、目标选择或威胁评估，并可能涉及生命值、护甲、伤害或修理倍率。通常按整数参数理解。该说明仅作为 BuiltIn 宽松兜底，不能替代 ModEnc、Ares 或 Phobos 官方字段页。
Building,Units.RepairRate,Integer,Phobos,community-source-assisted-inferred-phobos-20260603,推断型字段：Units.RepairRate / Building 暂未完成官方逐条核验；根据字段名、所属 BuildingType 建筑 上下文和既有社区资料线索，它可能用于AI 行为、目标选择或威胁评估，并可能涉及生命值、护甲、伤害或修理倍率。通常按整数参数理解。该说明仅作为 BuiltIn 宽松兜底，不能替代 ModEnc、Ares 或 Phobos 官方字段页。
Building,Units.RepairStep,Integer,Phobos,community-source-assisted-inferred-phobos-20260603,推断型字段：Units.RepairStep / Building 暂未完成官方逐条核验；根据字段名、所属 BuildingType 建筑 上下文和既有社区资料线索，它可能用于AI 行为、目标选择或威胁评估，并可能涉及生命值、护甲、伤害或修理倍率。通常按整数参数理解。该说明仅作为 BuiltIn 宽松兜底，不能替代 ModEnc、Ares 或 Phobos 官方字段页。
Building,VisibleToHouses,Enum,Phobos,community-source-assisted-inferred-phobos-20260603,推断型字段：VisibleToHouses / Building 暂未完成官方逐条核验；根据字段名、所属 BuildingType 建筑 上下文和既有社区资料线索，它可能用于建造条件、阵营可用性或生产经济，并可能涉及移动、寻路、部署或运动限制。通常按固定枚举值理解。该说明仅作为 BuiltIn 宽松兜底，不能替代 ModEnc、Ares 或 Phobos 官方字段页。
Country,File.Flag,Text,Ares,community-reference-inferred-ares-20260603,推断型字段：File.Flag / Country 暂未完成官方逐条核验；根据字段名、所属 Country/House 国家配置 上下文和既有社区资料线索，它可能用于对象行为、显示或引擎内部规则。取值格式仍按原 INI 资料或项目内实际用法确认。该说明仅作为 BuiltIn 宽松兜底，不能替代 ModEnc、Ares 或 Phobos 官方字段页。
Country,File.LoadScreen,Text,Ares,community-reference-inferred-ares-20260603,推断型字段：File.LoadScreen / Country 暂未完成官方逐条核验；根据字段名、所属 Country/House 国家配置 上下文和既有社区资料线索，它可能用于部署、运输、乘员或形态切换。取值格式仍按原 INI 资料或项目内实际用法确认。该说明仅作为 BuiltIn 宽松兜底，不能替代 ModEnc、Ares 或 Phobos 官方字段页。
Country,File.LoadScreenPAL,Text,Ares,community-reference-inferred-ares-20260603,推断型字段：File.LoadScreenPAL / Country 暂未完成官方逐条核验；根据字段名、所属 Country/House 国家配置 上下文和既有社区资料线索，它可能用于部署、运输、乘员或形态切换，并可能涉及图像、动画、炮口坐标或 UI 表现。取值格式仍按原 INI 资料或项目内实际用法确认。该说明仅作为 BuiltIn 宽松兜底，不能替代 ModEnc、Ares 或 Phobos 官方字段页。
Country,File.Taunt,Text,Ares,community-reference-inferred-ares-20260603,推断型字段：File.Taunt / Country 暂未完成官方逐条核验；根据字段名、所属 Country/House 国家配置 上下文和既有社区资料线索，它可能用于声音、语音或 EVA 提示。取值格式仍按原 INI 资料或项目内实际用法确认。该说明仅作为 BuiltIn 宽松兜底，不能替代 ModEnc、Ares 或 Phobos 官方字段页。
Country,ListIndex,Integer,Ares,community-reference-inferred-ares-20260603,推断型字段：ListIndex / Country 暂未完成官方逐条核验；根据字段名、所属 Country/House 国家配置 上下文和既有社区资料线索，它可能用于列表型条件、允许/禁止关系或筛选规则。通常按整数参数理解。该说明仅作为 BuiltIn 宽松兜底，不能替代 ModEnc、Ares 或 Phobos 官方字段页。
Country,LoadScreenText.Brief,Reference,Ares,community-reference-inferred-ares-20260603,推断型字段：LoadScreenText.Brief / Country 暂未完成官方逐条核验；根据字段名、所属 Country/House 国家配置 上下文和既有社区资料线索，它可能用于部署、运输、乘员或形态切换。通常引用另一类 INI 对象或资源 ID。该说明仅作为 BuiltIn 宽松兜底，不能替代 ModEnc、Ares 或 Phobos 官方字段页。
Country,LoadScreenText.Color,Text,Ares,community-reference-inferred-ares-20260603,推断型字段：LoadScreenText.Color / Country 暂未完成官方逐条核验；根据字段名、所属 Country/House 国家配置 上下文和既有社区资料线索，它可能用于部署、运输、乘员或形态切换，并可能涉及颜色、光照或视觉着色。取值格式仍按原 INI 资料或项目内实际用法确认。该说明仅作为 BuiltIn 宽松兜底，不能替代 ModEnc、Ares 或 Phobos 官方字段页。
Country,LoadScreenText.Name,Reference,Ares,community-reference-inferred-ares-20260603,推断型字段：LoadScreenText.Name / Country 暂未完成官方逐条核验；根据字段名、所属 Country/House 国家配置 上下文和既有社区资料线索，它可能用于部署、运输、乘员或形态切换。通常引用另一类 INI 对象或资源 ID。该说明仅作为 BuiltIn 宽松兜底，不能替代 ModEnc、Ares 或 Phobos 官方字段页。
Country,LoadScreenText.SpecialName,Reference,Ares,community-reference-inferred-ares-20260603,推断型字段：LoadScreenText.SpecialName / Country 暂未完成官方逐条核验；根据字段名、所属 Country/House 国家配置 上下文和既有社区资料线索，它可能用于部署、运输、乘员或形态切换。通常引用另一类 INI 对象或资源 ID。该说明仅作为 BuiltIn 宽松兜底，不能替代 ModEnc、Ares 或 Phobos 官方字段页。
Country,MenuText.Status,Reference,Ares,community-reference-inferred-ares-20260603,推断型字段：MenuText.Status / Country 暂未完成官方逐条核验；根据字段名、所属 Country/House 国家配置 上下文和既有社区资料线索，它可能用于对象行为、显示或引擎内部规则。通常引用另一类 INI 对象或资源 ID。该说明仅作为 BuiltIn 宽松兜底，不能替代 ModEnc、Ares 或 Phobos 官方字段页。
Country,RandomSelectionWeight,Integer,Ares,community-reference-inferred-ares-20260603,推断型字段：RandomSelectionWeight / Country 暂未完成官方逐条核验；根据字段名、所属 Country/House 国家配置 上下文和既有社区资料线索，它可能用于超级武器或特殊效果逻辑。通常按整数参数理解。该说明仅作为 BuiltIn 宽松兜底，不能替代 ModEnc、Ares 或 Phobos 官方字段页。
Eva,Allied,Text,Yuri,community-reference-inferred-yuri-20260603,推断型字段：Allied / Eva 暂未完成官方逐条核验；根据字段名、所属 EVA 事件 上下文和既有社区资料线索，它可能用于对象行为、显示或引擎内部规则。取值格式仍按原 INI 资料或项目内实际用法确认。该说明仅作为 BuiltIn 宽松兜底，不能替代 ModEnc、Ares 或 Phobos 官方字段页。
Eva,Priority,Text,Yuri,community-reference-inferred-yuri-20260603,推断型字段：Priority / Eva 暂未完成官方逐条核验；根据字段名、所属 EVA 事件 上下文和既有社区资料线索，它可能用于对象行为、显示或引擎内部规则。取值格式仍按原 INI 资料或项目内实际用法确认。该说明仅作为 BuiltIn 宽松兜底，不能替代 ModEnc、Ares 或 Phobos 官方字段页。
Eva,Russian,Text,Yuri,community-reference-inferred-yuri-20260603,推断型字段：Russian / Eva 暂未完成官方逐条核验；根据字段名、所属 EVA 事件 上下文和既有社区资料线索，它可能用于对象行为、显示或引擎内部规则。取值格式仍按原 INI 资料或项目内实际用法确认。该说明仅作为 BuiltIn 宽松兜底，不能替代 ModEnc、Ares 或 Phobos 官方字段页。
Eva,Text,Text,Yuri,community-reference-inferred-yuri-20260603,推断型字段：Text / Eva 暂未完成官方逐条核验；根据字段名、所属 EVA 事件 上下文和既有社区资料线索，它可能用于对象行为、显示或引擎内部规则。取值格式仍按原 INI 资料或项目内实际用法确认。该说明仅作为 BuiltIn 宽松兜底，不能替代 ModEnc、Ares 或 Phobos 官方字段页。
Eva,Type,Text,Yuri,community-reference-inferred-yuri-20260603,推断型字段：Type / Eva 暂未完成官方逐条核验；根据字段名、所属 EVA 事件 上下文和既有社区资料线索，它可能用于对象行为、显示或引擎内部规则。取值格式仍按原 INI 资料或项目内实际用法确认。该说明仅作为 BuiltIn 宽松兜底，不能替代 ModEnc、Ares 或 Phobos 官方字段页。
Eva,Yuri,Text,Yuri,community-reference-inferred-yuri-20260603,推断型字段：Yuri / Eva 暂未完成官方逐条核验；根据字段名、所属 EVA 事件 上下文和既有社区资料线索，它可能用于对象行为、显示或引擎内部规则。取值格式仍按原 INI 资料或项目内实际用法确认。该说明仅作为 BuiltIn 宽松兜底，不能替代 ModEnc、Ares 或 Phobos 官方字段页。
Global,AdjacentWallDamage,Integer,Phobos,name-inferred-phobos-20260603,推断型字段：AdjacentWallDamage / Global 暂未完成官方逐条核验；根据字段名、所属 全局配置 上下文和既有社区资料线索，它可能用于建造条件、阵营可用性或生产经济，并可能涉及生命值、护甲、伤害或修理倍率。通常按整数参数理解。该说明仅作为 BuiltIn 宽松兜底，不能替代 ModEnc、Ares 或 Phobos 官方字段页。
Global,AircraftLevelLightMultiplier,Integer,Phobos,name-inferred-phobos-20260603,推断型字段：AircraftLevelLightMultiplier / Global 暂未完成官方逐条核验；根据字段名、所属 全局配置 上下文和既有社区资料线索，它可能用于AI 行为、目标选择或威胁评估，并可能涉及建造条件、阵营可用性或生产经济。通常按整数参数理解。该说明仅作为 BuiltIn 宽松兜底，不能替代 ModEnc、Ares 或 Phobos 官方字段页。
Global,AnimRemapDefaultColorScheme,Text,Phobos,community-reference-inferred-phobos-20260603,推断型字段：AnimRemapDefaultColorScheme / Global 暂未完成官方逐条核验；根据字段名、所属 全局配置 上下文和既有社区资料线索，它可能用于图像、动画、炮口坐标或 UI 表现，并可能涉及颜色、光照或视觉着色。取值格式仍按原 INI 资料或项目内实际用法确认。该说明仅作为 BuiltIn 宽松兜底，不能替代 ModEnc、Ares 或 Phobos 官方字段页。
Global,ArtImageSwap,Text,Phobos,name-inferred-phobos-20260603,推断型字段：ArtImageSwap / Global 暂未完成官方逐条核验；根据字段名、所属 全局配置 上下文和既有社区资料线索，它可能用于图像、动画、炮口坐标或 UI 表现，并可能涉及超级武器或特殊效果逻辑。取值格式仍按原 INI 资料或项目内实际用法确认。该说明仅作为 BuiltIn 宽松兜底，不能替代 ModEnc、Ares 或 Phobos 官方字段页。
Global,AttachedParticleSystem,Text,Yuri,name-inferred-yuri-20260603,推断型字段：AttachedParticleSystem / Global 暂未完成官方逐条核验；根据字段名、所属 全局配置 上下文和既有社区资料线索，它可能用于对象行为、显示或引擎内部规则。取值格式仍按原 INI 资料或项目内实际用法确认。该说明仅作为 BuiltIn 宽松兜底，不能替代 ModEnc、Ares 或 Phobos 官方字段页。
Global,BalloonHoverDampen,Text,Yuri,name-inferred-yuri-20260603,推断型字段：BalloonHoverDampen / Global 暂未完成官方逐条核验；根据字段名、所属 全局配置 上下文和既有社区资料线索，它可能用于移动、寻路、部署或运动限制。取值格式仍按原 INI 资料或项目内实际用法确认。该说明仅作为 BuiltIn 宽松兜底，不能替代 ModEnc、Ares 或 Phobos 官方字段页。
Global,ChronoSparkleBuildingDisplayPositions,MultiSelect,Phobos,name-inferred-phobos-20260603,推断型字段：ChronoSparkleBuildingDisplayPositions / Global 暂未完成官方逐条核验；根据字段名、所属 全局配置 上下文和既有社区资料线索，它可能用于超级武器或特殊效果逻辑，并可能涉及建造条件、阵营可用性或生产经济。通常按逗号分隔的枚举/列表值理解。该说明仅作为 BuiltIn 宽松兜底，不能替代 ModEnc、Ares 或 Phobos 官方字段页。
Global,ChronoSparkleDisplayDelay,Integer,Phobos,name-inferred-phobos-20260603,推断型字段：ChronoSparkleDisplayDelay / Global 暂未完成官方逐条核验；根据字段名、所属 全局配置 上下文和既有社区资料线索，它可能用于图像、动画、炮口坐标或 UI 表现，并可能涉及超级武器或特殊效果逻辑。通常按整数参数理解。该说明仅作为 BuiltIn 宽松兜底，不能替代 ModEnc、Ares 或 Phobos 官方字段页。
Global,DarkGreen,Text,Yuri,community-reference-inferred-yuri-20260603,推断型字段：DarkGreen / Global 暂未完成官方逐条核验；根据字段名、所属 全局配置 上下文和既有社区资料线索，它可能用于颜色、光照或视觉着色。取值格式仍按原 INI 资料或项目内实际用法确认。该说明仅作为 BuiltIn 宽松兜底，不能替代 ModEnc、Ares 或 Phobos 官方字段页。
Global,DarkSky,Text,Yuri,community-reference-inferred-yuri-20260603,推断型字段：DarkSky / Global 暂未完成官方逐条核验；根据字段名、所属 全局配置 上下文和既有社区资料线索，它可能用于对象行为、显示或引擎内部规则。取值格式仍按原 INI 资料或项目内实际用法确认。该说明仅作为 BuiltIn 宽松兜底，不能替代 ModEnc、Ares 或 Phobos 官方字段页。
Global,DefaultLS640BkgdName,Text,Phobos,community-reference-inferred-phobos-20260603,推断型字段：DefaultLS640BkgdName / Global 暂未完成官方逐条核验；根据字段名、所属 全局配置 上下文和既有社区资料线索，它可能用于对象行为、显示或引擎内部规则。取值格式仍按原 INI 资料或项目内实际用法确认。该说明仅作为 BuiltIn 宽松兜底，不能替代 ModEnc、Ares 或 Phobos 官方字段页。
Global,DefaultLS640BriefLocX,Integer,Phobos,community-reference-inferred-phobos-20260603,推断型字段：DefaultLS640BriefLocX / Global 暂未完成官方逐条核验；根据字段名、所属 全局配置 上下文和既有社区资料线索，它可能用于移动、寻路、部署或运动限制，并可能涉及图像、动画、炮口坐标或 UI 表现。通常按整数参数理解。该说明仅作为 BuiltIn 宽松兜底，不能替代 ModEnc、Ares 或 Phobos 官方字段页。
Global,DefaultLS640BriefLocY,Integer,Phobos,community-reference-inferred-phobos-20260603,推断型字段：DefaultLS640BriefLocY / Global 暂未完成官方逐条核验；根据字段名、所属 全局配置 上下文和既有社区资料线索，它可能用于武器、开火或投射表现，并可能涉及部署、运输、乘员或形态切换。通常按整数参数理解。该说明仅作为 BuiltIn 宽松兜底，不能替代 ModEnc、Ares 或 Phobos 官方字段页。
Global,DefaultLS800BkgdName,Text,Phobos,community-reference-inferred-phobos-20260603,推断型字段：DefaultLS800BkgdName / Global 暂未完成官方逐条核验；根据字段名、所属 全局配置 上下文和既有社区资料线索，它可能用于对象行为、显示或引擎内部规则。取值格式仍按原 INI 资料或项目内实际用法确认。该说明仅作为 BuiltIn 宽松兜底，不能替代 ModEnc、Ares 或 Phobos 官方字段页。
Global,DefaultLS800BkgdPal,Text,Phobos,community-reference-inferred-phobos-20260603,推断型字段：DefaultLS800BkgdPal / Global 暂未完成官方逐条核验；根据字段名、所属 全局配置 上下文和既有社区资料线索，它可能用于图像、动画、炮口坐标或 UI 表现。取值格式仍按原 INI 资料或项目内实际用法确认。该说明仅作为 BuiltIn 宽松兜底，不能替代 ModEnc、Ares 或 Phobos 官方字段页。
Global,DefaultLS800BriefLocX,Integer,Phobos,community-reference-inferred-phobos-20260603,推断型字段：DefaultLS800BriefLocX / Global 暂未完成官方逐条核验；根据字段名、所属 全局配置 上下文和既有社区资料线索，它可能用于移动、寻路、部署或运动限制，并可能涉及图像、动画、炮口坐标或 UI 表现。通常按整数参数理解。该说明仅作为 BuiltIn 宽松兜底，不能替代 ModEnc、Ares 或 Phobos 官方字段页。
Global,DefaultLS800BriefLocY,Integer,Phobos,community-reference-inferred-phobos-20260603,推断型字段：DefaultLS800BriefLocY / Global 暂未完成官方逐条核验；根据字段名、所属 全局配置 上下文和既有社区资料线索，它可能用于武器、开火或投射表现，并可能涉及部署、运输、乘员或形态切换。通常按整数参数理解。该说明仅作为 BuiltIn 宽松兜底，不能替代 ModEnc、Ares 或 Phobos 官方字段页。
Global,FreeMCV.CreditsThreshold,Integer,Phobos,community-source-assisted-inferred-phobos-20260603,推断型字段：FreeMCV.CreditsThreshold / Global 暂未完成官方逐条核验；根据字段名、所属 全局配置 上下文和既有社区资料线索，它可能用于颜色、光照或视觉着色。通常按整数参数理解。该说明仅作为 BuiltIn 宽松兜底，不能替代 ModEnc、Ares 或 Phobos 官方字段页。
Global,Gold,Text,Yuri,community-reference-inferred-yuri-20260603,推断型字段：Gold / Global 暂未完成官方逐条核验；根据字段名、所属 全局配置 上下文和既有社区资料线索，它可能用于对象行为、显示或引擎内部规则。取值格式仍按原 INI 资料或项目内实际用法确认。该说明仅作为 BuiltIn 宽松兜底，不能替代 ModEnc、Ares 或 Phobos 官方字段页。
Global,Green,Text,Yuri,community-reference-inferred-yuri-20260603,推断型字段：Green / Global 暂未完成官方逐条核验；根据字段名、所属 全局配置 上下文和既有社区资料线索，它可能用于颜色、光照或视觉着色。取值格式仍按原 INI 资料或项目内实际用法确认。该说明仅作为 BuiltIn 宽松兜底，不能替代 ModEnc、Ares 或 Phobos 官方字段页。
Global,IsSelectableCombatant,Text,Yuri,community-reference-inferred-yuri-20260603,推断型字段：IsSelectableCombatant / Global 暂未完成官方逐条核验；根据字段名、所属 全局配置 上下文和既有社区资料线索，它可能用于侦察、雷达、隐形或伪装，并可能涉及列表型条件、允许/禁止关系或筛选规则。取值格式仍按原 INI 资料或项目内实际用法确认。该说明仅作为 BuiltIn 宽松兜底，不能替代 ModEnc、Ares 或 Phobos 官方字段页。
Global,JumpjetLevelLightMultiplier,Integer,Phobos,name-inferred-phobos-20260603,推断型字段：JumpjetLevelLightMultiplier / Global 暂未完成官方逐条核验；根据字段名、所属 全局配置 上下文和既有社区资料线索，它可能用于建造条件、阵营可用性或生产经济，并可能涉及生命值、护甲、伤害或修理倍率。通常按整数参数理解。该说明仅作为 BuiltIn 宽松兜底，不能替代 ModEnc、Ares 或 Phobos 官方字段页。
Global,MetallicDebris,Text,Yuri,name-inferred-yuri-20260603,推断型字段：MetallicDebris / Global 暂未完成官方逐条核验；根据字段名、所属 全局配置 上下文和既有社区资料线索，它可能用于对象行为、显示或引擎内部规则。取值格式仍按原 INI 资料或项目内实际用法确认。该说明仅作为 BuiltIn 宽松兜底，不能替代 ModEnc、Ares 或 Phobos 官方字段页。
Global,PreventAutoDeploy,Text,Yuri,community-reference-inferred-yuri-20260603,推断型字段：PreventAutoDeploy / Global 暂未完成官方逐条核验；根据字段名、所属 全局配置 上下文和既有社区资料线索，它可能用于部署、运输、乘员或形态切换。取值格式仍按原 INI 资料或项目内实际用法确认。该说明仅作为 BuiltIn 宽松兜底，不能替代 ModEnc、Ares 或 Phobos 官方字段页。
Global,PsychicRevealRadius,Text,Yuri,name-inferred-yuri-20260603,推断型字段：PsychicRevealRadius / Global 暂未完成官方逐条核验；根据字段名、所属 全局配置 上下文和既有社区资料线索，它可能用于侦察、雷达、隐形或伪装，并可能涉及超级武器或特殊效果逻辑。取值格式仍按原 INI 资料或项目内实际用法确认。该说明仅作为 BuiltIn 宽松兜底，不能替代 ModEnc、Ares 或 Phobos 官方字段页。
Global,Purple3,Text,Yuri,community-reference-inferred-yuri-20260603,推断型字段：Purple3 / Global 暂未完成官方逐条核验；根据字段名、所属 全局配置 上下文和既有社区资料线索，它可能用于对象行为、显示或引擎内部规则。取值格式仍按原 INI 资料或项目内实际用法确认。该说明仅作为 BuiltIn 宽松兜底，不能替代 ModEnc、Ares 或 Phobos 官方字段页。
Global,Ranking.ParTimeEasy,Text,Phobos,community-source-assisted-inferred-phobos-20260603,推断型字段：Ranking.ParTimeEasy / Global 暂未完成官方逐条核验；根据字段名、所属 全局配置 上下文和既有社区资料线索，它可能用于数值阈值、间隔、次数或概率参数，并可能涉及超级武器或特殊效果逻辑。取值格式仍按原 INI 资料或项目内实际用法确认。该说明仅作为 BuiltIn 宽松兜底，不能替代 ModEnc、Ares 或 Phobos 官方字段页。
Global,Ranking.ParTimeHard,Text,Phobos,community-source-assisted-inferred-phobos-20260603,推断型字段：Ranking.ParTimeHard / Global 暂未完成官方逐条核验；根据字段名、所属 全局配置 上下文和既有社区资料线索，它可能用于数值阈值、间隔、次数或概率参数，并可能涉及超级武器或特殊效果逻辑。取值格式仍按原 INI 资料或项目内实际用法确认。该说明仅作为 BuiltIn 宽松兜底，不能替代 ModEnc、Ares 或 Phobos 官方字段页。
Global,Ranking.ParTimeMedium,Text,Phobos,community-source-assisted-inferred-phobos-20260603,推断型字段：Ranking.ParTimeMedium / Global 暂未完成官方逐条核验；根据字段名、所属 全局配置 上下文和既有社区资料线索，它可能用于数值阈值、间隔、次数或概率参数，并可能涉及超级武器或特殊效果逻辑。取值格式仍按原 INI 资料或项目内实际用法确认。该说明仅作为 BuiltIn 宽松兜底，不能替代 ModEnc、Ares 或 Phobos 官方字段页。
Global,RepairBaseNodes,Boolean,Phobos,community-source-assisted-inferred-phobos-20260603,推断型字段：RepairBaseNodes / Global 暂未完成官方逐条核验；根据字段名、所属 全局配置 上下文和既有社区资料线索，它可能用于AI 行为、目标选择或威胁评估，并可能涉及生命值、护甲、伤害或修理倍率。通常按 yes/no 布尔值理解。该说明仅作为 BuiltIn 宽松兜底，不能替代 ModEnc、Ares 或 Phobos 官方字段页。
Global,SecretInfantry,Text,Yuri,community-reference-inferred-yuri-20260603,推断型字段：SecretInfantry / Global 暂未完成官方逐条核验；根据字段名、所属 全局配置 上下文和既有社区资料线索，它可能用于对象行为、显示或引擎内部规则。取值格式仍按原 INI 资料或项目内实际用法确认。该说明仅作为 BuiltIn 宽松兜底，不能替代 ModEnc、Ares 或 Phobos 官方字段页。
Global,SecretUnits,Text,Yuri,community-reference-inferred-yuri-20260603,推断型字段：SecretUnits / Global 暂未完成官方逐条核验；根据字段名、所属 全局配置 上下文和既有社区资料线索，它可能用于对象行为、显示或引擎内部规则。取值格式仍按原 INI 资料或项目内实际用法确认。该说明仅作为 BuiltIn 宽松兜底，不能替代 ModEnc、Ares 或 Phobos 官方字段页。
Global,Smoke,Text,Yuri,name-inferred-yuri-20260603,推断型字段：Smoke / Global 暂未完成官方逐条核验；根据字段名、所属 全局配置 上下文和既有社区资料线索，它可能用于对象行为、显示或引擎内部规则。取值格式仍按原 INI 资料或项目内实际用法确认。该说明仅作为 BuiltIn 宽松兜底，不能替代 ModEnc、Ares 或 Phobos 官方字段页。
Global,Storage.TiberiumIndex,Integer,Phobos,community-reference-inferred-phobos-20260603,推断型字段：Storage.TiberiumIndex / Global 暂未完成官方逐条核验；根据字段名、所属 全局配置 上下文和既有社区资料线索，它可能用于资源、矿石、回收或经济收益。通常按整数参数理解。该说明仅作为 BuiltIn 宽松兜底，不能替代 ModEnc、Ares 或 Phobos 官方字段页。
Global,UnitCrateVehicleCap,Integer,Phobos,community-source-assisted-inferred-phobos-20260603,推断型字段：UnitCrateVehicleCap / Global 暂未完成官方逐条核验；根据字段名、所属 全局配置 上下文和既有社区资料线索，它可能用于数值阈值、间隔、次数或概率参数。通常按整数参数理解。该说明仅作为 BuiltIn 宽松兜底，不能替代 ModEnc、Ares 或 Phobos 官方字段页。
Global,WarpAway,Text,Yuri,name-inferred-yuri-20260603,推断型字段：WarpAway / Global 暂未完成官方逐条核验；根据字段名、所属 全局配置 上下文和既有社区资料线索，它可能用于对象行为、显示或引擎内部规则。取值格式仍按原 INI 资料或项目内实际用法确认。该说明仅作为 BuiltIn 宽松兜底，不能替代 ModEnc、Ares 或 Phobos 官方字段页。
Global,WarpOut,Text,Yuri,name-inferred-yuri-20260603,推断型字段：WarpOut / Global 暂未完成官方逐条核验；根据字段名、所属 全局配置 上下文和既有社区资料线索，它可能用于对象行为、显示或引擎内部规则。取值格式仍按原 INI 资料或项目内实际用法确认。该说明仅作为 BuiltIn 宽松兜底，不能替代 ModEnc、Ares 或 Phobos 官方字段页。
Global,Yellow,Text,Yuri,community-reference-inferred-yuri-20260603,推断型字段：Yellow / Global 暂未完成官方逐条核验；根据字段名、所属 全局配置 上下文和既有社区资料线索，它可能用于对象行为、显示或引擎内部规则。取值格式仍按原 INI 资料或项目内实际用法确认。该说明仅作为 BuiltIn 宽松兜底，不能替代 ModEnc、Ares 或 Phobos 官方字段页。
Infantry,DefaultDisguise,Reference,Phobos,community-source-assisted-inferred-phobos-20260603,推断型字段：DefaultDisguise / Infantry 暂未完成官方逐条核验；根据字段名、所属 InfantryType 步兵 上下文和既有社区资料线索，它可能用于侦察、雷达、隐形或伪装。通常引用另一类 INI 对象或资源 ID。该说明仅作为 BuiltIn 宽松兜底，不能替代 ModEnc、Ares 或 Phobos 官方字段页。
Infantry,EngineerRepairAmount,Integer,Phobos,community-source-assisted-inferred-phobos-20260603,推断型字段：EngineerRepairAmount / Infantry 暂未完成官方逐条核验；根据字段名、所属 InfantryType 步兵 上下文和既有社区资料线索，它可能用于AI 行为、目标选择或威胁评估，并可能涉及生命值、护甲、伤害或修理倍率。通常按整数参数理解。该说明仅作为 BuiltIn 宽松兜底，不能替代 ModEnc、Ares 或 Phobos 官方字段页。
Infantry,InfantryAutoDeploy,Boolean,Phobos,community-source-assisted-inferred-phobos-20260603,推断型字段：InfantryAutoDeploy / Infantry 暂未完成官方逐条核验；根据字段名、所属 InfantryType 步兵 上下文和既有社区资料线索，它可能用于部署、运输、乘员或形态切换。通常按 yes/no 布尔值理解。该说明仅作为 BuiltIn 宽松兜底，不能替代 ModEnc、Ares 或 Phobos 官方字段页。
Infantry,PowersUp.Buildings,Reference,Phobos,community-source-assisted-inferred-phobos-20260603,推断型字段：PowersUp.Buildings / Infantry 暂未完成官方逐条核验；根据字段名、所属 InfantryType 步兵 上下文和既有社区资料线索，它可能用于建造条件、阵营可用性或生产经济，并可能涉及图像、动画、炮口坐标或 UI 表现。通常引用另一类 INI 对象或资源 ID。该说明仅作为 BuiltIn 宽松兜底，不能替代 ModEnc、Ares 或 Phobos 官方字段页。
Infantry,PowersUp.Owner,MultiSelect,Phobos,community-source-assisted-inferred-phobos-20260603,推断型字段：PowersUp.Owner / Infantry 暂未完成官方逐条核验；根据字段名、所属 InfantryType 步兵 上下文和既有社区资料线索，它可能用于建造条件、阵营可用性或生产经济，并可能涉及图像、动画、炮口坐标或 UI 表现。通常按逗号分隔的枚举/列表值理解。该说明仅作为 BuiltIn 宽松兜底，不能替代 ModEnc、Ares 或 Phobos 官方字段页。
Infantry,ProneSpeed,Integer,Phobos,community-source-assisted-inferred-phobos-20260603,推断型字段：ProneSpeed / Infantry 暂未完成官方逐条核验；根据字段名、所属 InfantryType 步兵 上下文和既有社区资料线索，它可能用于移动、寻路、部署或运动限制。通常按整数参数理解。该说明仅作为 BuiltIn 宽松兜底，不能替代 ModEnc、Ares 或 Phobos 官方字段页。
Infantry,ProneSpeed.Crawls,Integer,Phobos,community-source-assisted-inferred-phobos-20260603,推断型字段：ProneSpeed.Crawls / Infantry 暂未完成官方逐条核验；根据字段名、所属 InfantryType 步兵 上下文和既有社区资料线索，它可能用于移动、寻路、部署或运动限制。通常按整数参数理解。该说明仅作为 BuiltIn 宽松兜底，不能替代 ModEnc、Ares 或 Phobos 官方字段页。
Infantry,ProneSpeed.NoCrawls,Integer,Phobos,community-source-assisted-inferred-phobos-20260603,推断型字段：ProneSpeed.NoCrawls / Infantry 暂未完成官方逐条核验；根据字段名、所属 InfantryType 步兵 上下文和既有社区资料线索，它可能用于移动、寻路、部署或运动限制，并可能涉及超级武器或特殊效果逻辑。通常按整数参数理解。该说明仅作为 BuiltIn 宽松兜底，不能替代 ModEnc、Ares 或 Phobos 官方字段页。
Infantry,Slaved.OwnerWhenMasterKilled,Enum,Phobos,community-source-assisted-inferred-phobos-20260603,推断型字段：Slaved.OwnerWhenMasterKilled / Infantry 暂未完成官方逐条核验；根据字段名、所属 InfantryType 步兵 上下文和既有社区资料线索，它可能用于建造条件、阵营可用性或生产经济。通常按固定枚举值理解。该说明仅作为 BuiltIn 宽松兜底，不能替代 ModEnc、Ares 或 Phobos 官方字段页。
LaserTrail,Bolt.Arcs,Text,Phobos,community-reference-inferred-phobos-20260603,推断型字段：Bolt.Arcs / LaserTrail 暂未完成官方逐条核验；根据字段名、所属 LaserTrail 激光尾迹 上下文和既有社区资料线索，它可能用于武器、开火或投射表现。取值格式仍按原 INI 资料或项目内实际用法确认。该说明仅作为 BuiltIn 宽松兜底，不能替代 ModEnc、Ares 或 Phobos 官方字段页。
ParticleSystem,Gas.MaxDriftSpeed,Integer,Phobos,name-inferred-phobos-20260603,推断型字段：Gas.MaxDriftSpeed / ParticleSystem 暂未完成官方逐条核验；根据字段名、所属 ParticleSystem 粒子系统 上下文和既有社区资料线索，它可能用于移动、寻路、部署或运动限制，并可能涉及数值阈值、间隔、次数或概率参数。通常按整数参数理解。该说明仅作为 BuiltIn 宽松兜底，不能替代 ModEnc、Ares 或 Phobos 官方字段页。
Side,PowerDelta.ConditionRed,Integer,Phobos,community-reference-inferred-phobos-20260603,推断型字段：PowerDelta.ConditionRed / Side 暂未完成官方逐条核验；根据字段名、所属 Side 阵营配置 上下文和既有社区资料线索，它可能用于建造条件、阵营可用性或生产经济，并可能涉及超级武器或特殊效果逻辑。通常按整数参数理解。该说明仅作为 BuiltIn 宽松兜底，不能替代 ModEnc、Ares 或 Phobos 官方字段页。
Side,PowerDelta.ConditionYellow,Integer,Phobos,community-reference-inferred-phobos-20260603,推断型字段：PowerDelta.ConditionYellow / Side 暂未完成官方逐条核验；根据字段名、所属 Side 阵营配置 上下文和既有社区资料线索，它可能用于建造条件、阵营可用性或生产经济，并可能涉及超级武器或特殊效果逻辑。通常按整数参数理解。该说明仅作为 BuiltIn 宽松兜底，不能替代 ModEnc、Ares 或 Phobos 官方字段页。
Side,ToolTipBlur,Boolean,Phobos,community-reference-inferred-phobos-20260603,推断型字段：ToolTipBlur / Side 暂未完成官方逐条核验；根据字段名、所属 Side 阵营配置 上下文和既有社区资料线索，它可能用于生命值、护甲、伤害或修理倍率。通常按 yes/no 布尔值理解。该说明仅作为 BuiltIn 宽松兜底，不能替代 ModEnc、Ares 或 Phobos 官方字段页。
Sound,Attack,Text,Yuri,name-inferred-yuri-20260603,推断型字段：Attack / Sound 暂未完成官方逐条核验；根据字段名、所属 Sound 声音对象 上下文和既有社区资料线索，它可能用于对象行为、显示或引擎内部规则。取值格式仍按原 INI 资料或项目内实际用法确认。该说明仅作为 BuiltIn 宽松兜底，不能替代 ModEnc、Ares 或 Phobos 官方字段页。
Sound,Control,Text,Yuri,name-inferred-yuri-20260603,推断型字段：Control / Sound 暂未完成官方逐条核验；根据字段名、所属 Sound 声音对象 上下文和既有社区资料线索，它可能用于对象行为、显示或引擎内部规则。取值格式仍按原 INI 资料或项目内实际用法确认。该说明仅作为 BuiltIn 宽松兜底，不能替代 ModEnc、Ares 或 Phobos 官方字段页。
Sound,FShift,Text,Yuri,name-inferred-yuri-20260603,推断型字段：FShift / Sound 暂未完成官方逐条核验；根据字段名、所属 Sound 声音对象 上下文和既有社区资料线索，它可能用于图像、动画、炮口坐标或 UI 表现，并可能涉及建造条件、阵营可用性或生产经济。取值格式仍按原 INI 资料或项目内实际用法确认。该说明仅作为 BuiltIn 宽松兜底，不能替代 ModEnc、Ares 或 Phobos 官方字段页。
Sound,Limit,Text,Yuri,name-inferred-yuri-20260603,推断型字段：Limit / Sound 暂未完成官方逐条核验；根据字段名、所属 Sound 声音对象 上下文和既有社区资料线索，它可能用于建造条件、阵营可用性或生产经济，并可能涉及数值阈值、间隔、次数或概率参数。取值格式仍按原 INI 资料或项目内实际用法确认。该说明仅作为 BuiltIn 宽松兜底，不能替代 ModEnc、Ares 或 Phobos 官方字段页。
Sound,MinVolume,Text,Yuri,name-inferred-yuri-20260603,推断型字段：MinVolume / Sound 暂未完成官方逐条核验；根据字段名、所属 Sound 声音对象 上下文和既有社区资料线索，它可能用于数值阈值、间隔、次数或概率参数。取值格式仍按原 INI 资料或项目内实际用法确认。该说明仅作为 BuiltIn 宽松兜底，不能替代 ModEnc、Ares 或 Phobos 官方字段页。
Sound,Priority,Text,Yuri,name-inferred-yuri-20260603,推断型字段：Priority / Sound 暂未完成官方逐条核验；根据字段名、所属 Sound 声音对象 上下文和既有社区资料线索，它可能用于对象行为、显示或引擎内部规则。取值格式仍按原 INI 资料或项目内实际用法确认。该说明仅作为 BuiltIn 宽松兜底，不能替代 ModEnc、Ares 或 Phobos 官方字段页。
Sound,Type,Text,Yuri,name-inferred-yuri-20260603,推断型字段：Type / Sound 暂未完成官方逐条核验；根据字段名、所属 Sound 声音对象 上下文和既有社区资料线索，它可能用于对象行为、显示或引擎内部规则。取值格式仍按原 INI 资料或项目内实际用法确认。该说明仅作为 BuiltIn 宽松兜底，不能替代 ModEnc、Ares 或 Phobos 官方字段页。
Sound,Volume,Text,Yuri,name-inferred-yuri-20260603,推断型字段：Volume / Sound 暂未完成官方逐条核验；根据字段名、所属 Sound 声音对象 上下文和既有社区资料线索，它可能用于对象行为、显示或引擎内部规则。取值格式仍按原 INI 资料或项目内实际用法确认。该说明仅作为 BuiltIn 宽松兜底，不能替代 ModEnc、Ares 或 Phobos 官方字段页。
Techno,AARate,Text,Yuri,community-reference-inferred-yuri-20260603,推断型字段：AARate / Techno 暂未完成官方逐条核验；根据字段名、所属 TechnoType 对象 上下文和既有社区资料线索，它可能用于移动、寻路、部署或运动限制，并可能涉及数值阈值、间隔、次数或概率参数。取值格式仍按原 INI 资料或项目内实际用法确认。该说明仅作为 BuiltIn 宽松兜底，不能替代 ModEnc、Ares 或 Phobos 官方字段页。
Techno,Accelerates,Text,Yuri,community-reference-inferred-yuri-20260603,推断型字段：Accelerates / Techno 暂未完成官方逐条核验；根据字段名、所属 TechnoType 对象 上下文和既有社区资料线索，它可能用于移动、寻路、部署或运动限制，并可能涉及数值阈值、间隔、次数或概率参数。取值格式仍按原 INI 资料或项目内实际用法确认。该说明仅作为 BuiltIn 宽松兜底，不能替代 ModEnc、Ares 或 Phobos 官方字段页。
Techno,Action,Text,Yuri,community-reference-inferred-yuri-20260603,推断型字段：Action / Techno 暂未完成官方逐条核验；根据字段名、所属 TechnoType 对象 上下文和既有社区资料线索，它可能用于超级武器或特殊效果逻辑。取值格式仍按原 INI 资料或项目内实际用法确认。该说明仅作为 BuiltIn 宽松兜底，不能替代 ModEnc、Ares 或 Phobos 官方字段页。
Techno,AddPlanningModeCommandSound,Reference,Yuri,community-reference-inferred-yuri-20260603,推断型字段：AddPlanningModeCommandSound / Techno 暂未完成官方逐条核验；根据字段名、所属 TechnoType 对象 上下文和既有社区资料线索，它可能用于声音、语音或 EVA 提示。通常引用另一类 INI 对象或资源 ID。该说明仅作为 BuiltIn 宽松兜底，不能替代 ModEnc、Ares 或 Phobos 官方字段页。
Techno,Adjacent,Text,Yuri,community-reference-inferred-yuri-20260603,推断型字段：Adjacent / Techno 暂未完成官方逐条核验；根据字段名、所属 TechnoType 对象 上下文和既有社区资料线索，它可能用于建造条件、阵营可用性或生产经济。取值格式仍按原 INI 资料或项目内实际用法确认。该说明仅作为 BuiltIn 宽松兜底，不能替代 ModEnc、Ares 或 Phobos 官方字段页。
Techno,AIAllToHunt,Boolean,Phobos,community-reference-inferred-phobos-20260603,推断型字段：AIAllToHunt / Techno 暂未完成官方逐条核验；根据字段名、所属 TechnoType 对象 上下文和既有社区资料线索，它可能用于列表型条件、允许/禁止关系或筛选规则，并可能涉及AI 行为、目标选择或威胁评估。通常按 yes/no 布尔值理解。该说明仅作为 BuiltIn 宽松兜底，不能替代 ModEnc、Ares 或 Phobos 官方字段页。
Techno,AIAlternateProductionCreditCutoff,Text,Yuri,community-reference-inferred-yuri-20260603,推断型字段：AIAlternateProductionCreditCutoff / Techno 暂未完成官方逐条核验；根据字段名、所属 TechnoType 对象 上下文和既有社区资料线索，它可能用于AI 行为、目标选择或威胁评估，并可能涉及生命值、护甲、伤害或修理倍率。取值格式仍按原 INI 资料或项目内实际用法确认。该说明仅作为 BuiltIn 宽松兜底，不能替代 ModEnc、Ares 或 Phobos 官方字段页。
Techno,AIAttackMoveTargetingDelay,Integer,Phobos,community-reference-inferred-phobos-20260603,推断型字段：AIAttackMoveTargetingDelay / Techno 暂未完成官方逐条核验；根据字段名、所属 TechnoType 对象 上下文和既有社区资料线索，它可能用于AI 行为、目标选择或威胁评估，并可能涉及移动、寻路、部署或运动限制。通常按整数参数理解。该说明仅作为 BuiltIn 宽松兜底，不能替代 ModEnc、Ares 或 Phobos 官方字段页。
Techno,AIAutoDeployFrameDelay,Text,Yuri,community-reference-inferred-yuri-20260603,推断型字段：AIAutoDeployFrameDelay / Techno 暂未完成官方逐条核验；根据字段名、所属 TechnoType 对象 上下文和既有社区资料线索，它可能用于部署、运输、乘员或形态切换，并可能涉及AI 行为、目标选择或威胁评估。取值格式仍按原 INI 资料或项目内实际用法确认。该说明仅作为 BuiltIn 宽松兜底，不能替代 ModEnc、Ares 或 Phobos 官方字段页。
Techno,AIBasePlanningSide,Text,Yuri,community-reference-inferred-yuri-20260603,推断型字段：AIBasePlanningSide / Techno 暂未完成官方逐条核验；根据字段名、所属 TechnoType 对象 上下文和既有社区资料线索，它可能用于AI 行为、目标选择或威胁评估，并可能涉及生命值、护甲、伤害或修理倍率。取值格式仍按原 INI 资料或项目内实际用法确认。该说明仅作为 BuiltIn 宽松兜底，不能替代 ModEnc、Ares 或 Phobos 官方字段页。
Techno,AIBuildsWalls,Text,Yuri,community-reference-inferred-yuri-20260603,推断型字段：AIBuildsWalls / Techno 暂未完成官方逐条核验；根据字段名、所属 TechnoType 对象 上下文和既有社区资料线索，它可能用于AI 行为、目标选择或威胁评估，并可能涉及建造条件、阵营可用性或生产经济。取值格式仍按原 INI 资料或项目内实际用法确认。该说明仅作为 BuiltIn 宽松兜底，不能替代 ModEnc、Ares 或 Phobos 官方字段页。
Techno,AIBuildThis,Text,Yuri,community-reference-inferred-yuri-20260603,推断型字段：AIBuildThis / Techno 暂未完成官方逐条核验；根据字段名、所属 TechnoType 对象 上下文和既有社区资料线索，它可能用于建造条件、阵营可用性或生产经济，并可能涉及AI 行为、目标选择或威胁评估。取值格式仍按原 INI 资料或项目内实际用法确认。该说明仅作为 BuiltIn 宽松兜底，不能替代 ModEnc、Ares 或 Phobos 官方字段页。
Techno,AIDifficulty,Text,Yuri,community-reference-inferred-yuri-20260603,推断型字段：AIDifficulty / Techno 暂未完成官方逐条核验；根据字段名、所属 TechnoType 对象 上下文和既有社区资料线索，它可能用于AI 行为、目标选择或威胁评估，并可能涉及生命值、护甲、伤害或修理倍率。取值格式仍按原 INI 资料或项目内实际用法确认。该说明仅作为 BuiltIn 宽松兜底，不能替代 ModEnc、Ares 或 Phobos 官方字段页。
Techno,AIFireSale,Boolean,Phobos,community-reference-inferred-phobos-20260603,推断型字段：AIFireSale / Techno 暂未完成官方逐条核验；根据字段名、所属 TechnoType 对象 上下文和既有社区资料线索，它可能用于AI 行为、目标选择或威胁评估，并可能涉及武器、开火或投射表现。通常按 yes/no 布尔值理解。该说明仅作为 BuiltIn 宽松兜底，不能替代 ModEnc、Ares 或 Phobos 官方字段页。
Techno,AIFireSaleDelay,Integer,Phobos,community-reference-inferred-phobos-20260603,推断型字段：AIFireSaleDelay / Techno 暂未完成官方逐条核验；根据字段名、所属 TechnoType 对象 上下文和既有社区资料线索，它可能用于AI 行为、目标选择或威胁评估，并可能涉及武器、开火或投射表现。通常按整数参数理解。该说明仅作为 BuiltIn 宽松兜底，不能替代 ModEnc、Ares 或 Phobos 官方字段页。
Techno,AIGuardAreaTargetingDelay,Integer,Phobos,community-reference-inferred-phobos-20260603,推断型字段：AIGuardAreaTargetingDelay / Techno 暂未完成官方逐条核验；根据字段名、所属 TechnoType 对象 上下文和既有社区资料线索，它可能用于AI 行为、目标选择或威胁评估，并可能涉及生命值、护甲、伤害或修理倍率。通常按整数参数理解。该说明仅作为 BuiltIn 宽松兜底，不能替代 ModEnc、Ares 或 Phobos 官方字段页。
Techno,AIIonCannonPlugValue,Text,Yuri,community-reference-inferred-yuri-20260603,推断型字段：AIIonCannonPlugValue / Techno 暂未完成官方逐条核验；根据字段名、所属 TechnoType 对象 上下文和既有社区资料线索，它可能用于AI 行为、目标选择或威胁评估，并可能涉及生命值、护甲、伤害或修理倍率。取值格式仍按原 INI 资料或项目内实际用法确认。该说明仅作为 BuiltIn 宽松兜底，不能替代 ModEnc、Ares 或 Phobos 官方字段页。
Techno,AIIonCannonTempleValue,Text,Yuri,community-reference-inferred-yuri-20260603,推断型字段：AIIonCannonTempleValue / Techno 暂未完成官方逐条核验；根据字段名、所属 TechnoType 对象 上下文和既有社区资料线索，它可能用于超级武器或特殊效果逻辑，并可能涉及AI 行为、目标选择或威胁评估。取值格式仍按原 INI 资料或项目内实际用法确认。该说明仅作为 BuiltIn 宽松兜底，不能替代 ModEnc、Ares 或 Phobos 官方字段页。
Techno,AINavalYardAdjacency,Text,Yuri,community-reference-inferred-yuri-20260603,推断型字段：AINavalYardAdjacency / Techno 暂未完成官方逐条核验；根据字段名、所属 TechnoType 对象 上下文和既有社区资料线索，它可能用于AI 行为、目标选择或威胁评估，并可能涉及生命值、护甲、伤害或修理倍率。取值格式仍按原 INI 资料或项目内实际用法确认。该说明仅作为 BuiltIn 宽松兜底，不能替代 ModEnc、Ares 或 Phobos 官方字段页。
Techno,AINormalTargetingDelay,Integer,Phobos,community-reference-inferred-phobos-20260603,推断型字段：AINormalTargetingDelay / Techno 暂未完成官方逐条核验；根据字段名、所属 TechnoType 对象 上下文和既有社区资料线索，它可能用于AI 行为、目标选择或威胁评估，并可能涉及生命值、护甲、伤害或修理倍率。通常按整数参数理解。该说明仅作为 BuiltIn 宽松兜底，不能替代 ModEnc、Ares 或 Phobos 官方字段页。
Techno,AIParadropMission,Text,Phobos,community-reference-inferred-phobos-20260603,推断型字段：AIParadropMission / Techno 暂未完成官方逐条核验；根据字段名、所属 TechnoType 对象 上下文和既有社区资料线索，它可能用于超级武器或特殊效果逻辑，并可能涉及AI 行为、目标选择或威胁评估。取值格式仍按原 INI 资料或项目内实际用法确认。该说明仅作为 BuiltIn 宽松兜底，不能替代 ModEnc、Ares 或 Phobos 官方字段页。
Techno,AIPickWallDefensePercent,Text,Yuri,community-reference-inferred-yuri-20260603,推断型字段：AIPickWallDefensePercent / Techno 暂未完成官方逐条核验；根据字段名、所属 TechnoType 对象 上下文和既有社区资料线索，它可能用于AI 行为、目标选择或威胁评估，并可能涉及生命值、护甲、伤害或修理倍率。取值格式仍按原 INI 资料或项目内实际用法确认。该说明仅作为 BuiltIn 宽松兜底，不能替代 ModEnc、Ares 或 Phobos 官方字段页。
Techno,AIPlayers,Text,Yuri,community-reference-inferred-yuri-20260603,推断型字段：AIPlayers / Techno 暂未完成官方逐条核验；根据字段名、所属 TechnoType 对象 上下文和既有社区资料线索，它可能用于AI 行为、目标选择或威胁评估，并可能涉及生命值、护甲、伤害或修理倍率。取值格式仍按原 INI 资料或项目内实际用法确认。该说明仅作为 BuiltIn 宽松兜底，不能替代 ModEnc、Ares 或 Phobos 官方字段页。
Techno,Aircraft.DefaultDigitalDisplayTypes,MultiSelect,Phobos,community-reference-inferred-phobos-20260603,推断型字段：Aircraft.DefaultDigitalDisplayTypes / Techno 暂未完成官方逐条核验；根据字段名、所属 TechnoType 对象 上下文和既有社区资料线索，它可能用于AI 行为、目标选择或威胁评估，并可能涉及图像、动画、炮口坐标或 UI 表现。通常按逗号分隔的枚举/列表值理解。该说明仅作为 BuiltIn 宽松兜底，不能替代 ModEnc、Ares 或 Phobos 官方字段页。
Techno,AircraftCostBonus,Text,Yuri,community-reference-inferred-yuri-20260603,推断型字段：AircraftCostBonus / Techno 暂未完成官方逐条核验；根据字段名、所属 TechnoType 对象 上下文和既有社区资料线索，它可能用于AI 行为、目标选择或威胁评估，并可能涉及建造条件、阵营可用性或生产经济。取值格式仍按原 INI 资料或项目内实际用法确认。该说明仅作为 BuiltIn 宽松兜底，不能替代 ModEnc、Ares 或 Phobos 官方字段页。
Techno,AircraftFogReveal,Text,Yuri,community-reference-inferred-yuri-20260603,推断型字段：AircraftFogReveal / Techno 暂未完成官方逐条核验；根据字段名、所属 TechnoType 对象 上下文和既有社区资料线索，它可能用于AI 行为、目标选择或威胁评估，并可能涉及侦察、雷达、隐形或伪装。取值格式仍按原 INI 资料或项目内实际用法确认。该说明仅作为 BuiltIn 宽松兜底，不能替代 ModEnc、Ares 或 Phobos 官方字段页。
Techno,AIRestrictReplaceTime,Text,Yuri,community-reference-inferred-yuri-20260603,推断型字段：AIRestrictReplaceTime / Techno 暂未完成官方逐条核验；根据字段名、所属 TechnoType 对象 上下文和既有社区资料线索，它可能用于数值阈值、间隔、次数或概率参数，并可能涉及AI 行为、目标选择或威胁评估。取值格式仍按原 INI 资料或项目内实际用法确认。该说明仅作为 BuiltIn 宽松兜底，不能替代 ModEnc、Ares 或 Phobos 官方字段页。
Techno,AirRangeBonus,Text,Yuri,community-reference-inferred-yuri-20260603,推断型字段：AirRangeBonus / Techno 暂未完成官方逐条核验；根据字段名、所属 TechnoType 对象 上下文和既有社区资料线索，它可能用于AI 行为、目标选择或威胁评估，并可能涉及武器、开火或投射表现。取值格式仍按原 INI 资料或项目内实际用法确认。该说明仅作为 BuiltIn 宽松兜底，不能替代 ModEnc、Ares 或 Phobos 官方字段页。
Techno,AirShadowBaseScale,Integer,Phobos,community-reference-inferred-phobos-20260603,推断型字段：AirShadowBaseScale / Techno 暂未完成官方逐条核验；根据字段名、所属 TechnoType 对象 上下文和既有社区资料线索，它可能用于AI 行为、目标选择或威胁评估，并可能涉及生命值、护甲、伤害或修理倍率。通常按整数参数理解。该说明仅作为 BuiltIn 宽松兜底，不能替代 ModEnc、Ares 或 Phobos 官方字段页。
Techno,Airspeed,Text,Yuri,community-reference-inferred-yuri-20260603,推断型字段：Airspeed / Techno 暂未完成官方逐条核验；根据字段名、所属 TechnoType 对象 上下文和既有社区资料线索，它可能用于AI 行为、目标选择或威胁评估，并可能涉及移动、寻路、部署或运动限制。取值格式仍按原 INI 资料或项目内实际用法确认。该说明仅作为 BuiltIn 宽松兜底，不能替代 ModEnc、Ares 或 Phobos 官方字段页。
Techno,AISuperDefenseDistance,Text,Yuri,community-reference-inferred-yuri-20260603,推断型字段：AISuperDefenseDistance / Techno 暂未完成官方逐条核验；根据字段名、所属 TechnoType 对象 上下文和既有社区资料线索，它可能用于AI 行为、目标选择或威胁评估，并可能涉及生命值、护甲、伤害或修理倍率。取值格式仍按原 INI 资料或项目内实际用法确认。该说明仅作为 BuiltIn 宽松兜底，不能替代 ModEnc、Ares 或 Phobos 官方字段页。
Techno,AITriggerFailureWeightDelta,Text,Yuri,community-reference-inferred-yuri-20260603,推断型字段：AITriggerFailureWeightDelta / Techno 暂未完成官方逐条核验；根据字段名、所属 TechnoType 对象 上下文和既有社区资料线索，它可能用于AI 行为、目标选择或威胁评估，并可能涉及生命值、护甲、伤害或修理倍率。取值格式仍按原 INI 资料或项目内实际用法确认。该说明仅作为 BuiltIn 宽松兜底，不能替代 ModEnc、Ares 或 Phobos 官方字段页。
Techno,AITriggerSuccessWeightDelta,Text,Yuri,community-reference-inferred-yuri-20260603,推断型字段：AITriggerSuccessWeightDelta / Techno 暂未完成官方逐条核验；根据字段名、所属 TechnoType 对象 上下文和既有社区资料线索，它可能用于AI 行为、目标选择或威胁评估，并可能涉及生命值、护甲、伤害或修理倍率。取值格式仍按原 INI 资料或项目内实际用法确认。该说明仅作为 BuiltIn 宽松兜底，不能替代 ModEnc、Ares 或 Phobos 官方字段页。
Techno,AITriggerTrackRecordCoefficient,Text,Yuri,community-reference-inferred-yuri-20260603,推断型字段：AITriggerTrackRecordCoefficient / Techno 暂未完成官方逐条核验；根据字段名、所属 TechnoType 对象 上下文和既有社区资料线索，它可能用于AI 行为、目标选择或威胁评估，并可能涉及生命值、护甲、伤害或修理倍率。取值格式仍按原 INI 资料或项目内实际用法确认。该说明仅作为 BuiltIn 宽松兜底，不能替代 ModEnc、Ares 或 Phobos 官方字段页。
Techno,AIUseTurbineUpgradeProbability,Text,Yuri,community-reference-inferred-yuri-20260603,推断型字段：AIUseTurbineUpgradeProbability / Techno 暂未完成官方逐条核验；根据字段名、所属 TechnoType 对象 上下文和既有社区资料线索，它可能用于AI 行为、目标选择或威胁评估，并可能涉及建造条件、阵营可用性或生产经济。取值格式仍按原 INI 资料或项目内实际用法确认。该说明仅作为 BuiltIn 宽松兜底，不能替代 ModEnc、Ares 或 Phobos 官方字段页。
Techno,AlliedCrew,Text,Yuri,community-reference-inferred-yuri-20260603,推断型字段：AlliedCrew / Techno 暂未完成官方逐条核验；根据字段名、所属 TechnoType 对象 上下文和既有社区资料线索，它可能用于生成物、乘员、残骸或派生单位。取值格式仍按原 INI 资料或项目内实际用法确认。该说明仅作为 BuiltIn 宽松兜底，不能替代 ModEnc、Ares 或 Phobos 官方字段页。
Techno,AlliedDisguise,Text,Yuri,community-reference-inferred-yuri-20260603,推断型字段：AlliedDisguise / Techno 暂未完成官方逐条核验；根据字段名、所属 TechnoType 对象 上下文和既有社区资料线索，它可能用于侦察、雷达、隐形或伪装。取值格式仍按原 INI 资料或项目内实际用法确认。该说明仅作为 BuiltIn 宽松兜底，不能替代 ModEnc、Ares 或 Phobos 官方字段页。
Techno,AlliedSurvivorDivisor,Text,Yuri,community-reference-inferred-yuri-20260603,推断型字段：AlliedSurvivorDivisor / Techno 暂未完成官方逐条核验；根据字段名、所属 TechnoType 对象 上下文和既有社区资料线索，它可能用于生成物、乘员、残骸或派生单位。取值格式仍按原 INI 资料或项目内实际用法确认。该说明仅作为 BuiltIn 宽松兜底，不能替代 ModEnc、Ares 或 Phobos 官方字段页。
Techno,AlliedWallTransparency,Text,Yuri,community-reference-inferred-yuri-20260603,推断型字段：AlliedWallTransparency / Techno 暂未完成官方逐条核验；根据字段名、所属 TechnoType 对象 上下文和既有社区资料线索，它可能用于对象行为、显示或引擎内部规则。取值格式仍按原 INI 资料或项目内实际用法确认。该说明仅作为 BuiltIn 宽松兜底，不能替代 ModEnc、Ares 或 Phobos 官方字段页。
Techno,AlliesAllowed,Text,Yuri,community-reference-inferred-yuri-20260603,推断型字段：AlliesAllowed / Techno 暂未完成官方逐条核验；根据字段名、所属 TechnoType 对象 上下文和既有社区资料线索，它可能用于列表型条件、允许/禁止关系或筛选规则。取值格式仍按原 INI 资料或项目内实际用法确认。该说明仅作为 BuiltIn 宽松兜底，不能替代 ModEnc、Ares 或 Phobos 官方字段页。
Techno,AllowAirstrike,Boolean,Phobos,community-reference-inferred-phobos-20260603,推断型字段：AllowAirstrike / Techno 暂未完成官方逐条核验；根据字段名、所属 TechnoType 对象 上下文和既有社区资料线索，它可能用于列表型条件、允许/禁止关系或筛选规则，并可能涉及AI 行为、目标选择或威胁评估。通常按 yes/no 布尔值理解。该说明仅作为 BuiltIn 宽松兜底，不能替代 ModEnc、Ares 或 Phobos 官方字段页。
Techno,AllowBurrowing,Text,Yuri,community-reference-inferred-yuri-20260603,推断型字段：AllowBurrowing / Techno 暂未完成官方逐条核验；根据字段名、所属 TechnoType 对象 上下文和既有社区资料线索，它可能用于列表型条件、允许/禁止关系或筛选规则。取值格式仍按原 INI 资料或项目内实际用法确认。该说明仅作为 BuiltIn 宽松兜底，不能替代 ModEnc、Ares 或 Phobos 官方字段页。
Techno,AllowShroudedSubteranneanMoves,Text,Yuri,community-reference-inferred-yuri-20260603,推断型字段：AllowShroudedSubteranneanMoves / Techno 暂未完成官方逐条核验；根据字段名、所属 TechnoType 对象 上下文和既有社区资料线索，它可能用于列表型条件、允许/禁止关系或筛选规则，并可能涉及移动、寻路、部署或运动限制。取值格式仍按原 INI 资料或项目内实际用法确认。该说明仅作为 BuiltIn 宽松兜底，不能替代 ModEnc、Ares 或 Phobos 官方字段页。
Techno,AllowWeaponSelectAgainstWalls,Boolean,Phobos,community-reference-inferred-phobos-20260603,推断型字段：AllowWeaponSelectAgainstWalls / Techno 暂未完成官方逐条核验；根据字段名、所属 TechnoType 对象 上下文和既有社区资料线索，它可能用于列表型条件、允许/禁止关系或筛选规则，并可能涉及武器、开火或投射表现。通常按 yes/no 布尔值理解。该说明仅作为 BuiltIn 宽松兜底，不能替代 ModEnc、Ares 或 Phobos 官方字段页。
Techno,AllyParaDropInf,Text,Yuri,community-reference-inferred-yuri-20260603,推断型字段：AllyParaDropInf / Techno 暂未完成官方逐条核验；根据字段名、所属 TechnoType 对象 上下文和既有社区资料线索，它可能用于超级武器或特殊效果逻辑。取值格式仍按原 INI 资料或项目内实际用法确认。该说明仅作为 BuiltIn 宽松兜底，不能替代 ModEnc、Ares 或 Phobos 官方字段页。
Techno,AllyParaDropNum,Text,Yuri,community-reference-inferred-yuri-20260603,推断型字段：AllyParaDropNum / Techno 暂未完成官方逐条核验；根据字段名、所属 TechnoType 对象 上下文和既有社区资料线索，它可能用于超级武器或特殊效果逻辑。取值格式仍按原 INI 资料或项目内实际用法确认。该说明仅作为 BuiltIn 宽松兜底，不能替代 ModEnc、Ares 或 Phobos 官方字段页。
Techno,AllyReveal,Text,Yuri,community-reference-inferred-yuri-20260603,推断型字段：AllyReveal / Techno 暂未完成官方逐条核验；根据字段名、所属 TechnoType 对象 上下文和既有社区资料线索，它可能用于侦察、雷达、隐形或伪装。取值格式仍按原 INI 资料或项目内实际用法确认。该说明仅作为 BuiltIn 宽松兜底，不能替代 ModEnc、Ares 或 Phobos 官方字段页。
Techno,AlphaImage,Text,Yuri,community-reference-inferred-yuri-20260603,推断型字段：AlphaImage / Techno 暂未完成官方逐条核验；根据字段名、所属 TechnoType 对象 上下文和既有社区资料线索，它可能用于图像、动画、炮口坐标或 UI 表现。取值格式仍按原 INI 资料或项目内实际用法确认。该说明仅作为 BuiltIn 宽松兜底，不能替代 ModEnc、Ares 或 Phobos 官方字段页。
Techno,AlternateArcticArt,Text,Yuri,community-reference-inferred-yuri-20260603,推断型字段：AlternateArcticArt / Techno 暂未完成官方逐条核验；根据字段名、所属 TechnoType 对象 上下文和既有社区资料线索，它可能用于对象行为、显示或引擎内部规则。取值格式仍按原 INI 资料或项目内实际用法确认。该说明仅作为 BuiltIn 宽松兜底，不能替代 ModEnc、Ares 或 Phobos 官方字段页。
Techno,AlternateFLH.ApplyVehicle,Boolean,Phobos,community-reference-inferred-phobos-20260603,推断型字段：AlternateFLH.ApplyVehicle / Techno 暂未完成官方逐条核验；根据字段名、所属 TechnoType 对象 上下文和既有社区资料线索，它可能用于图像、动画、炮口坐标或 UI 表现。通常按 yes/no 布尔值理解。该说明仅作为 BuiltIn 宽松兜底，不能替代 ModEnc、Ares 或 Phobos 官方字段页。
Techno,AlternateFLH.OnTurret,Boolean,Phobos,community-reference-inferred-phobos-20260603,推断型字段：AlternateFLH.OnTurret / Techno 暂未完成官方逐条核验；根据字段名、所属 TechnoType 对象 上下文和既有社区资料线索，它可能用于武器、开火或投射表现，并可能涉及图像、动画、炮口坐标或 UI 表现。通常按 yes/no 布尔值理解。该说明仅作为 BuiltIn 宽松兜底，不能替代 ModEnc、Ares 或 Phobos 官方字段页。
Techno,AlternateFlightLevel,Text,Yuri,community-reference-inferred-yuri-20260603,推断型字段：AlternateFlightLevel / Techno 暂未完成官方逐条核验；根据字段名、所属 TechnoType 对象 上下文和既有社区资料线索，它可能用于建造条件、阵营可用性或生产经济，并可能涉及颜色、光照或视觉着色。取值格式仍按原 INI 资料或项目内实际用法确认。该说明仅作为 BuiltIn 宽松兜底，不能替代 ModEnc、Ares 或 Phobos 官方字段页。
Techno,AltImage,Text,Yuri,community-reference-inferred-yuri-20260603,推断型字段：AltImage / Techno 暂未完成官方逐条核验；根据字段名、所属 TechnoType 对象 上下文和既有社区资料线索，它可能用于生命值、护甲、伤害或修理倍率，并可能涉及图像、动画、炮口坐标或 UI 表现。取值格式仍按原 INI 资料或项目内实际用法确认。该说明仅作为 BuiltIn 宽松兜底，不能替代 ModEnc、Ares 或 Phobos 官方字段页。
Techno,AlwaysConsideredThreat,Boolean,Phobos,community-reference-inferred-phobos-20260603,推断型字段：AlwaysConsideredThreat / Techno 暂未完成官方逐条核验；根据字段名、所属 TechnoType 对象 上下文和既有社区资料线索，它可能用于AI 行为、目标选择或威胁评估，并可能涉及颜色、光照或视觉着色。通常按 yes/no 布尔值理解。该说明仅作为 BuiltIn 宽松兜底，不能替代 ModEnc、Ares 或 Phobos 官方字段页。
Techno,AmbientChangeRate,Text,Yuri,community-reference-inferred-yuri-20260603,推断型字段：AmbientChangeRate / Techno 暂未完成官方逐条核验；根据字段名、所属 TechnoType 对象 上下文和既有社区资料线索，它可能用于移动、寻路、部署或运动限制，并可能涉及颜色、光照或视觉着色。取值格式仍按原 INI 资料或项目内实际用法确认。该说明仅作为 BuiltIn 宽松兜底，不能替代 ModEnc、Ares 或 Phobos 官方字段页。
Techno,AmbientChangeStep,Text,Yuri,community-reference-inferred-yuri-20260603,推断型字段：AmbientChangeStep / Techno 暂未完成官方逐条核验；根据字段名、所属 TechnoType 对象 上下文和既有社区资料线索，它可能用于颜色、光照或视觉着色。取值格式仍按原 INI 资料或项目内实际用法确认。该说明仅作为 BuiltIn 宽松兜底，不能替代 ModEnc、Ares 或 Phobos 官方字段页。
Techno,AmbientDamage,Text,Yuri,community-reference-inferred-yuri-20260603,推断型字段：AmbientDamage / Techno 暂未完成官方逐条核验；根据字段名、所属 TechnoType 对象 上下文和既有社区资料线索，它可能用于生命值、护甲、伤害或修理倍率，并可能涉及颜色、光照或视觉着色。取值格式仍按原 INI 资料或项目内实际用法确认。该说明仅作为 BuiltIn 宽松兜底，不能替代 ModEnc、Ares 或 Phobos 官方字段页。
Techno,AmbientSound,Reference,Yuri,community-reference-inferred-yuri-20260603,推断型字段：AmbientSound / Techno 暂未完成官方逐条核验；根据字段名、所属 TechnoType 对象 上下文和既有社区资料线索，它可能用于声音、语音或 EVA 提示，并可能涉及颜色、光照或视觉着色。通常引用另一类 INI 对象或资源 ID。该说明仅作为 BuiltIn 宽松兜底，不能替代 ModEnc、Ares 或 Phobos 官方字段页。
Techno,AmerParaDropInf,Text,Yuri,community-reference-inferred-yuri-20260603,推断型字段：AmerParaDropInf / Techno 暂未完成官方逐条核验；根据字段名、所属 TechnoType 对象 上下文和既有社区资料线索，它可能用于超级武器或特殊效果逻辑。取值格式仍按原 INI 资料或项目内实际用法确认。该说明仅作为 BuiltIn 宽松兜底，不能替代 ModEnc、Ares 或 Phobos 官方字段页。
Techno,AmerParaDropNum,Text,Yuri,community-reference-inferred-yuri-20260603,推断型字段：AmerParaDropNum / Techno 暂未完成官方逐条核验；根据字段名、所属 TechnoType 对象 上下文和既有社区资料线索，它可能用于超级武器或特殊效果逻辑。取值格式仍按原 INI 资料或项目内实际用法确认。该说明仅作为 BuiltIn 宽松兜底，不能替代 ModEnc、Ares 或 Phobos 官方字段页。
Techno,Ammo.AutoConvertMaximumAmount,Integer,Phobos,community-reference-inferred-phobos-20260603,推断型字段：Ammo.AutoConvertMaximumAmount / Techno 暂未完成官方逐条核验；根据字段名、所属 TechnoType 对象 上下文和既有社区资料线索，它可能用于数值阈值、间隔、次数或概率参数，并可能涉及部署、运输、乘员或形态切换。通常按整数参数理解。该说明仅作为 BuiltIn 宽松兜底，不能替代 ModEnc、Ares 或 Phobos 官方字段页。
Techno,Ammo.AutoConvertMinimumAmount,Integer,Phobos,community-reference-inferred-phobos-20260603,推断型字段：Ammo.AutoConvertMinimumAmount / Techno 暂未完成官方逐条核验；根据字段名、所属 TechnoType 对象 上下文和既有社区资料线索，它可能用于数值阈值、间隔、次数或概率参数，并可能涉及部署、运输、乘员或形态切换。通常按整数参数理解。该说明仅作为 BuiltIn 宽松兜底，不能替代 ModEnc、Ares 或 Phobos 官方字段页。
Techno,Ammo.AutoConvertType,Reference,Phobos,community-reference-inferred-phobos-20260603,推断型字段：Ammo.AutoConvertType / Techno 暂未完成官方逐条核验；根据字段名、所属 TechnoType 对象 上下文和既有社区资料线索，它可能用于部署、运输、乘员或形态切换。通常引用另一类 INI 对象或资源 ID。该说明仅作为 BuiltIn 宽松兜底，不能替代 ModEnc、Ares 或 Phobos 官方字段页。
Techno,AmmoCrateDamage,Text,Yuri,community-reference-inferred-yuri-20260603,推断型字段：AmmoCrateDamage / Techno 暂未完成官方逐条核验；根据字段名、所属 TechnoType 对象 上下文和既有社区资料线索，它可能用于生命值、护甲、伤害或修理倍率，并可能涉及数值阈值、间隔、次数或概率参数。取值格式仍按原 INI 资料或项目内实际用法确认。该说明仅作为 BuiltIn 宽松兜底，不能替代 ModEnc、Ares 或 Phobos 官方字段页。
Techno,AmmoPipFrame,Integer,Phobos,community-reference-inferred-phobos-20260603,推断型字段：AmmoPipFrame / Techno 暂未完成官方逐条核验；根据字段名、所属 TechnoType 对象 上下文和既有社区资料线索，它可能用于图像、动画、炮口坐标或 UI 表现。通常按整数参数理解。该说明仅作为 BuiltIn 宽松兜底，不能替代 ModEnc、Ares 或 Phobos 官方字段页。
Techno,AmmoPipOffset,Text,Phobos,community-reference-inferred-phobos-20260603,推断型字段：AmmoPipOffset / Techno 暂未完成官方逐条核验；根据字段名、所属 TechnoType 对象 上下文和既有社区资料线索，它可能用于图像、动画、炮口坐标或 UI 表现。取值格式仍按原 INI 资料或项目内实际用法确认。该说明仅作为 BuiltIn 宽松兜底，不能替代 ModEnc、Ares 或 Phobos 官方字段页。
Techno,AmmoPipSize,Text,Phobos,community-reference-inferred-phobos-20260603,推断型字段：AmmoPipSize / Techno 暂未完成官方逐条核验；根据字段名、所属 TechnoType 对象 上下文和既有社区资料线索，它可能用于对象行为、显示或引擎内部规则。取值格式仍按原 INI 资料或项目内实际用法确认。该说明仅作为 BuiltIn 宽松兜底，不能替代 ModEnc、Ares 或 Phobos 官方字段页。
Techno,AmmoPipWrapStartFrame,Integer,Phobos,community-reference-inferred-phobos-20260603,推断型字段：AmmoPipWrapStartFrame / Techno 暂未完成官方逐条核验；根据字段名、所属 TechnoType 对象 上下文和既有社区资料线索，它可能用于图像、动画、炮口坐标或 UI 表现。通常按整数参数理解。该说明仅作为 BuiltIn 宽松兜底，不能替代 ModEnc、Ares 或 Phobos 官方字段页。
Techno,AnimationProbability,Text,Yuri,community-reference-inferred-yuri-20260603,推断型字段：AnimationProbability / Techno 暂未完成官方逐条核验；根据字段名、所属 TechnoType 对象 上下文和既有社区资料线索，它可能用于图像、动画、炮口坐标或 UI 表现，并可能涉及超级武器或特殊效果逻辑。取值格式仍按原 INI 资料或项目内实际用法确认。该说明仅作为 BuiltIn 宽松兜底，不能替代 ModEnc、Ares 或 Phobos 官方字段页。
Techno,AnimationRate,Text,Yuri,community-reference-inferred-yuri-20260603,推断型字段：AnimationRate / Techno 暂未完成官方逐条核验；根据字段名、所属 TechnoType 对象 上下文和既有社区资料线索，它可能用于图像、动画、炮口坐标或 UI 表现，并可能涉及移动、寻路、部署或运动限制。取值格式仍按原 INI 资料或项目内实际用法确认。该说明仅作为 BuiltIn 宽松兜底，不能替代 ModEnc、Ares 或 Phobos 官方字段页。
Techno,AntiXXXValue,Text,Yuri,community-reference-inferred-yuri-20260603,推断型字段：AntiXXXValue / Techno 暂未完成官方逐条核验；根据字段名、所属 TechnoType 对象 上下文和既有社区资料线索，它可能用于对象行为、显示或引擎内部规则。取值格式仍按原 INI 资料或项目内实际用法确认。该说明仅作为 BuiltIn 宽松兜底，不能替代 ModEnc、Ares 或 Phobos 官方字段页。
Techno,ApproachTargetResetMultiplier,Text,Yuri,community-reference-inferred-yuri-20260603,推断型字段：ApproachTargetResetMultiplier / Techno 暂未完成官方逐条核验；根据字段名、所属 TechnoType 对象 上下文和既有社区资料线索，它可能用于AI 行为、目标选择或威胁评估，并可能涉及生命值、护甲、伤害或修理倍率。取值格式仍按原 INI 资料或项目内实际用法确认。该说明仅作为 BuiltIn 宽松兜底，不能替代 ModEnc、Ares 或 Phobos 官方字段页。
Techno,AreaGuardRange,Integer,Phobos,community-reference-inferred-phobos-20260603,推断型字段：AreaGuardRange / Techno 暂未完成官方逐条核验；根据字段名、所属 TechnoType 对象 上下文和既有社区资料线索，它可能用于AI 行为、目标选择或威胁评估，并可能涉及武器、开火或投射表现。通常按整数参数理解。该说明仅作为 BuiltIn 宽松兜底，不能替代 ModEnc、Ares 或 Phobos 官方字段页。
Techno,ArmorDefensesMult,Text,Yuri,community-reference-inferred-yuri-20260603,推断型字段：ArmorDefensesMult / Techno 暂未完成官方逐条核验；根据字段名、所属 TechnoType 对象 上下文和既有社区资料线索，它可能用于生命值、护甲、伤害或修理倍率。取值格式仍按原 INI 资料或项目内实际用法确认。该说明仅作为 BuiltIn 宽松兜底，不能替代 ModEnc、Ares 或 Phobos 官方字段页。
Techno,Artillary,Text,Yuri,community-reference-inferred-yuri-20260603,推断型字段：Artillary / Techno 暂未完成官方逐条核验；根据字段名、所属 TechnoType 对象 上下文和既有社区资料线索，它可能用于对象行为、显示或引擎内部规则。取值格式仍按原 INI 资料或项目内实际用法确认。该说明仅作为 BuiltIn 宽松兜底，不能替代 ModEnc、Ares 或 Phobos 官方字段页。
Techno,AssaultAnim,Text,Yuri,community-reference-inferred-yuri-20260603,推断型字段：AssaultAnim / Techno 暂未完成官方逐条核验；根据字段名、所属 TechnoType 对象 上下文和既有社区资料线索，它可能用于图像、动画、炮口坐标或 UI 表现。取值格式仍按原 INI 资料或项目内实际用法确认。该说明仅作为 BuiltIn 宽松兜底，不能替代 ModEnc、Ares 或 Phobos 官方字段页。
Techno,AtmosphereEntry,Text,Yuri,community-reference-inferred-yuri-20260603,推断型字段：AtmosphereEntry / Techno 暂未完成官方逐条核验；根据字段名、所属 TechnoType 对象 上下文和既有社区资料线索，它可能用于对象行为、显示或引擎内部规则。取值格式仍按原 INI 资料或项目内实际用法确认。该说明仅作为 BuiltIn 宽松兜底，不能替代 ModEnc、Ares 或 Phobos 官方字段页。
Techno,AtomDamage,Text,Yuri,community-reference-inferred-yuri-20260603,推断型字段：AtomDamage / Techno 暂未完成官方逐条核验；根据字段名、所属 TechnoType 对象 上下文和既有社区资料线索，它可能用于生命值、护甲、伤害或修理倍率。取值格式仍按原 INI 资料或项目内实际用法确认。该说明仅作为 BuiltIn 宽松兜底，不能替代 ModEnc、Ares 或 Phobos 官方字段页。
Techno,AttachedParticleSystem,Text,Yuri,community-reference-inferred-yuri-20260603,推断型字段：AttachedParticleSystem / Techno 暂未完成官方逐条核验；根据字段名、所属 TechnoType 对象 上下文和既有社区资料线索，它可能用于对象行为、显示或引擎内部规则。取值格式仍按原 INI 资料或项目内实际用法确认。该说明仅作为 BuiltIn 宽松兜底，不能替代 ModEnc、Ares 或 Phobos 官方字段页。
Techno,AttackCursorOnDisguise,Text,Yuri,community-reference-inferred-yuri-20260603,推断型字段：AttackCursorOnDisguise / Techno 暂未完成官方逐条核验；根据字段名、所属 TechnoType 对象 上下文和既有社区资料线索，它可能用于武器、开火或投射表现，并可能涉及超级武器或特殊效果逻辑。取值格式仍按原 INI 资料或项目内实际用法确认。该说明仅作为 BuiltIn 宽松兜底，不能替代 ModEnc、Ares 或 Phobos 官方字段页。
Techno,AttackCursorOnFriendlies,Text,Yuri,community-reference-inferred-yuri-20260603,推断型字段：AttackCursorOnFriendlies / Techno 暂未完成官方逐条核验；根据字段名、所属 TechnoType 对象 上下文和既有社区资料线索，它可能用于武器、开火或投射表现，并可能涉及超级武器或特殊效果逻辑。取值格式仍按原 INI 资料或项目内实际用法确认。该说明仅作为 BuiltIn 宽松兜底，不能替代 ModEnc、Ares 或 Phobos 官方字段页。
Techno,AttackFriendlies,Text,Yuri,community-reference-inferred-yuri-20260603,推断型字段：AttackFriendlies / Techno 暂未完成官方逐条核验；根据字段名、所属 TechnoType 对象 上下文和既有社区资料线索，它可能用于对象行为、显示或引擎内部规则。取值格式仍按原 INI 资料或项目内实际用法确认。该说明仅作为 BuiltIn 宽松兜底，不能替代 ModEnc、Ares 或 Phobos 官方字段页。
Techno,AttackingAircraftSightRange,Text,Yuri,community-reference-inferred-yuri-20260603,推断型字段：AttackingAircraftSightRange / Techno 暂未完成官方逐条核验；根据字段名、所属 TechnoType 对象 上下文和既有社区资料线索，它可能用于AI 行为、目标选择或威胁评估，并可能涉及武器、开火或投射表现。取值格式仍按原 INI 资料或项目内实际用法确认。该说明仅作为 BuiltIn 宽松兜底，不能替代 ModEnc、Ares 或 Phobos 官方字段页。
Techno,AutoCrush,Text,Yuri,community-reference-inferred-yuri-20260603,推断型字段：AutoCrush / Techno 暂未完成官方逐条核验；根据字段名、所属 TechnoType 对象 上下文和既有社区资料线索，它可能用于移动、寻路、部署或运动限制。取值格式仍按原 INI 资料或项目内实际用法确认。该说明仅作为 BuiltIn 宽松兜底，不能替代 ModEnc、Ares 或 Phobos 官方字段页。
Techno,AutoTarget.NoThreatBuildings,Boolean,Phobos,community-reference-inferred-phobos-20260603,推断型字段：AutoTarget.NoThreatBuildings / Techno 暂未完成官方逐条核验；根据字段名、所属 TechnoType 对象 上下文和既有社区资料线索，它可能用于AI 行为、目标选择或威胁评估，并可能涉及建造条件、阵营可用性或生产经济。通常按 yes/no 布尔值理解。该说明仅作为 BuiltIn 宽松兜底，不能替代 ModEnc、Ares 或 Phobos 官方字段页。
Techno,AutoTargetAI.NoThreatBuildings,Boolean,Phobos,community-reference-inferred-phobos-20260603,推断型字段：AutoTargetAI.NoThreatBuildings / Techno 暂未完成官方逐条核验；根据字段名、所属 TechnoType 对象 上下文和既有社区资料线索，它可能用于AI 行为、目标选择或威胁评估，并可能涉及建造条件、阵营可用性或生产经济。通常按 yes/no 布尔值理解。该说明仅作为 BuiltIn 宽松兜底，不能替代 ModEnc、Ares 或 Phobos 官方字段页。
Techno,AuxBuilding,Reference,Yuri,community-reference-inferred-yuri-20260603,推断型字段：AuxBuilding / Techno 暂未完成官方逐条核验；根据字段名、所属 TechnoType 对象 上下文和既有社区资料线索，它可能用于建造条件、阵营可用性或生产经济。通常引用另一类 INI 对象或资源 ID。该说明仅作为 BuiltIn 宽松兜底，不能替代 ModEnc、Ares 或 Phobos 官方字段页。
Techno,AuxSound1,Reference,Yuri,community-reference-inferred-yuri-20260603,推断型字段：AuxSound1 / Techno 暂未完成官方逐条核验；根据字段名、所属 TechnoType 对象 上下文和既有社区资料线索，它可能用于声音、语音或 EVA 提示。通常引用另一类 INI 对象或资源 ID。该说明仅作为 BuiltIn 宽松兜底，不能替代 ModEnc、Ares 或 Phobos 官方字段页。
Techno,AuxSound2,Reference,Yuri,community-reference-inferred-yuri-20260603,推断型字段：AuxSound2 / Techno 暂未完成官方逐条核验；根据字段名、所属 TechnoType 对象 上下文和既有社区资料线索，它可能用于声音、语音或 EVA 提示。通常引用另一类 INI 对象或资源 ID。该说明仅作为 BuiltIn 宽松兜底，不能替代 ModEnc、Ares 或 Phobos 官方字段页。
Techno,BalloonHoverAcceleration,Text,Yuri,community-reference-inferred-yuri-20260603,推断型字段：BalloonHoverAcceleration / Techno 暂未完成官方逐条核验；根据字段名、所属 TechnoType 对象 上下文和既有社区资料线索，它可能用于移动、寻路、部署或运动限制，并可能涉及超级武器或特殊效果逻辑。取值格式仍按原 INI 资料或项目内实际用法确认。该说明仅作为 BuiltIn 宽松兜底，不能替代 ModEnc、Ares 或 Phobos 官方字段页。
Techno,BalloonHoverBob,Text,Yuri,community-reference-inferred-yuri-20260603,推断型字段：BalloonHoverBob / Techno 暂未完成官方逐条核验；根据字段名、所属 TechnoType 对象 上下文和既有社区资料线索，它可能用于移动、寻路、部署或运动限制。取值格式仍按原 INI 资料或项目内实际用法确认。该说明仅作为 BuiltIn 宽松兜底，不能替代 ModEnc、Ares 或 Phobos 官方字段页。
Techno,BalloonHoverBoost,Text,Yuri,community-reference-inferred-yuri-20260603,推断型字段：BalloonHoverBoost / Techno 暂未完成官方逐条核验；根据字段名、所属 TechnoType 对象 上下文和既有社区资料线索，它可能用于移动、寻路、部署或运动限制。取值格式仍按原 INI 资料或项目内实际用法确认。该说明仅作为 BuiltIn 宽松兜底，不能替代 ModEnc、Ares 或 Phobos 官方字段页。
Techno,BalloonHoverBrake,Text,Yuri,community-reference-inferred-yuri-20260603,推断型字段：BalloonHoverBrake / Techno 暂未完成官方逐条核验；根据字段名、所属 TechnoType 对象 上下文和既有社区资料线索，它可能用于移动、寻路、部署或运动限制。取值格式仍按原 INI 资料或项目内实际用法确认。该说明仅作为 BuiltIn 宽松兜底，不能替代 ModEnc、Ares 或 Phobos 官方字段页。
Techno,BalloonHoverDampen,Text,Yuri,community-reference-inferred-yuri-20260603,推断型字段：BalloonHoverDampen / Techno 暂未完成官方逐条核验；根据字段名、所属 TechnoType 对象 上下文和既有社区资料线索，它可能用于移动、寻路、部署或运动限制。取值格式仍按原 INI 资料或项目内实际用法确认。该说明仅作为 BuiltIn 宽松兜底，不能替代 ModEnc、Ares 或 Phobos 官方字段页。
Techno,BalloonHoverHeight,Text,Yuri,community-reference-inferred-yuri-20260603,推断型字段：BalloonHoverHeight / Techno 暂未完成官方逐条核验；根据字段名、所属 TechnoType 对象 上下文和既有社区资料线索，它可能用于移动、寻路、部署或运动限制。取值格式仍按原 INI 资料或项目内实际用法确认。该说明仅作为 BuiltIn 宽松兜底，不能替代 ModEnc、Ares 或 Phobos 官方字段页。
Techno,BarrelAnimIsVoxel,Text,Yuri,community-reference-inferred-yuri-20260603,推断型字段：BarrelAnimIsVoxel / Techno 暂未完成官方逐条核验；根据字段名、所属 TechnoType 对象 上下文和既有社区资料线索，它可能用于图像、动画、炮口坐标或 UI 表现，并可能涉及侦察、雷达、隐形或伪装。取值格式仍按原 INI 资料或项目内实际用法确认。该说明仅作为 BuiltIn 宽松兜底，不能替代 ModEnc、Ares 或 Phobos 官方字段页。
Techno,BarrelDebris,Text,Yuri,community-reference-inferred-yuri-20260603,推断型字段：BarrelDebris / Techno 暂未完成官方逐条核验；根据字段名、所属 TechnoType 对象 上下文和既有社区资料线索，它可能用于图像、动画、炮口坐标或 UI 表现。取值格式仍按原 INI 资料或项目内实际用法确认。该说明仅作为 BuiltIn 宽松兜底，不能替代 ModEnc、Ares 或 Phobos 官方字段页。
Techno,BarrelExplode,Text,Yuri,community-reference-inferred-yuri-20260603,推断型字段：BarrelExplode / Techno 暂未完成官方逐条核验；根据字段名、所属 TechnoType 对象 上下文和既有社区资料线索，它可能用于图像、动画、炮口坐标或 UI 表现。取值格式仍按原 INI 资料或项目内实际用法确认。该说明仅作为 BuiltIn 宽松兜底，不能替代 ModEnc、Ares 或 Phobos 官方字段页。
Techno,BarrelParticle,Text,Yuri,community-reference-inferred-yuri-20260603,推断型字段：BarrelParticle / Techno 暂未完成官方逐条核验；根据字段名、所属 TechnoType 对象 上下文和既有社区资料线索，它可能用于图像、动画、炮口坐标或 UI 表现。取值格式仍按原 INI 资料或项目内实际用法确认。该说明仅作为 BuiltIn 宽松兜底，不能替代 ModEnc、Ares 或 Phobos 官方字段页。
Techno,BarrelStartPitch,Text,Yuri,community-reference-inferred-yuri-20260603,推断型字段：BarrelStartPitch / Techno 暂未完成官方逐条核验；根据字段名、所属 TechnoType 对象 上下文和既有社区资料线索，它可能用于图像、动画、炮口坐标或 UI 表现。取值格式仍按原 INI 资料或项目内实际用法确认。该说明仅作为 BuiltIn 宽松兜底，不能替代 ModEnc、Ares 或 Phobos 官方字段页。
Techno,BaseBias,Text,Yuri,community-reference-inferred-yuri-20260603,推断型字段：BaseBias / Techno 暂未完成官方逐条核验；根据字段名、所属 TechnoType 对象 上下文和既有社区资料线索，它可能用于对象行为、显示或引擎内部规则。取值格式仍按原 INI 资料或项目内实际用法确认。该说明仅作为 BuiltIn 宽松兜底，不能替代 ModEnc、Ares 或 Phobos 官方字段页。
Techno,BaseDefenseDelay,Text,Yuri,community-reference-inferred-yuri-20260603,推断型字段：BaseDefenseDelay / Techno 暂未完成官方逐条核验；根据字段名、所属 TechnoType 对象 上下文和既有社区资料线索，它可能用于数值阈值、间隔、次数或概率参数。取值格式仍按原 INI 资料或项目内实际用法确认。该说明仅作为 BuiltIn 宽松兜底，不能替代 ModEnc、Ares 或 Phobos 官方字段页。
Techno,BaseNormal,Text,Yuri,community-reference-inferred-yuri-20260603,推断型字段：BaseNormal / Techno 暂未完成官方逐条核验；根据字段名、所属 TechnoType 对象 上下文和既有社区资料线索，它可能用于对象行为、显示或引擎内部规则。取值格式仍按原 INI 资料或项目内实际用法确认。该说明仅作为 BuiltIn 宽松兜底，不能替代 ModEnc、Ares 或 Phobos 官方字段页。
Techno,Bases,Text,Yuri,community-reference-inferred-yuri-20260603,推断型字段：Bases / Techno 暂未完成官方逐条核验；根据字段名、所属 TechnoType 对象 上下文和既有社区资料线索，它可能用于对象行为、显示或引擎内部规则。取值格式仍按原 INI 资料或项目内实际用法确认。该说明仅作为 BuiltIn 宽松兜底，不能替代 ModEnc、Ares 或 Phobos 官方字段页。
Techno,BaseUnderAttackSound,Reference,Yuri,community-reference-inferred-yuri-20260603,推断型字段：BaseUnderAttackSound / Techno 暂未完成官方逐条核验；根据字段名、所属 TechnoType 对象 上下文和既有社区资料线索，它可能用于声音、语音或 EVA 提示。通常引用另一类 INI 对象或资源 ID。该说明仅作为 BuiltIn 宽松兜底，不能替代 ModEnc、Ares 或 Phobos 官方字段页。
Techno,BaseUnit,Text,Yuri,community-reference-inferred-yuri-20260603,推断型字段：BaseUnit / Techno 暂未完成官方逐条核验；根据字段名、所属 TechnoType 对象 上下文和既有社区资料线索，它可能用于对象行为、显示或引擎内部规则。取值格式仍按原 INI 资料或项目内实际用法确认。该说明仅作为 BuiltIn 宽松兜底，不能替代 ModEnc、Ares 或 Phobos 官方字段页。
Techno,BehavesLike,Text,Yuri,community-reference-inferred-yuri-20260603,推断型字段：BehavesLike / Techno 暂未完成官方逐条核验；根据字段名、所属 TechnoType 对象 上下文和既有社区资料线索，它可能用于对象行为、显示或引擎内部规则。取值格式仍按原 INI 资料或项目内实际用法确认。该说明仅作为 BuiltIn 宽松兜底，不能替代 ModEnc、Ares 或 Phobos 官方字段页。
Techno,Behind,Text,Yuri,community-reference-inferred-yuri-20260603,推断型字段：Behind / Techno 暂未完成官方逐条核验；根据字段名、所属 TechnoType 对象 上下文和既有社区资料线索，它可能用于对象行为、显示或引擎内部规则。取值格式仍按原 INI 资料或项目内实际用法确认。该说明仅作为 BuiltIn 宽松兜底，不能替代 ModEnc、Ares 或 Phobos 官方字段页。
Techno,BerzerkAllowed,Text,Yuri,community-reference-inferred-yuri-20260603,推断型字段：BerzerkAllowed / Techno 暂未完成官方逐条核验；根据字段名、所属 TechnoType 对象 上下文和既有社区资料线索，它可能用于列表型条件、允许/禁止关系或筛选规则。取值格式仍按原 INI 资料或项目内实际用法确认。该说明仅作为 BuiltIn 宽松兜底，不能替代 ModEnc、Ares 或 Phobos 官方字段页。
Techno,BerzerkTargeting,Enum,Phobos,community-reference-inferred-phobos-20260603,推断型字段：BerzerkTargeting / Techno 暂未完成官方逐条核验；根据字段名、所属 TechnoType 对象 上下文和既有社区资料线索，它可能用于AI 行为、目标选择或威胁评估。通常按固定枚举值理解。该说明仅作为 BuiltIn 宽松兜底，不能替代 ModEnc、Ares 或 Phobos 官方字段页。
Techno,BlendedFog,Text,Yuri,community-reference-inferred-yuri-20260603,推断型字段：BlendedFog / Techno 暂未完成官方逐条核验；根据字段名、所属 TechnoType 对象 上下文和既有社区资料线索，它可能用于对象行为、显示或引擎内部规则。取值格式仍按原 INI 资料或项目内实际用法确认。该说明仅作为 BuiltIn 宽松兜底，不能替代 ModEnc、Ares 或 Phobos 官方字段页。
Techno,Bombable,Text,Yuri,community-reference-inferred-yuri-20260603,推断型字段：Bombable / Techno 暂未完成官方逐条核验；根据字段名、所属 TechnoType 对象 上下文和既有社区资料线索，它可能用于对象行为、显示或引擎内部规则。取值格式仍按原 INI 资料或项目内实际用法确认。该说明仅作为 BuiltIn 宽松兜底，不能替代 ModEnc、Ares 或 Phobos 官方字段页。
Techno,BombAttachSound,Reference,Yuri,community-reference-inferred-yuri-20260603,推断型字段：BombAttachSound / Techno 暂未完成官方逐条核验；根据字段名、所属 TechnoType 对象 上下文和既有社区资料线索，它可能用于声音、语音或 EVA 提示。通常引用另一类 INI 对象或资源 ID。该说明仅作为 BuiltIn 宽松兜底，不能替代 ModEnc、Ares 或 Phobos 官方字段页。
Techno,BombDisarm,Text,Yuri,community-reference-inferred-yuri-20260603,推断型字段：BombDisarm / Techno 暂未完成官方逐条核验；根据字段名、所属 TechnoType 对象 上下文和既有社区资料线索，它可能用于对象行为、显示或引擎内部规则。取值格式仍按原 INI 资料或项目内实际用法确认。该说明仅作为 BuiltIn 宽松兜底，不能替代 ModEnc、Ares 或 Phobos 官方字段页。
Techno,BombSight,Text,Yuri,community-reference-inferred-yuri-20260603,推断型字段：BombSight / Techno 暂未完成官方逐条核验；根据字段名、所属 TechnoType 对象 上下文和既有社区资料线索，它可能用于侦察、雷达、隐形或伪装。取值格式仍按原 INI 资料或项目内实际用法确认。该说明仅作为 BuiltIn 宽松兜底，不能替代 ModEnc、Ares 或 Phobos 官方字段页。
Techno,BombTickingSound,Reference,Yuri,community-reference-inferred-yuri-20260603,推断型字段：BombTickingSound / Techno 暂未完成官方逐条核验；根据字段名、所属 TechnoType 对象 上下文和既有社区资料线索，它可能用于声音、语音或 EVA 提示。通常引用另一类 INI 对象或资源 ID。该说明仅作为 BuiltIn 宽松兜底，不能替代 ModEnc、Ares 或 Phobos 官方字段页。
Techno,BounceAnim,Text,Yuri,community-reference-inferred-yuri-20260603,推断型字段：BounceAnim / Techno 暂未完成官方逐条核验；根据字段名、所属 TechnoType 对象 上下文和既有社区资料线索，它可能用于图像、动画、炮口坐标或 UI 表现。取值格式仍按原 INI 资料或项目内实际用法确认。该说明仅作为 BuiltIn 宽松兜底，不能替代 ModEnc、Ares 或 Phobos 官方字段页。
Techno,BounceSound,Text,Yuri,community-reference-inferred-yuri-20260603,推断型字段：BounceSound / Techno 暂未完成官方逐条核验；根据字段名、所属 TechnoType 对象 上下文和既有社区资料线索，它可能用于声音、语音或 EVA 提示。取值格式仍按原 INI 资料或项目内实际用法确认。该说明仅作为 BuiltIn 宽松兜底，不能替代 ModEnc、Ares 或 Phobos 官方字段页。
Techno,Bouncy,Text,Yuri,community-reference-inferred-yuri-20260603,推断型字段：Bouncy / Techno 暂未完成官方逐条核验；根据字段名、所属 TechnoType 对象 上下文和既有社区资料线索，它可能用于对象行为、显示或引擎内部规则。取值格式仍按原 INI 资料或项目内实际用法确认。该说明仅作为 BuiltIn 宽松兜底，不能替代 ModEnc、Ares 或 Phobos 官方字段页。
Techno,BridgeDestruction,Text,Yuri,community-reference-inferred-yuri-20260603,推断型字段：BridgeDestruction / Techno 暂未完成官方逐条核验；根据字段名、所属 TechnoType 对象 上下文和既有社区资料线索，它可能用于超级武器或特殊效果逻辑。取值格式仍按原 INI 资料或项目内实际用法确认。该说明仅作为 BuiltIn 宽松兜底，不能替代 ModEnc、Ares 或 Phobos 官方字段页。
Techno,BridgeExplosions,Text,Yuri,community-reference-inferred-yuri-20260603,推断型字段：BridgeExplosions / Techno 暂未完成官方逐条核验；根据字段名、所属 TechnoType 对象 上下文和既有社区资料线索，它可能用于超级武器或特殊效果逻辑。取值格式仍按原 INI 资料或项目内实际用法确认。该说明仅作为 BuiltIn 宽松兜底，不能替代 ModEnc、Ares 或 Phobos 官方字段页。
Techno,BridgeRepairHut,Text,Yuri,community-reference-inferred-yuri-20260603,推断型字段：BridgeRepairHut / Techno 暂未完成官方逐条核验；根据字段名、所属 TechnoType 对象 上下文和既有社区资料线索，它可能用于AI 行为、目标选择或威胁评估，并可能涉及生命值、护甲、伤害或修理倍率。取值格式仍按原 INI 资料或项目内实际用法确认。该说明仅作为 BuiltIn 宽松兜底，不能替代 ModEnc、Ares 或 Phobos 官方字段页。
Techno,BridgeStrength,Text,Yuri,community-reference-inferred-yuri-20260603,推断型字段：BridgeStrength / Techno 暂未完成官方逐条核验；根据字段名、所属 TechnoType 对象 上下文和既有社区资料线索，它可能用于生命值、护甲、伤害或修理倍率。取值格式仍按原 INI 资料或项目内实际用法确认。该说明仅作为 BuiltIn 宽松兜底，不能替代 ModEnc、Ares 或 Phobos 官方字段页。
Techno,BridgeVoxelMax,Text,Yuri,community-reference-inferred-yuri-20260603,推断型字段：BridgeVoxelMax / Techno 暂未完成官方逐条核验；根据字段名、所属 TechnoType 对象 上下文和既有社区资料线索，它可能用于图像、动画、炮口坐标或 UI 表现，并可能涉及数值阈值、间隔、次数或概率参数。取值格式仍按原 INI 资料或项目内实际用法确认。该说明仅作为 BuiltIn 宽松兜底，不能替代 ModEnc、Ares 或 Phobos 官方字段页。
Techno,Buildable,Text,Yuri,community-reference-inferred-yuri-20260603,推断型字段：Buildable / Techno 暂未完成官方逐条核验；根据字段名、所属 TechnoType 对象 上下文和既有社区资料线索，它可能用于建造条件、阵营可用性或生产经济。取值格式仍按原 INI 资料或项目内实际用法确认。该说明仅作为 BuiltIn 宽松兜底，不能替代 ModEnc、Ares 或 Phobos 官方字段页。
Techno,BuildAirstrip,Text,Yuri,community-reference-inferred-yuri-20260603,推断型字段：BuildAirstrip / Techno 暂未完成官方逐条核验；根据字段名、所属 TechnoType 对象 上下文和既有社区资料线索，它可能用于建造条件、阵营可用性或生产经济，并可能涉及AI 行为、目标选择或威胁评估。取值格式仍按原 INI 资料或项目内实际用法确认。该说明仅作为 BuiltIn 宽松兜底，不能替代 ModEnc、Ares 或 Phobos 官方字段页。
Techno,BuildDelay,Text,Yuri,community-reference-inferred-yuri-20260603,推断型字段：BuildDelay / Techno 暂未完成官方逐条核验；根据字段名、所属 TechnoType 对象 上下文和既有社区资料线索，它可能用于建造条件、阵营可用性或生产经济，并可能涉及图像、动画、炮口坐标或 UI 表现。取值格式仍按原 INI 资料或项目内实际用法确认。该说明仅作为 BuiltIn 宽松兜底，不能替代 ModEnc、Ares 或 Phobos 官方字段页。
Techno,BuildingAbandonedSound,Reference,Yuri,community-reference-inferred-yuri-20260603,推断型字段：BuildingAbandonedSound / Techno 暂未完成官方逐条核验；根据字段名、所属 TechnoType 对象 上下文和既有社区资料线索，它可能用于建造条件、阵营可用性或生产经济，并可能涉及声音、语音或 EVA 提示。通常引用另一类 INI 对象或资源 ID。该说明仅作为 BuiltIn 宽松兜底，不能替代 ModEnc、Ares 或 Phobos 官方字段页。
Techno,BuildingDamageSound,Reference,Yuri,community-reference-inferred-yuri-20260603,推断型字段：BuildingDamageSound / Techno 暂未完成官方逐条核验；根据字段名、所属 TechnoType 对象 上下文和既有社区资料线索，它可能用于建造条件、阵营可用性或生产经济，并可能涉及生命值、护甲、伤害或修理倍率。通常引用另一类 INI 对象或资源 ID。该说明仅作为 BuiltIn 宽松兜底，不能替代 ModEnc、Ares 或 Phobos 官方字段页。
Techno,BuildingDieSound,Reference,Yuri,community-reference-inferred-yuri-20260603,推断型字段：BuildingDieSound / Techno 暂未完成官方逐条核验；根据字段名、所属 TechnoType 对象 上下文和既有社区资料线索，它可能用于建造条件、阵营可用性或生产经济，并可能涉及声音、语音或 EVA 提示。通常引用另一类 INI 对象或资源 ID。该说明仅作为 BuiltIn 宽松兜底，不能替代 ModEnc、Ares 或 Phobos 官方字段页。
Techno,BuildingDrop,Reference,Yuri,community-reference-inferred-yuri-20260603,推断型字段：BuildingDrop / Techno 暂未完成官方逐条核验；根据字段名、所属 TechnoType 对象 上下文和既有社区资料线索，它可能用于建造条件、阵营可用性或生产经济，并可能涉及超级武器或特殊效果逻辑。通常引用另一类 INI 对象或资源 ID。该说明仅作为 BuiltIn 宽松兜底，不能替代 ModEnc、Ares 或 Phobos 官方字段页。
Techno,BuildingGarrisonedSound,Reference,Yuri,community-reference-inferred-yuri-20260603,推断型字段：BuildingGarrisonedSound / Techno 暂未完成官方逐条核验；根据字段名、所属 TechnoType 对象 上下文和既有社区资料线索，它可能用于建造条件、阵营可用性或生产经济，并可能涉及声音、语音或 EVA 提示。通常引用另一类 INI 对象或资源 ID。该说明仅作为 BuiltIn 宽松兜底，不能替代 ModEnc、Ares 或 Phobos 官方字段页。
Techno,BuildingPlace,Text,Yuri,community-reference-inferred-yuri-20260603,推断型字段：BuildingPlace / Techno 暂未完成官方逐条核验；根据字段名、所属 TechnoType 对象 上下文和既有社区资料线索，它可能用于建造条件、阵营可用性或生产经济。取值格式仍按原 INI 资料或项目内实际用法确认。该说明仅作为 BuiltIn 宽松兜底，不能替代 ModEnc、Ares 或 Phobos 官方字段页。
Techno,BuildingRepairedSound,Reference,Yuri,community-reference-inferred-yuri-20260603,推断型字段：BuildingRepairedSound / Techno 暂未完成官方逐条核验；根据字段名、所属 TechnoType 对象 上下文和既有社区资料线索，它可能用于AI 行为、目标选择或威胁评估，并可能涉及建造条件、阵营可用性或生产经济。通常引用另一类 INI 对象或资源 ID。该说明仅作为 BuiltIn 宽松兜底，不能替代 ModEnc、Ares 或 Phobos 官方字段页。
Techno,Buildings.DefaultDigitalDisplayTypes,MultiSelect,Phobos,community-reference-inferred-phobos-20260603,推断型字段：Buildings.DefaultDigitalDisplayTypes / Techno 暂未完成官方逐条核验；根据字段名、所属 TechnoType 对象 上下文和既有社区资料线索，它可能用于建造条件、阵营可用性或生产经济，并可能涉及图像、动画、炮口坐标或 UI 表现。通常按逗号分隔的枚举/列表值理解。该说明仅作为 BuiltIn 宽松兜底，不能替代 ModEnc、Ares 或 Phobos 官方字段页。
Techno,BuildingSlam,Reference,Yuri,community-reference-inferred-yuri-20260603,推断型字段：BuildingSlam / Techno 暂未完成官方逐条核验；根据字段名、所属 TechnoType 对象 上下文和既有社区资料线索，它可能用于建造条件、阵营可用性或生产经济。通常引用另一类 INI 对象或资源 ID。该说明仅作为 BuiltIn 宽松兜底，不能替代 ModEnc、Ares 或 Phobos 官方字段页。
Techno,BuildLimit,Text,Yuri,community-reference-inferred-yuri-20260603,推断型字段：BuildLimit / Techno 暂未完成官方逐条核验；根据字段名、所属 TechnoType 对象 上下文和既有社区资料线索，它可能用于建造条件、阵营可用性或生产经济，并可能涉及图像、动画、炮口坐标或 UI 表现。取值格式仍按原 INI 资料或项目内实际用法确认。该说明仅作为 BuiltIn 宽松兜底，不能替代 ModEnc、Ares 或 Phobos 官方字段页。
Techno,BuildOffAlly,Text,Yuri,community-reference-inferred-yuri-20260603,推断型字段：BuildOffAlly / Techno 暂未完成官方逐条核验；根据字段名、所属 TechnoType 对象 上下文和既有社区资料线索，它可能用于建造条件、阵营可用性或生产经济，并可能涉及图像、动画、炮口坐标或 UI 表现。取值格式仍按原 INI 资料或项目内实际用法确认。该说明仅作为 BuiltIn 宽松兜底，不能替代 ModEnc、Ares 或 Phobos 官方字段页。
Techno,BuildSlowdown,Text,Yuri,community-reference-inferred-yuri-20260603,推断型字段：BuildSlowdown / Techno 暂未完成官方逐条核验；根据字段名、所属 TechnoType 对象 上下文和既有社区资料线索，它可能用于建造条件、阵营可用性或生产经济，并可能涉及图像、动画、炮口坐标或 UI 表现。取值格式仍按原 INI 资料或项目内实际用法确认。该说明仅作为 BuiltIn 宽松兜底，不能替代 ModEnc、Ares 或 Phobos 官方字段页。
Techno,BuildSpeed,Text,Yuri,community-reference-inferred-yuri-20260603,推断型字段：BuildSpeed / Techno 暂未完成官方逐条核验；根据字段名、所属 TechnoType 对象 上下文和既有社区资料线索，它可能用于建造条件、阵营可用性或生产经济，并可能涉及移动、寻路、部署或运动限制。取值格式仍按原 INI 资料或项目内实际用法确认。该说明仅作为 BuiltIn 宽松兜底，不能替代 ModEnc、Ares 或 Phobos 官方字段页。
Techno,BuildTime,Text,Yuri,community-reference-inferred-yuri-20260603,推断型字段：BuildTime / Techno 暂未完成官方逐条核验；根据字段名、所属 TechnoType 对象 上下文和既有社区资料线索，它可能用于建造条件、阵营可用性或生产经济，并可能涉及数值阈值、间隔、次数或概率参数。取值格式仍按原 INI 资料或项目内实际用法确认。该说明仅作为 BuiltIn 宽松兜底，不能替代 ModEnc、Ares 或 Phobos 官方字段页。
Techno,BuildTimeDefensesMult,Text,Yuri,community-reference-inferred-yuri-20260603,推断型字段：BuildTimeDefensesMult / Techno 暂未完成官方逐条核验；根据字段名、所属 TechnoType 对象 上下文和既有社区资料线索，它可能用于建造条件、阵营可用性或生产经济，并可能涉及数值阈值、间隔、次数或概率参数。取值格式仍按原 INI 资料或项目内实际用法确认。该说明仅作为 BuiltIn 宽松兜底，不能替代 ModEnc、Ares 或 Phobos 官方字段页。
Techno,Buildup,Text,Yuri,community-reference-inferred-yuri-20260603,推断型字段：Buildup / Techno 暂未完成官方逐条核验；根据字段名、所属 TechnoType 对象 上下文和既有社区资料线索，它可能用于建造条件、阵营可用性或生产经济，并可能涉及图像、动画、炮口坐标或 UI 表现。取值格式仍按原 INI 资料或项目内实际用法确认。该说明仅作为 BuiltIn 宽松兜底，不能替代 ModEnc、Ares 或 Phobos 官方字段页。
Techno,BuildupSound,Reference,Yuri,community-reference-inferred-yuri-20260603,推断型字段：BuildupSound / Techno 暂未完成官方逐条核验；根据字段名、所属 TechnoType 对象 上下文和既有社区资料线索，它可能用于建造条件、阵营可用性或生产经济，并可能涉及图像、动画、炮口坐标或 UI 表现。通常引用另一类 INI 对象或资源 ID。该说明仅作为 BuiltIn 宽松兜底，不能替代 ModEnc、Ares 或 Phobos 官方字段页。
Techno,BuildupTime,Text,Yuri,community-reference-inferred-yuri-20260603,推断型字段：BuildupTime / Techno 暂未完成官方逐条核验；根据字段名、所属 TechnoType 对象 上下文和既有社区资料线索，它可能用于数值阈值、间隔、次数或概率参数，并可能涉及建造条件、阵营可用性或生产经济。取值格式仍按原 INI 资料或项目内实际用法确认。该说明仅作为 BuiltIn 宽松兜底，不能替代 ModEnc、Ares 或 Phobos 官方字段页。
Techno,Bullets,Text,Yuri,community-reference-inferred-yuri-20260603,推断型字段：Bullets / Techno 暂未完成官方逐条核验；根据字段名、所属 TechnoType 对象 上下文和既有社区资料线索，它可能用于对象行为、显示或引擎内部规则。取值格式仍按原 INI 资料或项目内实际用法确认。该说明仅作为 BuiltIn 宽松兜底，不能替代 ModEnc、Ares 或 Phobos 官方字段页。
Techno,C4,Text,Yuri,community-reference-inferred-yuri-20260603,推断型字段：C4 / Techno 暂未完成官方逐条核验；根据字段名、所属 TechnoType 对象 上下文和既有社区资料线索，它可能用于建造条件、阵营可用性或生产经济，并可能涉及移动、寻路、部署或运动限制。取值格式仍按原 INI 资料或项目内实际用法确认。该说明仅作为 BuiltIn 宽松兜底，不能替代 ModEnc、Ares 或 Phobos 官方字段页。
Techno,C4Delay,Text,Yuri,community-reference-inferred-yuri-20260603,推断型字段：C4Delay / Techno 暂未完成官方逐条核验；根据字段名、所属 TechnoType 对象 上下文和既有社区资料线索，它可能用于建造条件、阵营可用性或生产经济，并可能涉及移动、寻路、部署或运动限制。取值格式仍按原 INI 资料或项目内实际用法确认。该说明仅作为 BuiltIn 宽松兜底，不能替代 ModEnc、Ares 或 Phobos 官方字段页。
Techno,C4Warhead,Text,Yuri,community-reference-inferred-yuri-20260603,推断型字段：C4Warhead / Techno 暂未完成官方逐条核验；根据字段名、所属 TechnoType 对象 上下文和既有社区资料线索，它可能用于建造条件、阵营可用性或生产经济，并可能涉及移动、寻路、部署或运动限制。取值格式仍按原 INI 资料或项目内实际用法确认。该说明仅作为 BuiltIn 宽松兜底，不能替代 ModEnc、Ares 或 Phobos 官方字段页。
Techno,Camera,Text,Yuri,community-reference-inferred-yuri-20260603,推断型字段：Camera / Techno 暂未完成官方逐条核验；根据字段名、所属 TechnoType 对象 上下文和既有社区资料线索，它可能用于对象行为、显示或引擎内部规则。取值格式仍按原 INI 资料或项目内实际用法确认。该说明仅作为 BuiltIn 宽松兜底，不能替代 ModEnc、Ares 或 Phobos 官方字段页。
Techno,CameraRange,Text,Yuri,community-reference-inferred-yuri-20260603,推断型字段：CameraRange / Techno 暂未完成官方逐条核验；根据字段名、所属 TechnoType 对象 上下文和既有社区资料线索，它可能用于武器、开火或投射表现。取值格式仍按原 INI 资料或项目内实际用法确认。该说明仅作为 BuiltIn 宽松兜底，不能替代 ModEnc、Ares 或 Phobos 官方字段页。
Techno,CampaignDefaultGameSpeed,Integer,Phobos,community-reference-inferred-phobos-20260603,推断型字段：CampaignDefaultGameSpeed / Techno 暂未完成官方逐条核验；根据字段名、所属 TechnoType 对象 上下文和既有社区资料线索，它可能用于AI 行为、目标选择或威胁评估，并可能涉及移动、寻路、部署或运动限制。通常按整数参数理解。该说明仅作为 BuiltIn 宽松兜底，不能替代 ModEnc、Ares 或 Phobos 官方字段页。
Techno,CampaignMoneyDeltaEasy,Text,Yuri,community-reference-inferred-yuri-20260603,推断型字段：CampaignMoneyDeltaEasy / Techno 暂未完成官方逐条核验；根据字段名、所属 TechnoType 对象 上下文和既有社区资料线索，它可能用于AI 行为、目标选择或威胁评估，并可能涉及资源、矿石、回收或经济收益。取值格式仍按原 INI 资料或项目内实际用法确认。该说明仅作为 BuiltIn 宽松兜底，不能替代 ModEnc、Ares 或 Phobos 官方字段页。
Techno,CampaignMoneyDeltaHard,Text,Yuri,community-reference-inferred-yuri-20260603,推断型字段：CampaignMoneyDeltaHard / Techno 暂未完成官方逐条核验；根据字段名、所属 TechnoType 对象 上下文和既有社区资料线索，它可能用于AI 行为、目标选择或威胁评估，并可能涉及资源、矿石、回收或经济收益。取值格式仍按原 INI 资料或项目内实际用法确认。该说明仅作为 BuiltIn 宽松兜底，不能替代 ModEnc、Ares 或 Phobos 官方字段页。
Techno,CanApproachTarget,Text,Yuri,community-reference-inferred-yuri-20260603,推断型字段：CanApproachTarget / Techno 暂未完成官方逐条核验；根据字段名、所属 TechnoType 对象 上下文和既有社区资料线索，它可能用于AI 行为、目标选择或威胁评估。取值格式仍按原 INI 资料或项目内实际用法确认。该说明仅作为 BuiltIn 宽松兜底，不能替代 ModEnc、Ares 或 Phobos 官方字段页。
Techno,CanBeach,Text,Yuri,community-reference-inferred-yuri-20260603,推断型字段：CanBeach / Techno 暂未完成官方逐条核验；根据字段名、所属 TechnoType 对象 上下文和既有社区资料线索，它可能用于对象行为、显示或引擎内部规则。取值格式仍按原 INI 资料或项目内实际用法确认。该说明仅作为 BuiltIn 宽松兜底，不能替代 ModEnc、Ares 或 Phobos 官方字段页。
Techno,CanC4,Text,Yuri,community-reference-inferred-yuri-20260603,推断型字段：CanC4 / Techno 暂未完成官方逐条核验；根据字段名、所属 TechnoType 对象 上下文和既有社区资料线索，它可能用于建造条件、阵营可用性或生产经济，并可能涉及移动、寻路、部署或运动限制。取值格式仍按原 INI 资料或项目内实际用法确认。该说明仅作为 BuiltIn 宽松兜底，不能替代 ModEnc、Ares 或 Phobos 官方字段页。
Techno,CanDetonateDeathBomb,Text,Yuri,community-reference-inferred-yuri-20260603,推断型字段：CanDetonateDeathBomb / Techno 暂未完成官方逐条核验；根据字段名、所属 TechnoType 对象 上下文和既有社区资料线索，它可能用于武器、开火或投射表现。取值格式仍按原 INI 资料或项目内实际用法确认。该说明仅作为 BuiltIn 宽松兜底，不能替代 ModEnc、Ares 或 Phobos 官方字段页。
Techno,CanDetonateTimeBomb,Text,Yuri,community-reference-inferred-yuri-20260603,推断型字段：CanDetonateTimeBomb / Techno 暂未完成官方逐条核验；根据字段名、所属 TechnoType 对象 上下文和既有社区资料线索，它可能用于数值阈值、间隔、次数或概率参数。取值格式仍按原 INI 资料或项目内实际用法确认。该说明仅作为 BuiltIn 宽松兜底，不能替代 ModEnc、Ares 或 Phobos 官方字段页。
Techno,CanDrive,Boolean,Ares,community-reference-inferred-ares-20260603,推断型字段：CanDrive / Techno 暂未完成官方逐条核验；根据字段名、所属 TechnoType 对象 上下文和既有社区资料线索，它可能用于对象行为、显示或引擎内部规则。通常按 yes/no 布尔值理解。该说明仅作为 BuiltIn 宽松兜底，不能替代 ModEnc、Ares 或 Phobos 官方字段页。
Techno,CanRecalcApproachTarget,Text,Yuri,community-reference-inferred-yuri-20260603,推断型字段：CanRecalcApproachTarget / Techno 暂未完成官方逐条核验；根据字段名、所属 TechnoType 对象 上下文和既有社区资料线索，它可能用于AI 行为、目标选择或威胁评估。取值格式仍按原 INI 资料或项目内实际用法确认。该说明仅作为 BuiltIn 宽松兜底，不能替代 ModEnc、Ares 或 Phobos 官方字段页。
Techno,CaptureTheFlag,Text,Yuri,community-reference-inferred-yuri-20260603,推断型字段：CaptureTheFlag / Techno 暂未完成官方逐条核验；根据字段名、所属 TechnoType 对象 上下文和既有社区资料线索，它可能用于对象行为、显示或引擎内部规则。取值格式仍按原 INI 资料或项目内实际用法确认。该说明仅作为 BuiltIn 宽松兜底，不能替代 ModEnc、Ares 或 Phobos 官方字段页。
Techno,CarriesCrate,Text,Yuri,community-reference-inferred-yuri-20260603,推断型字段：CarriesCrate / Techno 暂未完成官方逐条核验；根据字段名、所属 TechnoType 对象 上下文和既有社区资料线索，它可能用于数值阈值、间隔、次数或概率参数。取值格式仍按原 INI 资料或项目内实际用法确认。该说明仅作为 BuiltIn 宽松兜底，不能替代 ModEnc、Ares 或 Phobos 官方字段页。
Techno,Carryall,Text,Yuri,community-reference-inferred-yuri-20260603,推断型字段：Carryall / Techno 暂未完成官方逐条核验；根据字段名、所属 TechnoType 对象 上下文和既有社区资料线索，它可能用于对象行为、显示或引擎内部规则。取值格式仍按原 INI 资料或项目内实际用法确认。该说明仅作为 BuiltIn 宽松兜底，不能替代 ModEnc、Ares 或 Phobos 官方字段页。
Techno,CausesDelayKill,Text,Yuri,community-reference-inferred-yuri-20260603,推断型字段：CausesDelayKill / Techno 暂未完成官方逐条核验；根据字段名、所属 TechnoType 对象 上下文和既有社区资料线索，它可能用于数值阈值、间隔、次数或概率参数。取值格式仍按原 INI 资料或项目内实际用法确认。该说明仅作为 BuiltIn 宽松兜底，不能替代 ModEnc、Ares 或 Phobos 官方字段页。
Techno,CellAnim,Text,Yuri,community-reference-inferred-yuri-20260603,推断型字段：CellAnim / Techno 暂未完成官方逐条核验；根据字段名、所属 TechnoType 对象 上下文和既有社区资料线索，它可能用于图像、动画、炮口坐标或 UI 表现。取值格式仍按原 INI 资料或项目内实际用法确认。该说明仅作为 BuiltIn 宽松兜底，不能替代 ModEnc、Ares 或 Phobos 官方字段页。
Techno,CellInset,Text,Yuri,community-reference-inferred-yuri-20260603,推断型字段：CellInset / Techno 暂未完成官方逐条核验；根据字段名、所属 TechnoType 对象 上下文和既有社区资料线索，它可能用于对象行为、显示或引擎内部规则。取值格式仍按原 INI 资料或项目内实际用法确认。该说明仅作为 BuiltIn 宽松兜底，不能替代 ModEnc、Ares 或 Phobos 官方字段页。
Techno,ChainReaction,Text,Yuri,community-reference-inferred-yuri-20260603,推断型字段：ChainReaction / Techno 暂未完成官方逐条核验；根据字段名、所属 TechnoType 对象 上下文和既有社区资料线索，它可能用于AI 行为、目标选择或威胁评估，并可能涉及超级武器或特殊效果逻辑。取值格式仍按原 INI 资料或项目内实际用法确认。该说明仅作为 BuiltIn 宽松兜底，不能替代 ModEnc、Ares 或 Phobos 官方字段页。
Techno,ChargeAnim,Reference,Yuri,community-reference-inferred-yuri-20260603,推断型字段：ChargeAnim / Techno 暂未完成官方逐条核验；根据字段名、所属 TechnoType 对象 上下文和既有社区资料线索，它可能用于图像、动画、炮口坐标或 UI 表现。通常引用另一类 INI 对象或资源 ID。该说明仅作为 BuiltIn 宽松兜底，不能替代 ModEnc、Ares 或 Phobos 官方字段页。
Techno,ChargedAnimTime,Text,Yuri,community-reference-inferred-yuri-20260603,推断型字段：ChargedAnimTime / Techno 暂未完成官方逐条核验；根据字段名、所属 TechnoType 对象 上下文和既有社区资料线索，它可能用于图像、动画、炮口坐标或 UI 表现，并可能涉及数值阈值、间隔、次数或概率参数。取值格式仍按原 INI 资料或项目内实际用法确认。该说明仅作为 BuiltIn 宽松兜底，不能替代 ModEnc、Ares 或 Phobos 官方字段页。
Techno,Charges,Text,Yuri,community-reference-inferred-yuri-20260603,推断型字段：Charges / Techno 暂未完成官方逐条核验；根据字段名、所属 TechnoType 对象 上下文和既有社区资料线索，它可能用于对象行为、显示或引擎内部规则。取值格式仍按原 INI 资料或项目内实际用法确认。该说明仅作为 BuiltIn 宽松兜底，不能替代 ModEnc、Ares 或 Phobos 官方字段页。
Techno,ChargeToDrainRatio,Text,Yuri,community-reference-inferred-yuri-20260603,推断型字段：ChargeToDrainRatio / Techno 暂未完成官方逐条核验；根据字段名、所属 TechnoType 对象 上下文和既有社区资料线索，它可能用于AI 行为、目标选择或威胁评估，并可能涉及建造条件、阵营可用性或生产经济。取值格式仍按原 INI 资料或项目内实际用法确认。该说明仅作为 BuiltIn 宽松兜底，不能替代 ModEnc、Ares 或 Phobos 官方字段页。
Techno,CheerSound,Reference,Yuri,community-reference-inferred-yuri-20260603,推断型字段：CheerSound / Techno 暂未完成官方逐条核验；根据字段名、所属 TechnoType 对象 上下文和既有社区资料线索，它可能用于声音、语音或 EVA 提示。通常引用另一类 INI 对象或资源 ID。该说明仅作为 BuiltIn 宽松兜底，不能替代 ModEnc、Ares 或 Phobos 官方字段页。
Techno,ChronoBeam,Text,Yuri,community-reference-inferred-yuri-20260603,推断型字段：ChronoBeam / Techno 暂未完成官方逐条核验；根据字段名、所属 TechnoType 对象 上下文和既有社区资料线索，它可能用于超级武器或特殊效果逻辑。取值格式仍按原 INI 资料或项目内实际用法确认。该说明仅作为 BuiltIn 宽松兜底，不能替代 ModEnc、Ares 或 Phobos 官方字段页。
Techno,ChronoBeamColor,Text,Yuri,community-reference-inferred-yuri-20260603,推断型字段：ChronoBeamColor / Techno 暂未完成官方逐条核验；根据字段名、所属 TechnoType 对象 上下文和既有社区资料线索，它可能用于超级武器或特殊效果逻辑，并可能涉及颜色、光照或视觉着色。取值格式仍按原 INI 资料或项目内实际用法确认。该说明仅作为 BuiltIn 宽松兜底，不能替代 ModEnc、Ares 或 Phobos 官方字段页。
Techno,ChronoBlast,Text,Yuri,community-reference-inferred-yuri-20260603,推断型字段：ChronoBlast / Techno 暂未完成官方逐条核验；根据字段名、所属 TechnoType 对象 上下文和既有社区资料线索，它可能用于超级武器或特殊效果逻辑。取值格式仍按原 INI 资料或项目内实际用法确认。该说明仅作为 BuiltIn 宽松兜底，不能替代 ModEnc、Ares 或 Phobos 官方字段页。
Techno,ChronoBlastDest,Text,Yuri,community-reference-inferred-yuri-20260603,推断型字段：ChronoBlastDest / Techno 暂未完成官方逐条核验；根据字段名、所属 TechnoType 对象 上下文和既有社区资料线索，它可能用于超级武器或特殊效果逻辑。取值格式仍按原 INI 资料或项目内实际用法确认。该说明仅作为 BuiltIn 宽松兜底，不能替代 ModEnc、Ares 或 Phobos 官方字段页。
Techno,ChronoHarvTooFarDistance,Text,Yuri,community-reference-inferred-yuri-20260603,推断型字段：ChronoHarvTooFarDistance / Techno 暂未完成官方逐条核验；根据字段名、所属 TechnoType 对象 上下文和既有社区资料线索，它可能用于超级武器或特殊效果逻辑，并可能涉及资源、矿石、回收或经济收益。取值格式仍按原 INI 资料或项目内实际用法确认。该说明仅作为 BuiltIn 宽松兜底，不能替代 ModEnc、Ares 或 Phobos 官方字段页。
Techno,ChronoInSound,Reference,Yuri,community-reference-inferred-yuri-20260603,推断型字段：ChronoInSound / Techno 暂未完成官方逐条核验；根据字段名、所属 TechnoType 对象 上下文和既有社区资料线索，它可能用于资源、矿石、回收或经济收益，并可能涉及数值阈值、间隔、次数或概率参数。通常引用另一类 INI 对象或资源 ID。该说明仅作为 BuiltIn 宽松兜底，不能替代 ModEnc、Ares 或 Phobos 官方字段页。
Techno,ChronoOutSound,Reference,Yuri,community-reference-inferred-yuri-20260603,推断型字段：ChronoOutSound / Techno 暂未完成官方逐条核验；根据字段名、所属 TechnoType 对象 上下文和既有社区资料线索，它可能用于声音、语音或 EVA 提示，并可能涉及超级武器或特殊效果逻辑。通常引用另一类 INI 对象或资源 ID。该说明仅作为 BuiltIn 宽松兜底，不能替代 ModEnc、Ares 或 Phobos 官方字段页。
Techno,ChronoPlacement,Text,Yuri,community-reference-inferred-yuri-20260603,推断型字段：ChronoPlacement / Techno 暂未完成官方逐条核验；根据字段名、所属 TechnoType 对象 上下文和既有社区资料线索，它可能用于超级武器或特殊效果逻辑。取值格式仍按原 INI 资料或项目内实际用法确认。该说明仅作为 BuiltIn 宽松兜底，不能替代 ModEnc、Ares 或 Phobos 官方字段页。
Techno,ChronoReinfDelay,Text,Yuri,community-reference-inferred-yuri-20260603,推断型字段：ChronoReinfDelay / Techno 暂未完成官方逐条核验；根据字段名、所属 TechnoType 对象 上下文和既有社区资料线索，它可能用于超级武器或特殊效果逻辑，并可能涉及数值阈值、间隔、次数或概率参数。取值格式仍按原 INI 资料或项目内实际用法确认。该说明仅作为 BuiltIn 宽松兜底，不能替代 ModEnc、Ares 或 Phobos 官方字段页。
Techno,Chronoshift.WarpIn,Reference,Phobos,community-reference-inferred-phobos-20260603,推断型字段：Chronoshift.WarpIn / Techno 暂未完成官方逐条核验；根据字段名、所属 TechnoType 对象 上下文和既有社区资料线索，它可能用于资源、矿石、回收或经济收益，并可能涉及数值阈值、间隔、次数或概率参数。通常引用另一类 INI 对象或资源 ID。该说明仅作为 BuiltIn 宽松兜底，不能替代 ModEnc、Ares 或 Phobos 官方字段页。
Techno,Chronoshift.WarpOut,Reference,Phobos,community-reference-inferred-phobos-20260603,推断型字段：Chronoshift.WarpOut / Techno 暂未完成官方逐条核验；根据字段名、所属 TechnoType 对象 上下文和既有社区资料线索，它可能用于超级武器或特殊效果逻辑。通常引用另一类 INI 对象或资源 ID。该说明仅作为 BuiltIn 宽松兜底，不能替代 ModEnc、Ares 或 Phobos 官方字段页。
Techno,ChronoSparkle1,Text,Yuri,community-reference-inferred-yuri-20260603,推断型字段：ChronoSparkle1 / Techno 暂未完成官方逐条核验；根据字段名、所属 TechnoType 对象 上下文和既有社区资料线索，它可能用于超级武器或特殊效果逻辑。取值格式仍按原 INI 资料或项目内实际用法确认。该说明仅作为 BuiltIn 宽松兜底，不能替代 ModEnc、Ares 或 Phobos 官方字段页。
Techno,ChronoSphereDelay,Integer,Phobos,community-reference-inferred-phobos-20260603,推断型字段：ChronoSphereDelay / Techno 暂未完成官方逐条核验；根据字段名、所属 TechnoType 对象 上下文和既有社区资料线索，它可能用于超级武器或特殊效果逻辑，并可能涉及数值阈值、间隔、次数或概率参数。通常按整数参数理解。该说明仅作为 BuiltIn 宽松兜底，不能替代 ModEnc、Ares 或 Phobos 官方字段页。
Techno,ChronoSpherePreDelay,Integer,Phobos,community-reference-inferred-phobos-20260603,推断型字段：ChronoSpherePreDelay / Techno 暂未完成官方逐条核验；根据字段名、所属 TechnoType 对象 上下文和既有社区资料线索，它可能用于建造条件、阵营可用性或生产经济，并可能涉及超级武器或特殊效果逻辑。通常按整数参数理解。该说明仅作为 BuiltIn 宽松兜底，不能替代 ModEnc、Ares 或 Phobos 官方字段页。
Techno,ChuteSound,Reference,Yuri,community-reference-inferred-yuri-20260603,推断型字段：ChuteSound / Techno 暂未完成官方逐条核验；根据字段名、所属 TechnoType 对象 上下文和既有社区资料线索，它可能用于声音、语音或 EVA 提示。通常引用另一类 INI 对象或资源 ID。该说明仅作为 BuiltIn 宽松兜底，不能替代 ModEnc、Ares 或 Phobos 官方字段页。
Techno,CivEvac,Text,Yuri,community-reference-inferred-yuri-20260603,推断型字段：CivEvac / Techno 暂未完成官方逐条核验；根据字段名、所属 TechnoType 对象 上下文和既有社区资料线索，它可能用于声音、语音或 EVA 提示。取值格式仍按原 INI 资料或项目内实际用法确认。该说明仅作为 BuiltIn 宽松兜底，不能替代 ModEnc、Ares 或 Phobos 官方字段页。
Techno,Civilian,Text,Yuri,community-reference-inferred-yuri-20260603,推断型字段：Civilian / Techno 暂未完成官方逐条核验；根据字段名、所属 TechnoType 对象 上下文和既有社区资料线索，它可能用于对象行为、显示或引擎内部规则。取值格式仍按原 INI 资料或项目内实际用法确认。该说明仅作为 BuiltIn 宽松兜底，不能替代 ModEnc、Ares 或 Phobos 官方字段页。
Techno,ClearAllWeapons,Text,Yuri,community-reference-inferred-yuri-20260603,推断型字段：ClearAllWeapons / Techno 暂未完成官方逐条核验；根据字段名、所属 TechnoType 对象 上下文和既有社区资料线索，它可能用于列表型条件、允许/禁止关系或筛选规则，并可能涉及武器、开火或投射表现。取值格式仍按原 INI 资料或项目内实际用法确认。该说明仅作为 BuiltIn 宽松兜底，不能替代 ModEnc、Ares 或 Phobos 官方字段页。
Techno,ClickRepairable,Text,Yuri,community-reference-inferred-yuri-20260603,推断型字段：ClickRepairable / Techno 暂未完成官方逐条核验；根据字段名、所属 TechnoType 对象 上下文和既有社区资料线索，它可能用于AI 行为、目标选择或威胁评估，并可能涉及生命值、护甲、伤害或修理倍率。取值格式仍按原 INI 资料或项目内实际用法确认。该说明仅作为 BuiltIn 宽松兜底，不能替代 ModEnc、Ares 或 Phobos 官方字段页。
Techno,CliffBackImpassability,Text,Yuri,community-reference-inferred-yuri-20260603,推断型字段：CliffBackImpassability / Techno 暂未完成官方逐条核验；根据字段名、所属 TechnoType 对象 上下文和既有社区资料线索，它可能用于对象行为、显示或引擎内部规则。取值格式仍按原 INI 资料或项目内实际用法确认。该说明仅作为 BuiltIn 宽松兜底，不能替代 ModEnc、Ares 或 Phobos 官方字段页。
Techno,Climb,Text,Yuri,community-reference-inferred-yuri-20260603,推断型字段：Climb / Techno 暂未完成官方逐条核验；根据字段名、所属 TechnoType 对象 上下文和既有社区资料线索，它可能用于对象行为、显示或引擎内部规则。取值格式仍按原 INI 资料或项目内实际用法确认。该说明仅作为 BuiltIn 宽松兜底，不能替代 ModEnc、Ares 或 Phobos 官方字段页。
Techno,Cloak,Text,Yuri,community-reference-inferred-yuri-20260603,推断型字段：Cloak / Techno 暂未完成官方逐条核验；根据字段名、所属 TechnoType 对象 上下文和既有社区资料线索，它可能用于侦察、雷达、隐形或伪装。取值格式仍按原 INI 资料或项目内实际用法确认。该说明仅作为 BuiltIn 宽松兜底，不能替代 ModEnc、Ares 或 Phobos 官方字段页。
Techno,CloakDelay,Text,Yuri,community-reference-inferred-yuri-20260603,推断型字段：CloakDelay / Techno 暂未完成官方逐条核验；根据字段名、所属 TechnoType 对象 上下文和既有社区资料线索，它可能用于侦察、雷达、隐形或伪装，并可能涉及数值阈值、间隔、次数或概率参数。取值格式仍按原 INI 资料或项目内实际用法确认。该说明仅作为 BuiltIn 宽松兜底，不能替代 ModEnc、Ares 或 Phobos 官方字段页。
Techno,CloakGenerator,Text,Yuri,community-reference-inferred-yuri-20260603,推断型字段：CloakGenerator / Techno 暂未完成官方逐条核验；根据字段名、所属 TechnoType 对象 上下文和既有社区资料线索，它可能用于侦察、雷达、隐形或伪装。取值格式仍按原 INI 资料或项目内实际用法确认。该说明仅作为 BuiltIn 宽松兜底，不能替代 ModEnc、Ares 或 Phobos 官方字段页。
Techno,CloakingStages,Text,Yuri,community-reference-inferred-yuri-20260603,推断型字段：CloakingStages / Techno 暂未完成官方逐条核验；根据字段名、所属 TechnoType 对象 上下文和既有社区资料线索，它可能用于侦察、雷达、隐形或伪装。取值格式仍按原 INI 资料或项目内实际用法确认。该说明仅作为 BuiltIn 宽松兜底，不能替代 ModEnc、Ares 或 Phobos 官方字段页。
Techno,CloakRadiusInCells,Text,Yuri,community-reference-inferred-yuri-20260603,推断型字段：CloakRadiusInCells / Techno 暂未完成官方逐条核验；根据字段名、所属 TechnoType 对象 上下文和既有社区资料线索，它可能用于侦察、雷达、隐形或伪装，并可能涉及资源、矿石、回收或经济收益。取值格式仍按原 INI 资料或项目内实际用法确认。该说明仅作为 BuiltIn 宽松兜底，不能替代 ModEnc、Ares 或 Phobos 官方字段页。
Techno,CloakSound,Reference,Yuri,community-reference-inferred-yuri-20260603,推断型字段：CloakSound / Techno 暂未完成官方逐条核验；根据字段名、所属 TechnoType 对象 上下文和既有社区资料线索，它可能用于侦察、雷达、隐形或伪装，并可能涉及声音、语音或 EVA 提示。通常引用另一类 INI 对象或资源 ID。该说明仅作为 BuiltIn 宽松兜底，不能替代 ModEnc、Ares 或 Phobos 官方字段页。
Techno,CloakStop,Text,Yuri,community-reference-inferred-yuri-20260603,推断型字段：CloakStop / Techno 暂未完成官方逐条核验；根据字段名、所属 TechnoType 对象 上下文和既有社区资料线索，它可能用于侦察、雷达、隐形或伪装。取值格式仍按原 INI 资料或项目内实际用法确认。该说明仅作为 BuiltIn 宽松兜底，不能替代 ModEnc、Ares 或 Phobos 官方字段页。
Techno,Cluster,Text,Yuri,community-reference-inferred-yuri-20260603,推断型字段：Cluster / Techno 暂未完成官方逐条核验；根据字段名、所属 TechnoType 对象 上下文和既有社区资料线索，它可能用于对象行为、显示或引擎内部规则。取值格式仍按原 INI 资料或项目内实际用法确认。该说明仅作为 BuiltIn 宽松兜底，不能替代 ModEnc、Ares 或 Phobos 官方字段页。
Techno,CollapseChance,Text,Yuri,community-reference-inferred-yuri-20260603,推断型字段：CollapseChance / Techno 暂未完成官方逐条核验；根据字段名、所属 TechnoType 对象 上下文和既有社区资料线索，它可能用于数值阈值、间隔、次数或概率参数。取值格式仍按原 INI 资料或项目内实际用法确认。该说明仅作为 BuiltIn 宽松兜底，不能替代 ModEnc、Ares 或 Phobos 官方字段页。
Techno,Color,Text,Yuri,community-reference-inferred-yuri-20260603,推断型字段：Color / Techno 暂未完成官方逐条核验；根据字段名、所属 TechnoType 对象 上下文和既有社区资料线索，它可能用于颜色、光照或视觉着色。取值格式仍按原 INI 资料或项目内实际用法确认。该说明仅作为 BuiltIn 宽松兜底，不能替代 ModEnc、Ares 或 Phobos 官方字段页。
Techno,ColorAddUse8BitRGB,Boolean,Phobos,community-reference-inferred-phobos-20260603,推断型字段：ColorAddUse8BitRGB / Techno 暂未完成官方逐条核验；根据字段名、所属 TechnoType 对象 上下文和既有社区资料线索，它可能用于建造条件、阵营可用性或生产经济，并可能涉及颜色、光照或视觉着色。通常按 yes/no 布尔值理解。该说明仅作为 BuiltIn 宽松兜底，不能替代 ModEnc、Ares 或 Phobos 官方字段页。
Techno,ColorList,Text,Yuri,community-reference-inferred-yuri-20260603,推断型字段：ColorList / Techno 暂未完成官方逐条核验；根据字段名、所属 TechnoType 对象 上下文和既有社区资料线索，它可能用于列表型条件、允许/禁止关系或筛选规则，并可能涉及颜色、光照或视觉着色。取值格式仍按原 INI 资料或项目内实际用法确认。该说明仅作为 BuiltIn 宽松兜底，不能替代 ModEnc、Ares 或 Phobos 官方字段页。
Techno,ColorSpeed,Text,Yuri,community-reference-inferred-yuri-20260603,推断型字段：ColorSpeed / Techno 暂未完成官方逐条核验；根据字段名、所属 TechnoType 对象 上下文和既有社区资料线索，它可能用于移动、寻路、部署或运动限制，并可能涉及颜色、光照或视觉着色。取值格式仍按原 INI 资料或项目内实际用法确认。该说明仅作为 BuiltIn 宽松兜底，不能替代 ModEnc、Ares 或 Phobos 官方字段页。
Techno,ConcentricRadialIndicator,Text,Yuri,community-reference-inferred-yuri-20260603,推断型字段：ConcentricRadialIndicator / Techno 暂未完成官方逐条核验；根据字段名、所属 TechnoType 对象 上下文和既有社区资料线索，它可能用于对象行为、显示或引擎内部规则。取值格式仍按原 INI 资料或项目内实际用法确认。该说明仅作为 BuiltIn 宽松兜底，不能替代 ModEnc、Ares 或 Phobos 官方字段页。
Techno,ConditionRed,Text,Yuri,community-reference-inferred-yuri-20260603,推断型字段：ConditionRed / Techno 暂未完成官方逐条核验；根据字段名、所属 TechnoType 对象 上下文和既有社区资料线索，它可能用于建造条件、阵营可用性或生产经济，并可能涉及超级武器或特殊效果逻辑。取值格式仍按原 INI 资料或项目内实际用法确认。该说明仅作为 BuiltIn 宽松兜底，不能替代 ModEnc、Ares 或 Phobos 官方字段页。
Techno,ConditionRedSparkingProbability,Text,Yuri,community-reference-inferred-yuri-20260603,推断型字段：ConditionRedSparkingProbability / Techno 暂未完成官方逐条核验；根据字段名、所属 TechnoType 对象 上下文和既有社区资料线索，它可能用于建造条件、阵营可用性或生产经济，并可能涉及超级武器或特殊效果逻辑。取值格式仍按原 INI 资料或项目内实际用法确认。该说明仅作为 BuiltIn 宽松兜底，不能替代 ModEnc、Ares 或 Phobos 官方字段页。
Techno,ConditionYellow,Text,Yuri,community-reference-inferred-yuri-20260603,推断型字段：ConditionYellow / Techno 暂未完成官方逐条核验；根据字段名、所属 TechnoType 对象 上下文和既有社区资料线索，它可能用于超级武器或特殊效果逻辑。取值格式仍按原 INI 资料或项目内实际用法确认。该说明仅作为 BuiltIn 宽松兜底，不能替代 ModEnc、Ares 或 Phobos 官方字段页。
Techno,ConditionYellowSparkingProbability,Text,Yuri,community-reference-inferred-yuri-20260603,推断型字段：ConditionYellowSparkingProbability / Techno 暂未完成官方逐条核验；根据字段名、所属 TechnoType 对象 上下文和既有社区资料线索，它可能用于超级武器或特殊效果逻辑，并可能涉及数值阈值、间隔、次数或概率参数。取值格式仍按原 INI 资料或项目内实际用法确认。该说明仅作为 BuiltIn 宽松兜底，不能替代 ModEnc、Ares 或 Phobos 官方字段页。
Techno,ConsideredAircraft,Text,Yuri,community-reference-inferred-yuri-20260603,推断型字段：ConsideredAircraft / Techno 暂未完成官方逐条核验；根据字段名、所属 TechnoType 对象 上下文和既有社区资料线索，它可能用于AI 行为、目标选择或威胁评估，并可能涉及颜色、光照或视觉着色。取值格式仍按原 INI 资料或项目内实际用法确认。该说明仅作为 BuiltIn 宽松兜底，不能替代 ModEnc、Ares 或 Phobos 官方字段页。
Techno,ContentScan,Text,Yuri,community-reference-inferred-yuri-20260603,推断型字段：ContentScan / Techno 暂未完成官方逐条核验；根据字段名、所属 TechnoType 对象 上下文和既有社区资料线索，它可能用于对象行为、显示或引擎内部规则。取值格式仍按原 INI 资料或项目内实际用法确认。该说明仅作为 BuiltIn 宽松兜底，不能替代 ModEnc、Ares 或 Phobos 官方字段页。
Techno,Convert.ResetMindControl,Boolean,Phobos,community-reference-inferred-phobos-20260603,推断型字段：Convert.ResetMindControl / Techno 暂未完成官方逐条核验；根据字段名、所属 TechnoType 对象 上下文和既有社区资料线索，它可能用于部署、运输、乘员或形态切换，并可能涉及数值阈值、间隔、次数或概率参数。通常按 yes/no 布尔值理解。该说明仅作为 BuiltIn 宽松兜底，不能替代 ModEnc、Ares 或 Phobos 官方字段页。
Techno,CostDefensesMult,Text,Yuri,community-reference-inferred-yuri-20260603,推断型字段：CostDefensesMult / Techno 暂未完成官方逐条核验；根据字段名、所属 TechnoType 对象 上下文和既有社区资料线索，它可能用于建造条件、阵营可用性或生产经济，并可能涉及生命值、护甲、伤害或修理倍率。取值格式仍按原 INI 资料或项目内实际用法确认。该说明仅作为 BuiltIn 宽松兜底，不能替代 ModEnc、Ares 或 Phobos 官方字段页。
Techno,Crash,Integer,Phobos,community-reference-inferred-phobos-20260603,推断型字段：Crash / Techno 暂未完成官方逐条核验；根据字段名、所属 TechnoType 对象 上下文和既有社区资料线索，它可能用于对象行为、显示或引擎内部规则。通常按整数参数理解。该说明仅作为 BuiltIn 宽松兜底，不能替代 ModEnc、Ares 或 Phobos 官方字段页。
Techno,CrashingSound,Reference,Yuri,community-reference-inferred-yuri-20260603,推断型字段：CrashingSound / Techno 暂未完成官方逐条核验；根据字段名、所属 TechnoType 对象 上下文和既有社区资料线索，它可能用于声音、语音或 EVA 提示。通常引用另一类 INI 对象或资源 ID。该说明仅作为 BuiltIn 宽松兜底，不能替代 ModEnc、Ares 或 Phobos 官方字段页。
Techno,Crate,Text,Yuri,community-reference-inferred-yuri-20260603,推断型字段：Crate / Techno 暂未完成官方逐条核验；根据字段名、所属 TechnoType 对象 上下文和既有社区资料线索，它可能用于数值阈值、间隔、次数或概率参数。取值格式仍按原 INI 资料或项目内实际用法确认。该说明仅作为 BuiltIn 宽松兜底，不能替代 ModEnc、Ares 或 Phobos 官方字段页。
Techno,CrateArmourSound,Reference,Yuri,community-reference-inferred-yuri-20260603,推断型字段：CrateArmourSound / Techno 暂未完成官方逐条核验；根据字段名、所属 TechnoType 对象 上下文和既有社区资料线索，它可能用于声音、语音或 EVA 提示，并可能涉及数值阈值、间隔、次数或概率参数。通常引用另一类 INI 对象或资源 ID。该说明仅作为 BuiltIn 宽松兜底，不能替代 ModEnc、Ares 或 Phobos 官方字段页。
Techno,CrateBeneath,Text,Yuri,community-reference-inferred-yuri-20260603,推断型字段：CrateBeneath / Techno 暂未完成官方逐条核验；根据字段名、所属 TechnoType 对象 上下文和既有社区资料线索，它可能用于数值阈值、间隔、次数或概率参数。取值格式仍按原 INI 资料或项目内实际用法确认。该说明仅作为 BuiltIn 宽松兜底，不能替代 ModEnc、Ares 或 Phobos 官方字段页。
Techno,CrateBeneathIsMoney,Text,Yuri,community-reference-inferred-yuri-20260603,推断型字段：CrateBeneathIsMoney / Techno 暂未完成官方逐条核验；根据字段名、所属 TechnoType 对象 上下文和既有社区资料线索，它可能用于侦察、雷达、隐形或伪装，并可能涉及列表型条件、允许/禁止关系或筛选规则。取值格式仍按原 INI 资料或项目内实际用法确认。该说明仅作为 BuiltIn 宽松兜底，不能替代 ModEnc、Ares 或 Phobos 官方字段页。
Techno,CrateFireSound,Reference,Yuri,community-reference-inferred-yuri-20260603,推断型字段：CrateFireSound / Techno 暂未完成官方逐条核验；根据字段名、所属 TechnoType 对象 上下文和既有社区资料线索，它可能用于武器、开火或投射表现，并可能涉及声音、语音或 EVA 提示。通常引用另一类 INI 对象或资源 ID。该说明仅作为 BuiltIn 宽松兜底，不能替代 ModEnc、Ares 或 Phobos 官方字段页。
Techno,CrateImg,Text,Yuri,community-reference-inferred-yuri-20260603,推断型字段：CrateImg / Techno 暂未完成官方逐条核验；根据字段名、所属 TechnoType 对象 上下文和既有社区资料线索，它可能用于数值阈值、间隔、次数或概率参数。取值格式仍按原 INI 资料或项目内实际用法确认。该说明仅作为 BuiltIn 宽松兜底，不能替代 ModEnc、Ares 或 Phobos 官方字段页。
Techno,CrateMaximum,Text,Yuri,community-reference-inferred-yuri-20260603,推断型字段：CrateMaximum / Techno 暂未完成官方逐条核验；根据字段名、所属 TechnoType 对象 上下文和既有社区资料线索，它可能用于数值阈值、间隔、次数或概率参数。取值格式仍按原 INI 资料或项目内实际用法确认。该说明仅作为 BuiltIn 宽松兜底，不能替代 ModEnc、Ares 或 Phobos 官方字段页。
Techno,CrateMinimum,Text,Yuri,community-reference-inferred-yuri-20260603,推断型字段：CrateMinimum / Techno 暂未完成官方逐条核验；根据字段名、所属 TechnoType 对象 上下文和既有社区资料线索，它可能用于数值阈值、间隔、次数或概率参数。取值格式仍按原 INI 资料或项目内实际用法确认。该说明仅作为 BuiltIn 宽松兜底，不能替代 ModEnc、Ares 或 Phobos 官方字段页。
Techno,CrateMoneySound,Reference,Yuri,community-reference-inferred-yuri-20260603,推断型字段：CrateMoneySound / Techno 暂未完成官方逐条核验；根据字段名、所属 TechnoType 对象 上下文和既有社区资料线索，它可能用于声音、语音或 EVA 提示，并可能涉及资源、矿石、回收或经济收益。通常引用另一类 INI 对象或资源 ID。该说明仅作为 BuiltIn 宽松兜底，不能替代 ModEnc、Ares 或 Phobos 官方字段页。
Techno,CratePromoteSound,Reference,Yuri,community-reference-inferred-yuri-20260603,推断型字段：CratePromoteSound / Techno 暂未完成官方逐条核验；根据字段名、所属 TechnoType 对象 上下文和既有社区资料线索，它可能用于声音、语音或 EVA 提示，并可能涉及数值阈值、间隔、次数或概率参数。通常引用另一类 INI 对象或资源 ID。该说明仅作为 BuiltIn 宽松兜底，不能替代 ModEnc、Ares 或 Phobos 官方字段页。
Techno,CrateRadius,Text,Yuri,community-reference-inferred-yuri-20260603,推断型字段：CrateRadius / Techno 暂未完成官方逐条核验；根据字段名、所属 TechnoType 对象 上下文和既有社区资料线索，它可能用于数值阈值、间隔、次数或概率参数。取值格式仍按原 INI 资料或项目内实际用法确认。该说明仅作为 BuiltIn 宽松兜底，不能替代 ModEnc、Ares 或 Phobos 官方字段页。
Techno,CrateRegen,Text,Yuri,community-reference-inferred-yuri-20260603,推断型字段：CrateRegen / Techno 暂未完成官方逐条核验；根据字段名、所属 TechnoType 对象 上下文和既有社区资料线索，它可能用于数值阈值、间隔、次数或概率参数。取值格式仍按原 INI 资料或项目内实际用法确认。该说明仅作为 BuiltIn 宽松兜底，不能替代 ModEnc、Ares 或 Phobos 官方字段页。
Techno,CrateRevealSound,Reference,Yuri,community-reference-inferred-yuri-20260603,推断型字段：CrateRevealSound / Techno 暂未完成官方逐条核验；根据字段名、所属 TechnoType 对象 上下文和既有社区资料线索，它可能用于侦察、雷达、隐形或伪装，并可能涉及声音、语音或 EVA 提示。通常引用另一类 INI 对象或资源 ID。该说明仅作为 BuiltIn 宽松兜底，不能替代 ModEnc、Ares 或 Phobos 官方字段页。
Techno,CraterLevel,Text,Yuri,community-reference-inferred-yuri-20260603,推断型字段：CraterLevel / Techno 暂未完成官方逐条核验；根据字段名、所属 TechnoType 对象 上下文和既有社区资料线索，它可能用于建造条件、阵营可用性或生产经济，并可能涉及数值阈值、间隔、次数或概率参数。取值格式仍按原 INI 资料或项目内实际用法确认。该说明仅作为 BuiltIn 宽松兜底，不能替代 ModEnc、Ares 或 Phobos 官方字段页。
Techno,Craters,Text,Yuri,community-reference-inferred-yuri-20260603,推断型字段：Craters / Techno 暂未完成官方逐条核验；根据字段名、所属 TechnoType 对象 上下文和既有社区资料线索，它可能用于数值阈值、间隔、次数或概率参数。取值格式仍按原 INI 资料或项目内实际用法确认。该说明仅作为 BuiltIn 宽松兜底，不能替代 ModEnc、Ares 或 Phobos 官方字段页。
Techno,Crates,Text,Yuri,community-reference-inferred-yuri-20260603,推断型字段：Crates / Techno 暂未完成官方逐条核验；根据字段名、所属 TechnoType 对象 上下文和既有社区资料线索，它可能用于数值阈值、间隔、次数或概率参数。取值格式仍按原 INI 资料或项目内实际用法确认。该说明仅作为 BuiltIn 宽松兜底，不能替代 ModEnc、Ares 或 Phobos 官方字段页。
Techno,CrateSpeedSound,Reference,Yuri,community-reference-inferred-yuri-20260603,推断型字段：CrateSpeedSound / Techno 暂未完成官方逐条核验；根据字段名、所属 TechnoType 对象 上下文和既有社区资料线索，它可能用于移动、寻路、部署或运动限制，并可能涉及声音、语音或 EVA 提示。通常引用另一类 INI 对象或资源 ID。该说明仅作为 BuiltIn 宽松兜底，不能替代 ModEnc、Ares 或 Phobos 官方字段页。
Techno,CrateTrigger,Text,Yuri,community-reference-inferred-yuri-20260603,推断型字段：CrateTrigger / Techno 暂未完成官方逐条核验；根据字段名、所属 TechnoType 对象 上下文和既有社区资料线索，它可能用于数值阈值、间隔、次数或概率参数。取值格式仍按原 INI 资料或项目内实际用法确认。该说明仅作为 BuiltIn 宽松兜底，不能替代 ModEnc、Ares 或 Phobos 官方字段页。
Techno,CrateUnitSound,Reference,Yuri,community-reference-inferred-yuri-20260603,推断型字段：CrateUnitSound / Techno 暂未完成官方逐条核验；根据字段名、所属 TechnoType 对象 上下文和既有社区资料线索，它可能用于声音、语音或 EVA 提示，并可能涉及数值阈值、间隔、次数或概率参数。通常引用另一类 INI 对象或资源 ID。该说明仅作为 BuiltIn 宽松兜底，不能替代 ModEnc、Ares 或 Phobos 官方字段页。
Techno,CreateAircraftSound,Reference,Yuri,community-reference-inferred-yuri-20260603,推断型字段：CreateAircraftSound / Techno 暂未完成官方逐条核验；根据字段名、所属 TechnoType 对象 上下文和既有社区资料线索，它可能用于AI 行为、目标选择或威胁评估，并可能涉及声音、语音或 EVA 提示。通常引用另一类 INI 对象或资源 ID。该说明仅作为 BuiltIn 宽松兜底，不能替代 ModEnc、Ares 或 Phobos 官方字段页。
Techno,CreateInfantrySound,Reference,Yuri,community-reference-inferred-yuri-20260603,推断型字段：CreateInfantrySound / Techno 暂未完成官方逐条核验；根据字段名、所属 TechnoType 对象 上下文和既有社区资料线索，它可能用于声音、语音或 EVA 提示。通常引用另一类 INI 对象或资源 ID。该说明仅作为 BuiltIn 宽松兜底，不能替代 ModEnc、Ares 或 Phobos 官方字段页。
Techno,CreateSound,Reference,Yuri,community-reference-inferred-yuri-20260603,推断型字段：CreateSound / Techno 暂未完成官方逐条核验；根据字段名、所属 TechnoType 对象 上下文和既有社区资料线索，它可能用于声音、语音或 EVA 提示。通常引用另一类 INI 对象或资源 ID。该说明仅作为 BuiltIn 宽松兜底，不能替代 ModEnc、Ares 或 Phobos 官方字段页。
Techno,CreateUnitSound,Reference,Yuri,community-reference-inferred-yuri-20260603,推断型字段：CreateUnitSound / Techno 暂未完成官方逐条核验；根据字段名、所属 TechnoType 对象 上下文和既有社区资料线索，它可能用于声音、语音或 EVA 提示。通常引用另一类 INI 对象或资源 ID。该说明仅作为 BuiltIn 宽松兜底，不能替代 ModEnc、Ares 或 Phobos 官方字段页。
Techno,CreditTicks,Reference,Yuri,community-reference-inferred-yuri-20260603,推断型字段：CreditTicks / Techno 暂未完成官方逐条核验；根据字段名、所属 TechnoType 对象 上下文和既有社区资料线索，它可能用于颜色、光照或视觉着色。通常引用另一类 INI 对象或资源 ID。该说明仅作为 BuiltIn 宽松兜底，不能替代 ModEnc、Ares 或 Phobos 官方字段页。
Techno,CrewEscape,Text,Yuri,community-reference-inferred-yuri-20260603,推断型字段：CrewEscape / Techno 暂未完成官方逐条核验；根据字段名、所属 TechnoType 对象 上下文和既有社区资料线索，它可能用于生成物、乘员、残骸或派生单位。取值格式仍按原 INI 资料或项目内实际用法确认。该说明仅作为 BuiltIn 宽松兜底，不能替代 ModEnc、Ares 或 Phobos 官方字段页。
Techno,CruiseHeight,Text,Yuri,community-reference-inferred-yuri-20260603,推断型字段：CruiseHeight / Techno 暂未完成官方逐条核验；根据字段名、所属 TechnoType 对象 上下文和既有社区资料线索，它可能用于对象行为、显示或引擎内部规则。取值格式仍按原 INI 资料或项目内实际用法确认。该说明仅作为 BuiltIn 宽松兜底，不能替代 ModEnc、Ares 或 Phobos 官方字段页。
Techno,Crush,Text,Yuri,community-reference-inferred-yuri-20260603,推断型字段：Crush / Techno 暂未完成官方逐条核验；根据字段名、所属 TechnoType 对象 上下文和既有社区资料线索，它可能用于移动、寻路、部署或运动限制。取值格式仍按原 INI 资料或项目内实际用法确认。该说明仅作为 BuiltIn 宽松兜底，不能替代 ModEnc、Ares 或 Phobos 官方字段页。
Techno,Culling,Text,Yuri,community-reference-inferred-yuri-20260603,推断型字段：Culling / Techno 暂未完成官方逐条核验；根据字段名、所属 TechnoType 对象 上下文和既有社区资料线索，它可能用于对象行为、显示或引擎内部规则。取值格式仍按原 INI 资料或项目内实际用法确认。该说明仅作为 BuiltIn 宽松兜底，不能替代 ModEnc、Ares 或 Phobos 官方字段页。
Techno,CustomGS,Boolean,Phobos,community-reference-inferred-phobos-20260603,推断型字段：CustomGS / Techno 暂未完成官方逐条核验；根据字段名、所属 TechnoType 对象 上下文和既有社区资料线索，它可能用于对象行为、显示或引擎内部规则。通常按 yes/no 布尔值理解。该说明仅作为 BuiltIn 宽松兜底，不能替代 ModEnc、Ares 或 Phobos 官方字段页。
Techno,CustomGSN.ChangeDelay,Integer,Phobos,community-reference-inferred-phobos-20260603,推断型字段：CustomGSN.ChangeDelay / Techno 暂未完成官方逐条核验；根据字段名、所属 TechnoType 对象 上下文和既有社区资料线索，它可能用于数值阈值、间隔、次数或概率参数。通常按整数参数理解。该说明仅作为 BuiltIn 宽松兜底，不能替代 ModEnc、Ares 或 Phobos 官方字段页。
Techno,CustomGSN.DefaultDelay,Integer,Phobos,community-reference-inferred-phobos-20260603,推断型字段：CustomGSN.DefaultDelay / Techno 暂未完成官方逐条核验；根据字段名、所属 TechnoType 对象 上下文和既有社区资料线索，它可能用于数值阈值、间隔、次数或概率参数。通常按整数参数理解。该说明仅作为 BuiltIn 宽松兜底，不能替代 ModEnc、Ares 或 Phobos 官方字段页。
Techno,Cyborg,Text,Yuri,community-reference-inferred-yuri-20260603,推断型字段：Cyborg / Techno 暂未完成官方逐条核验；根据字段名、所属 TechnoType 对象 上下文和既有社区资料线索，它可能用于对象行为、显示或引擎内部规则。取值格式仍按原 INI 资料或项目内实际用法确认。该说明仅作为 BuiltIn 宽松兜底，不能替代 ModEnc、Ares 或 Phobos 官方字段页。
Techno,DamageDelay,Text,Yuri,community-reference-inferred-yuri-20260603,推断型字段：DamageDelay / Techno 暂未完成官方逐条核验；根据字段名、所属 TechnoType 对象 上下文和既有社区资料线索，它可能用于生命值、护甲、伤害或修理倍率，并可能涉及数值阈值、间隔、次数或概率参数。取值格式仍按原 INI 资料或项目内实际用法确认。该说明仅作为 BuiltIn 宽松兜底，不能替代 ModEnc、Ares 或 Phobos 官方字段页。
Techno,DamagedSpeed,Integer,Phobos,community-reference-inferred-phobos-20260603,推断型字段：DamagedSpeed / Techno 暂未完成官方逐条核验；根据字段名、所属 TechnoType 对象 上下文和既有社区资料线索，它可能用于生命值、护甲、伤害或修理倍率，并可能涉及移动、寻路、部署或运动限制。通常按整数参数理解。该说明仅作为 BuiltIn 宽松兜底，不能替代 ModEnc、Ares 或 Phobos 官方字段页。
Techno,DamageFireTypes,Text,Yuri,community-reference-inferred-yuri-20260603,推断型字段：DamageFireTypes / Techno 暂未完成官方逐条核验；根据字段名、所属 TechnoType 对象 上下文和既有社区资料线索，它可能用于武器、开火或投射表现，并可能涉及生命值、护甲、伤害或修理倍率。取值格式仍按原 INI 资料或项目内实际用法确认。该说明仅作为 BuiltIn 宽松兜底，不能替代 ModEnc、Ares 或 Phobos 官方字段页。
Techno,DamageParticleSystems,Text,Yuri,community-reference-inferred-yuri-20260603,推断型字段：DamageParticleSystems / Techno 暂未完成官方逐条核验；根据字段名、所属 TechnoType 对象 上下文和既有社区资料线索，它可能用于生命值、护甲、伤害或修理倍率。取值格式仍按原 INI 资料或项目内实际用法确认。该说明仅作为 BuiltIn 宽松兜底，不能替代 ModEnc、Ares 或 Phobos 官方字段页。
Techno,DamageRadius,Text,Yuri,community-reference-inferred-yuri-20260603,推断型字段：DamageRadius / Techno 暂未完成官方逐条核验；根据字段名、所属 TechnoType 对象 上下文和既有社区资料线索，它可能用于生命值、护甲、伤害或修理倍率。取值格式仍按原 INI 资料或项目内实际用法确认。该说明仅作为 BuiltIn 宽松兜底，不能替代 ModEnc、Ares 或 Phobos 官方字段页。
Techno,DamageSmokeOffset,Text,Yuri,community-reference-inferred-yuri-20260603,推断型字段：DamageSmokeOffset / Techno 暂未完成官方逐条核验；根据字段名、所属 TechnoType 对象 上下文和既有社区资料线索，它可能用于生命值、护甲、伤害或修理倍率，并可能涉及图像、动画、炮口坐标或 UI 表现。取值格式仍按原 INI 资料或项目内实际用法确认。该说明仅作为 BuiltIn 宽松兜底，不能替代 ModEnc、Ares 或 Phobos 官方字段页。
Techno,DamageSound,Reference,Yuri,community-reference-inferred-yuri-20260603,推断型字段：DamageSound / Techno 暂未完成官方逐条核验；根据字段名、所属 TechnoType 对象 上下文和既有社区资料线索，它可能用于生命值、护甲、伤害或修理倍率，并可能涉及声音、语音或 EVA 提示。通常引用另一类 INI 对象或资源 ID。该说明仅作为 BuiltIn 宽松兜底，不能替代 ModEnc、Ares 或 Phobos 官方字段页。
Techno,DamageToFirestormDamageCoefficient,Text,Yuri,community-reference-inferred-yuri-20260603,推断型字段：DamageToFirestormDamageCoefficient / Techno 暂未完成官方逐条核验；根据字段名、所属 TechnoType 对象 上下文和既有社区资料线索，它可能用于建造条件、阵营可用性或生产经济，并可能涉及武器、开火或投射表现。取值格式仍按原 INI 资料或项目内实际用法确认。该说明仅作为 BuiltIn 宽松兜底，不能替代 ModEnc、Ares 或 Phobos 官方字段页。
Techno,DamSmkOffScrnRel,Text,Yuri,community-reference-inferred-yuri-20260603,推断型字段：DamSmkOffScrnRel / Techno 暂未完成官方逐条核验；根据字段名、所属 TechnoType 对象 上下文和既有社区资料线索，它可能用于图像、动画、炮口坐标或 UI 表现，并可能涉及生命值、护甲、伤害或修理倍率。取值格式仍按原 INI 资料或项目内实际用法确认。该说明仅作为 BuiltIn 宽松兜底，不能替代 ModEnc、Ares 或 Phobos 官方字段页。
Techno,DarkGreen,Text,Yuri,community-reference-inferred-yuri-20260603,推断型字段：DarkGreen / Techno 暂未完成官方逐条核验；根据字段名、所属 TechnoType 对象 上下文和既有社区资料线索，它可能用于颜色、光照或视觉着色。取值格式仍按原 INI 资料或项目内实际用法确认。该说明仅作为 BuiltIn 宽松兜底，不能替代 ModEnc、Ares 或 Phobos 官方字段页。
Techno,DarkSky,Text,Yuri,community-reference-inferred-yuri-20260603,推断型字段：DarkSky / Techno 暂未完成官方逐条核验；根据字段名、所属 TechnoType 对象 上下文和既有社区资料线索，它可能用于对象行为、显示或引擎内部规则。取值格式仍按原 INI 资料或项目内实际用法确认。该说明仅作为 BuiltIn 宽松兜底，不能替代 ModEnc、Ares 或 Phobos 官方字段页。
Techno,Deacc,Text,Yuri,community-reference-inferred-yuri-20260603,推断型字段：Deacc / Techno 暂未完成官方逐条核验；根据字段名、所属 TechnoType 对象 上下文和既有社区资料线索，它可能用于对象行为、显示或引擎内部规则。取值格式仍按原 INI 资料或项目内实际用法确认。该说明仅作为 BuiltIn 宽松兜底，不能替代 ModEnc、Ares 或 Phobos 官方字段页。
Techno,DeadBodies,Text,Yuri,community-reference-inferred-yuri-20260603,推断型字段：DeadBodies / Techno 暂未完成官方逐条核验；根据字段名、所属 TechnoType 对象 上下文和既有社区资料线索，它可能用于对象行为、显示或引擎内部规则。取值格式仍按原 INI 资料或项目内实际用法确认。该说明仅作为 BuiltIn 宽松兜底，不能替代 ModEnc、Ares 或 Phobos 官方字段页。
Techno,DeathAnims,Text,Yuri,community-reference-inferred-yuri-20260603,推断型字段：DeathAnims / Techno 暂未完成官方逐条核验；根据字段名、所属 TechnoType 对象 上下文和既有社区资料线索，它可能用于武器、开火或投射表现，并可能涉及图像、动画、炮口坐标或 UI 表现。取值格式仍按原 INI 资料或项目内实际用法确认。该说明仅作为 BuiltIn 宽松兜底，不能替代 ModEnc、Ares 或 Phobos 官方字段页。
Techno,DeathWeapon,Text,Yuri,community-reference-inferred-yuri-20260603,推断型字段：DeathWeapon / Techno 暂未完成官方逐条核验；根据字段名、所属 TechnoType 对象 上下文和既有社区资料线索，它可能用于武器、开火或投射表现。取值格式仍按原 INI 资料或项目内实际用法确认。该说明仅作为 BuiltIn 宽松兜底，不能替代 ModEnc、Ares 或 Phobos 官方字段页。
Techno,DeathWeaponDamageModifier,Text,Yuri,community-reference-inferred-yuri-20260603,推断型字段：DeathWeaponDamageModifier / Techno 暂未完成官方逐条核验；根据字段名、所属 TechnoType 对象 上下文和既有社区资料线索，它可能用于武器、开火或投射表现，并可能涉及生命值、护甲、伤害或修理倍率。取值格式仍按原 INI 资料或项目内实际用法确认。该说明仅作为 BuiltIn 宽松兜底，不能替代 ModEnc、Ares 或 Phobos 官方字段页。
Techno,Debris,Text,Yuri,community-reference-inferred-yuri-20260603,推断型字段：Debris / Techno 暂未完成官方逐条核验；根据字段名、所属 TechnoType 对象 上下文和既有社区资料线索，它可能用于对象行为、显示或引擎内部规则。取值格式仍按原 INI 资料或项目内实际用法确认。该说明仅作为 BuiltIn 宽松兜底，不能替代 ModEnc、Ares 或 Phobos 官方字段页。
Techno,DebrisTypes,Text,Yuri,community-reference-inferred-yuri-20260603,推断型字段：DebrisTypes / Techno 暂未完成官方逐条核验；根据字段名、所属 TechnoType 对象 上下文和既有社区资料线索，它可能用于对象行为、显示或引擎内部规则。取值格式仍按原 INI 资料或项目内实际用法确认。该说明仅作为 BuiltIn 宽松兜底，不能替代 ModEnc、Ares 或 Phobos 官方字段页。
Techno,DebrisTypes.Limit,Boolean,Phobos,community-reference-inferred-phobos-20260603,推断型字段：DebrisTypes.Limit / Techno 暂未完成官方逐条核验；根据字段名、所属 TechnoType 对象 上下文和既有社区资料线索，它可能用于建造条件、阵营可用性或生产经济，并可能涉及数值阈值、间隔、次数或概率参数。通常按 yes/no 布尔值理解。该说明仅作为 BuiltIn 宽松兜底，不能替代 ModEnc、Ares 或 Phobos 官方字段页。
Techno,DefaultChronoSound,Text,Yuri,community-reference-inferred-yuri-20260603,推断型字段：DefaultChronoSound / Techno 暂未完成官方逐条核验；根据字段名、所属 TechnoType 对象 上下文和既有社区资料线索，它可能用于声音、语音或 EVA 提示，并可能涉及超级武器或特殊效果逻辑。取值格式仍按原 INI 资料或项目内实际用法确认。该说明仅作为 BuiltIn 宽松兜底，不能替代 ModEnc、Ares 或 Phobos 官方字段页。
Techno,DefaultDebrisSmokeSystem,Text,Yuri,community-reference-inferred-yuri-20260603,推断型字段：DefaultDebrisSmokeSystem / Techno 暂未完成官方逐条核验；根据字段名、所属 TechnoType 对象 上下文和既有社区资料线索，它可能用于对象行为、显示或引擎内部规则。取值格式仍按原 INI 资料或项目内实际用法确认。该说明仅作为 BuiltIn 宽松兜底，不能替代 ModEnc、Ares 或 Phobos 官方字段页。
Techno,DefaultFirestormExplosionSystem,Text,Yuri,community-reference-inferred-yuri-20260603,推断型字段：DefaultFirestormExplosionSystem / Techno 暂未完成官方逐条核验；根据字段名、所属 TechnoType 对象 上下文和既有社区资料线索，它可能用于武器、开火或投射表现，并可能涉及超级武器或特殊效果逻辑。取值格式仍按原 INI 资料或项目内实际用法确认。该说明仅作为 BuiltIn 宽松兜底，不能替代 ModEnc、Ares 或 Phobos 官方字段页。
Techno,DefaultFireStreamSystem,Text,Yuri,community-reference-inferred-yuri-20260603,推断型字段：DefaultFireStreamSystem / Techno 暂未完成官方逐条核验；根据字段名、所属 TechnoType 对象 上下文和既有社区资料线索，它可能用于武器、开火或投射表现。取值格式仍按原 INI 资料或项目内实际用法确认。该说明仅作为 BuiltIn 宽松兜底，不能替代 ModEnc、Ares 或 Phobos 官方字段页。
Techno,DefaultLargeGreySmokeSystem,Text,Yuri,community-reference-inferred-yuri-20260603,推断型字段：DefaultLargeGreySmokeSystem / Techno 暂未完成官方逐条核验；根据字段名、所属 TechnoType 对象 上下文和既有社区资料线索，它可能用于对象行为、显示或引擎内部规则。取值格式仍按原 INI 资料或项目内实际用法确认。该说明仅作为 BuiltIn 宽松兜底，不能替代 ModEnc、Ares 或 Phobos 官方字段页。
Techno,DefaultLargeRedSmokeSystem,Text,Yuri,community-reference-inferred-yuri-20260603,推断型字段：DefaultLargeRedSmokeSystem / Techno 暂未完成官方逐条核验；根据字段名、所属 TechnoType 对象 上下文和既有社区资料线索，它可能用于建造条件、阵营可用性或生产经济，并可能涉及列表型条件、允许/禁止关系或筛选规则。取值格式仍按原 INI 资料或项目内实际用法确认。该说明仅作为 BuiltIn 宽松兜底，不能替代 ModEnc、Ares 或 Phobos 官方字段页。
Techno,DefaultMirageDisguises,Text,Yuri,community-reference-inferred-yuri-20260603,推断型字段：DefaultMirageDisguises / Techno 暂未完成官方逐条核验；根据字段名、所属 TechnoType 对象 上下文和既有社区资料线索，它可能用于侦察、雷达、隐形或伪装。取值格式仍按原 INI 资料或项目内实际用法确认。该说明仅作为 BuiltIn 宽松兜底，不能替代 ModEnc、Ares 或 Phobos 官方字段页。
Techno,DefaultRepairParticleSystem,Text,Yuri,community-reference-inferred-yuri-20260603,推断型字段：DefaultRepairParticleSystem / Techno 暂未完成官方逐条核验；根据字段名、所属 TechnoType 对象 上下文和既有社区资料线索，它可能用于AI 行为、目标选择或威胁评估，并可能涉及生命值、护甲、伤害或修理倍率。取值格式仍按原 INI 资料或项目内实际用法确认。该说明仅作为 BuiltIn 宽松兜底，不能替代 ModEnc、Ares 或 Phobos 官方字段页。
Techno,DefaultSmallGreySmokeSystem,Text,Yuri,community-reference-inferred-yuri-20260603,推断型字段：DefaultSmallGreySmokeSystem / Techno 暂未完成官方逐条核验；根据字段名、所属 TechnoType 对象 上下文和既有社区资料线索，它可能用于对象行为、显示或引擎内部规则。取值格式仍按原 INI 资料或项目内实际用法确认。该说明仅作为 BuiltIn 宽松兜底，不能替代 ModEnc、Ares 或 Phobos 官方字段页。
Techno,DefaultSmallRedSmokeSystem,Text,Yuri,community-reference-inferred-yuri-20260603,推断型字段：DefaultSmallRedSmokeSystem / Techno 暂未完成官方逐条核验；根据字段名、所属 TechnoType 对象 上下文和既有社区资料线索，它可能用于建造条件、阵营可用性或生产经济，并可能涉及列表型条件、允许/禁止关系或筛选规则。取值格式仍按原 INI 资料或项目内实际用法确认。该说明仅作为 BuiltIn 宽松兜底，不能替代 ModEnc、Ares 或 Phobos 官方字段页。
Techno,DefaultSparkSystem,Text,Yuri,community-reference-inferred-yuri-20260603,推断型字段：DefaultSparkSystem / Techno 暂未完成官方逐条核验；根据字段名、所属 TechnoType 对象 上下文和既有社区资料线索，它可能用于对象行为、显示或引擎内部规则。取值格式仍按原 INI 资料或项目内实际用法确认。该说明仅作为 BuiltIn 宽松兜底，不能替代 ModEnc、Ares 或 Phobos 官方字段页。
Techno,DefaultTestParticleSystem,Text,Yuri,community-reference-inferred-yuri-20260603,推断型字段：DefaultTestParticleSystem / Techno 暂未完成官方逐条核验；根据字段名、所属 TechnoType 对象 上下文和既有社区资料线索，它可能用于对象行为、显示或引擎内部规则。取值格式仍按原 INI 资料或项目内实际用法确认。该说明仅作为 BuiltIn 宽松兜底，不能替代 ModEnc、Ares 或 Phobos 官方字段页。
Techno,DefaultToGuardArea,Text,Yuri,community-reference-inferred-yuri-20260603,推断型字段：DefaultToGuardArea / Techno 暂未完成官方逐条核验；根据字段名、所属 TechnoType 对象 上下文和既有社区资料线索，它可能用于AI 行为、目标选择或威胁评估，并可能涉及建造条件、阵营可用性或生产经济。取值格式仍按原 INI 资料或项目内实际用法确认。该说明仅作为 BuiltIn 宽松兜底，不能替代 ModEnc、Ares 或 Phobos 官方字段页。
Techno,Deform,Text,Yuri,community-reference-inferred-yuri-20260603,推断型字段：Deform / Techno 暂未完成官方逐条核验；根据字段名、所属 TechnoType 对象 上下文和既有社区资料线索，它可能用于对象行为、显示或引擎内部规则。取值格式仍按原 INI 资料或项目内实际用法确认。该说明仅作为 BuiltIn 宽松兜底，不能替代 ModEnc、Ares 或 Phobos 官方字段页。
Techno,DeformThreshhold,Text,Yuri,community-reference-inferred-yuri-20260603,推断型字段：DeformThreshhold / Techno 暂未完成官方逐条核验；根据字段名、所属 TechnoType 对象 上下文和既有社区资料线索，它可能用于对象行为、显示或引擎内部规则。取值格式仍按原 INI 资料或项目内实际用法确认。该说明仅作为 BuiltIn 宽松兜底，不能替代 ModEnc、Ares 或 Phobos 官方字段页。
Techno,Degenerates,Text,Yuri,community-reference-inferred-yuri-20260603,推断型字段：Degenerates / Techno 暂未完成官方逐条核验；根据字段名、所属 TechnoType 对象 上下文和既有社区资料线索，它可能用于数值阈值、间隔、次数或概率参数。取值格式仍按原 INI 资料或项目内实际用法确认。该说明仅作为 BuiltIn 宽松兜底，不能替代 ModEnc、Ares 或 Phobos 官方字段页。
Techno,DelayKillAtMax,Text,Yuri,community-reference-inferred-yuri-20260603,推断型字段：DelayKillAtMax / Techno 暂未完成官方逐条核验；根据字段名、所属 TechnoType 对象 上下文和既有社区资料线索，它可能用于数值阈值、间隔、次数或概率参数，并可能涉及移动、寻路、部署或运动限制。取值格式仍按原 INI 资料或项目内实际用法确认。该说明仅作为 BuiltIn 宽松兜底，不能替代 ModEnc、Ares 或 Phobos 官方字段页。
Techno,DelayKillFrames,Text,Yuri,community-reference-inferred-yuri-20260603,推断型字段：DelayKillFrames / Techno 暂未完成官方逐条核验；根据字段名、所属 TechnoType 对象 上下文和既有社区资料线索，它可能用于图像、动画、炮口坐标或 UI 表现，并可能涉及数值阈值、间隔、次数或概率参数。取值格式仍按原 INI 资料或项目内实际用法确认。该说明仅作为 BuiltIn 宽松兜底，不能替代 ModEnc、Ares 或 Phobos 官方字段页。
Techno,DeleteOnStateLimit,Text,Yuri,community-reference-inferred-yuri-20260603,推断型字段：DeleteOnStateLimit / Techno 暂未完成官方逐条核验；根据字段名、所属 TechnoType 对象 上下文和既有社区资料线索，它可能用于武器、开火或投射表现，并可能涉及超级武器或特殊效果逻辑。取值格式仍按原 INI 资料或项目内实际用法确认。该说明仅作为 BuiltIn 宽松兜底，不能替代 ModEnc、Ares 或 Phobos 官方字段页。
Techno,DeploySound,Reference,Yuri,community-reference-inferred-yuri-20260603,推断型字段：DeploySound / Techno 暂未完成官方逐条核验；根据字段名、所属 TechnoType 对象 上下文和既有社区资料线索，它可能用于部署、运输、乘员或形态切换，并可能涉及声音、语音或 EVA 提示。通常引用另一类 INI 对象或资源 ID。该说明仅作为 BuiltIn 宽松兜底，不能替代 ModEnc、Ares 或 Phobos 官方字段页。
Techno,DeployToFire,Text,Yuri,community-reference-inferred-yuri-20260603,推断型字段：DeployToFire / Techno 暂未完成官方逐条核验；根据字段名、所属 TechnoType 对象 上下文和既有社区资料线索，它可能用于部署、运输、乘员或形态切换，并可能涉及建造条件、阵营可用性或生产经济。取值格式仍按原 INI 资料或项目内实际用法确认。该说明仅作为 BuiltIn 宽松兜底，不能替代 ModEnc、Ares 或 Phobos 官方字段页。
Techno,DestroyAnim,Text,Yuri,community-reference-inferred-yuri-20260603,推断型字段：DestroyAnim / Techno 暂未完成官方逐条核验；根据字段名、所属 TechnoType 对象 上下文和既有社区资料线索，它可能用于图像、动画、炮口坐标或 UI 表现。取值格式仍按原 INI 资料或项目内实际用法确认。该说明仅作为 BuiltIn 宽松兜底，不能替代 ModEnc、Ares 或 Phobos 官方字段页。
Techno,DestroyParticleSystems,Text,Yuri,community-reference-inferred-yuri-20260603,推断型字段：DestroyParticleSystems / Techno 暂未完成官方逐条核验；根据字段名、所属 TechnoType 对象 上下文和既有社区资料线索，它可能用于对象行为、显示或引擎内部规则。取值格式仍按原 INI 资料或项目内实际用法确认。该说明仅作为 BuiltIn 宽松兜底，不能替代 ModEnc、Ares 或 Phobos 官方字段页。
Techno,DestroySmokeOffset,Text,Yuri,community-reference-inferred-yuri-20260603,推断型字段：DestroySmokeOffset / Techno 暂未完成官方逐条核验；根据字段名、所属 TechnoType 对象 上下文和既有社区资料线索，它可能用于图像、动画、炮口坐标或 UI 表现。取值格式仍按原 INI 资料或项目内实际用法确认。该说明仅作为 BuiltIn 宽松兜底，不能替代 ModEnc、Ares 或 Phobos 官方字段页。
Techno,DestroyWalls,Text,Yuri,community-reference-inferred-yuri-20260603,推断型字段：DestroyWalls / Techno 暂未完成官方逐条核验；根据字段名、所属 TechnoType 对象 上下文和既有社区资料线索，它可能用于对象行为、显示或引擎内部规则。取值格式仍按原 INI 资料或项目内实际用法确认。该说明仅作为 BuiltIn 宽松兜底，不能替代 ModEnc、Ares 或 Phobos 官方字段页。
Techno,DetailBufferZoneWidth,Text,Yuri,community-reference-inferred-yuri-20260603,推断型字段：DetailBufferZoneWidth / Techno 暂未完成官方逐条核验；根据字段名、所属 TechnoType 对象 上下文和既有社区资料线索，它可能用于AI 行为、目标选择或威胁评估。取值格式仍按原 INI 资料或项目内实际用法确认。该说明仅作为 BuiltIn 宽松兜底，不能替代 ModEnc、Ares 或 Phobos 官方字段页。
Techno,DetailMinFrameRateMovie,Text,Yuri,community-reference-inferred-yuri-20260603,推断型字段：DetailMinFrameRateMovie / Techno 暂未完成官方逐条核验；根据字段名、所属 TechnoType 对象 上下文和既有社区资料线索，它可能用于数值阈值、间隔、次数或概率参数，并可能涉及AI 行为、目标选择或威胁评估。取值格式仍按原 INI 资料或项目内实际用法确认。该说明仅作为 BuiltIn 宽松兜底，不能替代 ModEnc、Ares 或 Phobos 官方字段页。
Techno,DetailMinFrameRateNormal,Text,Yuri,community-reference-inferred-yuri-20260603,推断型字段：DetailMinFrameRateNormal / Techno 暂未完成官方逐条核验；根据字段名、所属 TechnoType 对象 上下文和既有社区资料线索，它可能用于数值阈值、间隔、次数或概率参数，并可能涉及AI 行为、目标选择或威胁评估。取值格式仍按原 INI 资料或项目内实际用法确认。该说明仅作为 BuiltIn 宽松兜底，不能替代 ModEnc、Ares 或 Phobos 官方字段页。
Techno,DetectDisguiseRange,Text,Yuri,community-reference-inferred-yuri-20260603,推断型字段：DetectDisguiseRange / Techno 暂未完成官方逐条核验；根据字段名、所属 TechnoType 对象 上下文和既有社区资料线索，它可能用于侦察、雷达、隐形或伪装，并可能涉及武器、开火或投射表现。取值格式仍按原 INI 资料或项目内实际用法确认。该说明仅作为 BuiltIn 宽松兜底，不能替代 ModEnc、Ares 或 Phobos 官方字段页。
Techno,DetectionDistance,Text,Yuri,community-reference-inferred-yuri-20260603,推断型字段：DetectionDistance / Techno 暂未完成官方逐条核验；根据字段名、所属 TechnoType 对象 上下文和既有社区资料线索，它可能用于侦察、雷达、隐形或伪装，并可能涉及超级武器或特殊效果逻辑。取值格式仍按原 INI 资料或项目内实际用法确认。该说明仅作为 BuiltIn 宽松兜底，不能替代 ModEnc、Ares 或 Phobos 官方字段页。
Techno,DetonationAltitude,Text,Yuri,community-reference-inferred-yuri-20260603,推断型字段：DetonationAltitude / Techno 暂未完成官方逐条核验；根据字段名、所属 TechnoType 对象 上下文和既有社区资料线索，它可能用于超级武器或特殊效果逻辑。取值格式仍按原 INI 资料或项目内实际用法确认。该说明仅作为 BuiltIn 宽松兜底，不能替代 ModEnc、Ares 或 Phobos 官方字段页。
Techno,Dig,Text,Yuri,community-reference-inferred-yuri-20260603,推断型字段：Dig / Techno 暂未完成官方逐条核验；根据字段名、所属 TechnoType 对象 上下文和既有社区资料线索，它可能用于对象行为、显示或引擎内部规则。取值格式仍按原 INI 资料或项目内实际用法确认。该说明仅作为 BuiltIn 宽松兜底，不能替代 ModEnc、Ares 或 Phobos 官方字段页。
Techno,DigSound,Reference,Yuri,community-reference-inferred-yuri-20260603,推断型字段：DigSound / Techno 暂未完成官方逐条核验；根据字段名、所属 TechnoType 对象 上下文和既有社区资料线索，它可能用于声音、语音或 EVA 提示。通常引用另一类 INI 对象或资源 ID。该说明仅作为 BuiltIn 宽松兜底，不能替代 ModEnc、Ares 或 Phobos 官方字段页。
Techno,DirectRocker,Text,Yuri,community-reference-inferred-yuri-20260603,推断型字段：DirectRocker / Techno 暂未完成官方逐条核验；根据字段名、所属 TechnoType 对象 上下文和既有社区资料线索，它可能用于对象行为、显示或引擎内部规则。取值格式仍按原 INI 资料或项目内实际用法确认。该说明仅作为 BuiltIn 宽松兜底，不能替代 ModEnc、Ares 或 Phobos 官方字段页。
Techno,Disableable,Text,Yuri,community-source-assisted-inferred-yuri-20260603,推断型字段：Disableable / Techno 暂未完成官方逐条核验；根据字段名、所属 TechnoType 对象 上下文和既有社区资料线索，它可能用于对象行为、显示或引擎内部规则。取值格式仍按原 INI 资料或项目内实际用法确认。该说明仅作为 BuiltIn 宽松兜底，不能替代 ModEnc、Ares 或 Phobos 官方字段页。
Techno,DisableableFromShell,Text,Yuri,community-reference-inferred-yuri-20260603,推断型字段：DisableableFromShell / Techno 暂未完成官方逐条核验；根据字段名、所属 TechnoType 对象 上下文和既有社区资料线索，它可能用于对象行为、显示或引擎内部规则。取值格式仍按原 INI 资料或项目内实际用法确认。该说明仅作为 BuiltIn 宽松兜底，不能替代 ModEnc、Ares 或 Phobos 官方字段页。
Techno,DisabledDisguiseDetectionPercent,Text,Yuri,community-reference-inferred-yuri-20260603,推断型字段：DisabledDisguiseDetectionPercent / Techno 暂未完成官方逐条核验；根据字段名、所属 TechnoType 对象 上下文和既有社区资料线索，它可能用于侦察、雷达、隐形或伪装，并可能涉及超级武器或特殊效果逻辑。取值格式仍按原 INI 资料或项目内实际用法确认。该说明仅作为 BuiltIn 宽松兜底，不能替代 ModEnc、Ares 或 Phobos 官方字段页。
Techno,DisguiseBlinkingVisibility,MultiSelect,Phobos,community-reference-inferred-phobos-20260603,推断型字段：DisguiseBlinkingVisibility / Techno 暂未完成官方逐条核验；根据字段名、所属 TechnoType 对象 上下文和既有社区资料线索，它可能用于侦察、雷达、隐形或伪装。通常按逗号分隔的枚举/列表值理解。该说明仅作为 BuiltIn 宽松兜底，不能替代 ModEnc、Ares 或 Phobos 官方字段页。
Techno,Disguised,Text,Yuri,community-reference-inferred-yuri-20260603,推断型字段：Disguised / Techno 暂未完成官方逐条核验；根据字段名、所属 TechnoType 对象 上下文和既有社区资料线索，它可能用于侦察、雷达、隐形或伪装。取值格式仍按原 INI 资料或项目内实际用法确认。该说明仅作为 BuiltIn 宽松兜底，不能替代 ModEnc、Ares 或 Phobos 官方字段页。
Techno,DisguiseFakeBlinkTime,Text,Yuri,community-reference-inferred-yuri-20260603,推断型字段：DisguiseFakeBlinkTime / Techno 暂未完成官方逐条核验；根据字段名、所属 TechnoType 对象 上下文和既有社区资料线索，它可能用于数值阈值、间隔、次数或概率参数，并可能涉及侦察、雷达、隐形或伪装。取值格式仍按原 INI 资料或项目内实际用法确认。该说明仅作为 BuiltIn 宽松兜底，不能替代 ModEnc、Ares 或 Phobos 官方字段页。
Techno,DisguiseFireOnly,Text,Yuri,community-reference-inferred-yuri-20260603,推断型字段：DisguiseFireOnly / Techno 暂未完成官方逐条核验；根据字段名、所属 TechnoType 对象 上下文和既有社区资料线索，它可能用于武器、开火或投射表现，并可能涉及侦察、雷达、隐形或伪装。取值格式仍按原 INI 资料或项目内实际用法确认。该说明仅作为 BuiltIn 宽松兜底，不能替代 ModEnc、Ares 或 Phobos 官方字段页。
Techno,DissolveUnfilledTeamDelay,Text,Yuri,community-reference-inferred-yuri-20260603,推断型字段：DissolveUnfilledTeamDelay / Techno 暂未完成官方逐条核验；根据字段名、所属 TechnoType 对象 上下文和既有社区资料线索，它可能用于数值阈值、间隔、次数或概率参数。取值格式仍按原 INI 资料或项目内实际用法确认。该说明仅作为 BuiltIn 宽松兜底，不能替代 ModEnc、Ares 或 Phobos 官方字段页。
Techno,DistributedWeaponFire,Text,Yuri,community-reference-inferred-yuri-20260603,推断型字段：DistributedWeaponFire / Techno 暂未完成官方逐条核验；根据字段名、所属 TechnoType 对象 上下文和既有社区资料线索，它可能用于武器、开火或投射表现。取值格式仍按原 INI 资料或项目内实际用法确认。该说明仅作为 BuiltIn 宽松兜底，不能替代 ModEnc、Ares 或 Phobos 官方字段页。
Techno,DistributeTargetingFrame,Boolean,Phobos,community-reference-inferred-phobos-20260603,推断型字段：DistributeTargetingFrame / Techno 暂未完成官方逐条核验；根据字段名、所属 TechnoType 对象 上下文和既有社区资料线索，它可能用于AI 行为、目标选择或威胁评估，并可能涉及图像、动画、炮口坐标或 UI 表现。通常按 yes/no 布尔值理解。该说明仅作为 BuiltIn 宽松兜底，不能替代 ModEnc、Ares 或 Phobos 官方字段页。
Techno,DistributeTargetingFrame.AIOnly,Boolean,Phobos,community-reference-inferred-phobos-20260603,推断型字段：DistributeTargetingFrame.AIOnly / Techno 暂未完成官方逐条核验；根据字段名、所属 TechnoType 对象 上下文和既有社区资料线索，它可能用于AI 行为、目标选择或威胁评估，并可能涉及生命值、护甲、伤害或修理倍率。通常按 yes/no 布尔值理解。该说明仅作为 BuiltIn 宽松兜底，不能替代 ModEnc、Ares 或 Phobos 官方字段页。
Techno,DMislAcceleration,Text,Yuri,community-reference-inferred-yuri-20260603,推断型字段：DMislAcceleration / Techno 暂未完成官方逐条核验；根据字段名、所属 TechnoType 对象 上下文和既有社区资料线索，它可能用于建造条件、阵营可用性或生产经济，并可能涉及部署、运输、乘员或形态切换。取值格式仍按原 INI 资料或项目内实际用法确认。该说明仅作为 BuiltIn 宽松兜底，不能替代 ModEnc、Ares 或 Phobos 官方字段页。
Techno,DMislAltitude,Text,Yuri,community-reference-inferred-yuri-20260603,推断型字段：DMislAltitude / Techno 暂未完成官方逐条核验；根据字段名、所属 TechnoType 对象 上下文和既有社区资料线索，它可能用于建造条件、阵营可用性或生产经济，并可能涉及部署、运输、乘员或形态切换。取值格式仍按原 INI 资料或项目内实际用法确认。该说明仅作为 BuiltIn 宽松兜底，不能替代 ModEnc、Ares 或 Phobos 官方字段页。
Techno,DMislBodyLength,Text,Yuri,community-reference-inferred-yuri-20260603,推断型字段：DMislBodyLength / Techno 暂未完成官方逐条核验；根据字段名、所属 TechnoType 对象 上下文和既有社区资料线索，它可能用于建造条件、阵营可用性或生产经济，并可能涉及部署、运输、乘员或形态切换。取值格式仍按原 INI 资料或项目内实际用法确认。该说明仅作为 BuiltIn 宽松兜底，不能替代 ModEnc、Ares 或 Phobos 官方字段页。
Techno,DMislDamage,Text,Yuri,community-reference-inferred-yuri-20260603,推断型字段：DMislDamage / Techno 暂未完成官方逐条核验；根据字段名、所属 TechnoType 对象 上下文和既有社区资料线索，它可能用于建造条件、阵营可用性或生产经济，并可能涉及部署、运输、乘员或形态切换。取值格式仍按原 INI 资料或项目内实际用法确认。该说明仅作为 BuiltIn 宽松兜底，不能替代 ModEnc、Ares 或 Phobos 官方字段页。
Techno,DMislEliteDamage,Text,Yuri,community-reference-inferred-yuri-20260603,推断型字段：DMislEliteDamage / Techno 暂未完成官方逐条核验；根据字段名、所属 TechnoType 对象 上下文和既有社区资料线索，它可能用于建造条件、阵营可用性或生产经济，并可能涉及部署、运输、乘员或形态切换。取值格式仍按原 INI 资料或项目内实际用法确认。该说明仅作为 BuiltIn 宽松兜底，不能替代 ModEnc、Ares 或 Phobos 官方字段页。
Techno,DMislEliteWarhead,Text,Yuri,community-reference-inferred-yuri-20260603,推断型字段：DMislEliteWarhead / Techno 暂未完成官方逐条核验；根据字段名、所属 TechnoType 对象 上下文和既有社区资料线索，它可能用于建造条件、阵营可用性或生产经济，并可能涉及部署、运输、乘员或形态切换。取值格式仍按原 INI 资料或项目内实际用法确认。该说明仅作为 BuiltIn 宽松兜底，不能替代 ModEnc、Ares 或 Phobos 官方字段页。
Techno,DMislLazyCurve,Text,Yuri,community-reference-inferred-yuri-20260603,推断型字段：DMislLazyCurve / Techno 暂未完成官方逐条核验；根据字段名、所属 TechnoType 对象 上下文和既有社区资料线索，它可能用于建造条件、阵营可用性或生产经济，并可能涉及部署、运输、乘员或形态切换。取值格式仍按原 INI 资料或项目内实际用法确认。该说明仅作为 BuiltIn 宽松兜底，不能替代 ModEnc、Ares 或 Phobos 官方字段页。
Techno,DMislPauseFrames,Text,Yuri,community-reference-inferred-yuri-20260603,推断型字段：DMislPauseFrames / Techno 暂未完成官方逐条核验；根据字段名、所属 TechnoType 对象 上下文和既有社区资料线索，它可能用于建造条件、阵营可用性或生产经济，并可能涉及部署、运输、乘员或形态切换。取值格式仍按原 INI 资料或项目内实际用法确认。该说明仅作为 BuiltIn 宽松兜底，不能替代 ModEnc、Ares 或 Phobos 官方字段页。
Techno,DMislPitchFinal,Text,Yuri,community-reference-inferred-yuri-20260603,推断型字段：DMislPitchFinal / Techno 暂未完成官方逐条核验；根据字段名、所属 TechnoType 对象 上下文和既有社区资料线索，它可能用于建造条件、阵营可用性或生产经济，并可能涉及部署、运输、乘员或形态切换。取值格式仍按原 INI 资料或项目内实际用法确认。该说明仅作为 BuiltIn 宽松兜底，不能替代 ModEnc、Ares 或 Phobos 官方字段页。
Techno,DMislPitchInitial,Text,Yuri,community-reference-inferred-yuri-20260603,推断型字段：DMislPitchInitial / Techno 暂未完成官方逐条核验；根据字段名、所属 TechnoType 对象 上下文和既有社区资料线索，它可能用于建造条件、阵营可用性或生产经济，并可能涉及部署、运输、乘员或形态切换。取值格式仍按原 INI 资料或项目内实际用法确认。该说明仅作为 BuiltIn 宽松兜底，不能替代 ModEnc、Ares 或 Phobos 官方字段页。
Techno,DMislTiltFrames,Text,Yuri,community-reference-inferred-yuri-20260603,推断型字段：DMislTiltFrames / Techno 暂未完成官方逐条核验；根据字段名、所属 TechnoType 对象 上下文和既有社区资料线索，它可能用于建造条件、阵营可用性或生产经济，并可能涉及部署、运输、乘员或形态切换。取值格式仍按原 INI 资料或项目内实际用法确认。该说明仅作为 BuiltIn 宽松兜底，不能替代 ModEnc、Ares 或 Phobos 官方字段页。
Techno,DMislTurnRate,Text,Yuri,community-reference-inferred-yuri-20260603,推断型字段：DMislTurnRate / Techno 暂未完成官方逐条核验；根据字段名、所属 TechnoType 对象 上下文和既有社区资料线索，它可能用于建造条件、阵营可用性或生产经济，并可能涉及移动、寻路、部署或运动限制。取值格式仍按原 INI 资料或项目内实际用法确认。该说明仅作为 BuiltIn 宽松兜底，不能替代 ModEnc、Ares 或 Phobos 官方字段页。
Techno,DMislType,Text,Yuri,community-reference-inferred-yuri-20260603,推断型字段：DMislType / Techno 暂未完成官方逐条核验；根据字段名、所属 TechnoType 对象 上下文和既有社区资料线索，它可能用于建造条件、阵营可用性或生产经济，并可能涉及部署、运输、乘员或形态切换。取值格式仍按原 INI 资料或项目内实际用法确认。该说明仅作为 BuiltIn 宽松兜底，不能替代 ModEnc、Ares 或 Phobos 官方字段页。
Techno,DMislWarhead,Text,Yuri,community-reference-inferred-yuri-20260603,推断型字段：DMislWarhead / Techno 暂未完成官方逐条核验；根据字段名、所属 TechnoType 对象 上下文和既有社区资料线索，它可能用于建造条件、阵营可用性或生产经济，并可能涉及部署、运输、乘员或形态切换。取值格式仍按原 INI 资料或项目内实际用法确认。该说明仅作为 BuiltIn 宽松兜底，不能替代 ModEnc、Ares 或 Phobos 官方字段页。
Techno,Doggie,Text,Yuri,community-reference-inferred-yuri-20260603,推断型字段：Doggie / Techno 暂未完成官方逐条核验；根据字段名、所属 TechnoType 对象 上下文和既有社区资料线索，它可能用于对象行为、显示或引擎内部规则。取值格式仍按原 INI 资料或项目内实际用法确认。该说明仅作为 BuiltIn 宽松兜底，不能替代 ModEnc、Ares 或 Phobos 官方字段页。
Techno,DoubleOwned,Text,Yuri,community-reference-inferred-yuri-20260603,推断型字段：DoubleOwned / Techno 暂未完成官方逐条核验；根据字段名、所属 TechnoType 对象 上下文和既有社区资料线索，它可能用于对象行为、显示或引擎内部规则。取值格式仍按原 INI 资料或项目内实际用法确认。该说明仅作为 BuiltIn 宽松兜底，不能替代 ModEnc、Ares 或 Phobos 官方字段页。
Techno,DrainAnimationType,Reference,Phobos,community-reference-inferred-phobos-20260603,推断型字段：DrainAnimationType / Techno 暂未完成官方逐条核验；根据字段名、所属 TechnoType 对象 上下文和既有社区资料线索，它可能用于图像、动画、炮口坐标或 UI 表现，并可能涉及AI 行为、目标选择或威胁评估。通常引用另一类 INI 对象或资源 ID。该说明仅作为 BuiltIn 宽松兜底，不能替代 ModEnc、Ares 或 Phobos 官方字段页。
Techno,DrainMoneyAmount,Integer,Phobos,community-reference-inferred-phobos-20260603,推断型字段：DrainMoneyAmount / Techno 暂未完成官方逐条核验；根据字段名、所属 TechnoType 对象 上下文和既有社区资料线索，它可能用于AI 行为、目标选择或威胁评估，并可能涉及资源、矿石、回收或经济收益。通常按整数参数理解。该说明仅作为 BuiltIn 宽松兜底，不能替代 ModEnc、Ares 或 Phobos 官方字段页。
Techno,DrainMoneyFrameDelay,Integer,Phobos,community-reference-inferred-phobos-20260603,推断型字段：DrainMoneyFrameDelay / Techno 暂未完成官方逐条核验；根据字段名、所属 TechnoType 对象 上下文和既有社区资料线索，它可能用于AI 行为、目标选择或威胁评估，并可能涉及图像、动画、炮口坐标或 UI 表现。通常按整数参数理解。该说明仅作为 BuiltIn 宽松兜底，不能替代 ModEnc、Ares 或 Phobos 官方字段页。
Techno,DrawBoltAsLaser,Text,Yuri,community-reference-inferred-yuri-20260603,推断型字段：DrawBoltAsLaser / Techno 暂未完成官方逐条核验；根据字段名、所属 TechnoType 对象 上下文和既有社区资料线索，它可能用于武器、开火或投射表现，并可能涉及部署、运输、乘员或形态切换。取值格式仍按原 INI 资料或项目内实际用法确认。该说明仅作为 BuiltIn 宽松兜底，不能替代 ModEnc、Ares 或 Phobos 官方字段页。
Techno,DrawFlat,Text,Yuri,community-reference-inferred-yuri-20260603,推断型字段：DrawFlat / Techno 暂未完成官方逐条核验；根据字段名、所属 TechnoType 对象 上下文和既有社区资料线索，它可能用于图像、动画、炮口坐标或 UI 表现。取值格式仍按原 INI 资料或项目内实际用法确认。该说明仅作为 BuiltIn 宽松兜底，不能替代 ModEnc、Ares 或 Phobos 官方字段页。
Techno,DriveLocomotorMakesWake,Boolean,Phobos,community-reference-inferred-phobos-20260603,推断型字段：DriveLocomotorMakesWake / Techno 暂未完成官方逐条核验；根据字段名、所属 TechnoType 对象 上下文和既有社区资料线索，它可能用于移动、寻路、部署或运动限制。通常按 yes/no 布尔值理解。该说明仅作为 BuiltIn 宽松兜底，不能替代 ModEnc、Ares 或 Phobos 官方字段页。
Techno,DriverKilled.KeptPassengers,Boolean,Phobos,community-reference-inferred-phobos-20260603,推断型字段：DriverKilled.KeptPassengers / Techno 暂未完成官方逐条核验；根据字段名、所属 TechnoType 对象 上下文和既有社区资料线索，它可能用于部署、运输、乘员或形态切换。通常按 yes/no 布尔值理解。该说明仅作为 BuiltIn 宽松兜底，不能替代 ModEnc、Ares 或 Phobos 官方字段页。
Techno,DriverKilled.KillPassengers,Boolean,Phobos,community-reference-inferred-phobos-20260603,推断型字段：DriverKilled.KillPassengers / Techno 暂未完成官方逐条核验；根据字段名、所属 TechnoType 对象 上下文和既有社区资料线索，它可能用于部署、运输、乘员或形态切换。通常按 yes/no 布尔值理解。该说明仅作为 BuiltIn 宽松兜底，不能替代 ModEnc、Ares 或 Phobos 官方字段页。
Techno,DropPod,Text,Yuri,community-reference-inferred-yuri-20260603,推断型字段：DropPod / Techno 暂未完成官方逐条核验；根据字段名、所属 TechnoType 对象 上下文和既有社区资料线索，它可能用于超级武器或特殊效果逻辑。取值格式仍按原 INI 资料或项目内实际用法确认。该说明仅作为 BuiltIn 宽松兜底，不能替代 ModEnc、Ares 或 Phobos 官方字段页。
Techno,DropPod.AirImage,Text,Phobos,community-reference-inferred-phobos-20260603,推断型字段：DropPod.AirImage / Techno 暂未完成官方逐条核验；根据字段名、所属 TechnoType 对象 上下文和既有社区资料线索，它可能用于AI 行为、目标选择或威胁评估，并可能涉及生命值、护甲、伤害或修理倍率。取值格式仍按原 INI 资料或项目内实际用法确认。该说明仅作为 BuiltIn 宽松兜底，不能替代 ModEnc、Ares 或 Phobos 官方字段页。
Techno,DropPod.Angle,Text,Phobos,community-reference-inferred-phobos-20260603,推断型字段：DropPod.Angle / Techno 暂未完成官方逐条核验；根据字段名、所属 TechnoType 对象 上下文和既有社区资料线索，它可能用于超级武器或特殊效果逻辑。取值格式仍按原 INI 资料或项目内实际用法确认。该说明仅作为 BuiltIn 宽松兜底，不能替代 ModEnc、Ares 或 Phobos 官方字段页。
Techno,DropPod.AtmosphereEntry,Reference,Phobos,community-reference-inferred-phobos-20260603,推断型字段：DropPod.AtmosphereEntry / Techno 暂未完成官方逐条核验；根据字段名、所属 TechnoType 对象 上下文和既有社区资料线索，它可能用于超级武器或特殊效果逻辑。通常引用另一类 INI 对象或资源 ID。该说明仅作为 BuiltIn 宽松兜底，不能替代 ModEnc、Ares 或 Phobos 官方字段页。
Techno,DropPod.GroundAnim,Reference,Phobos,community-reference-inferred-phobos-20260603,推断型字段：DropPod.GroundAnim / Techno 暂未完成官方逐条核验；根据字段名、所属 TechnoType 对象 上下文和既有社区资料线索，它可能用于图像、动画、炮口坐标或 UI 表现，并可能涉及超级武器或特殊效果逻辑。通常引用另一类 INI 对象或资源 ID。该说明仅作为 BuiltIn 宽松兜底，不能替代 ModEnc、Ares 或 Phobos 官方字段页。
Techno,DropPod.Height,Integer,Phobos,community-reference-inferred-phobos-20260603,推断型字段：DropPod.Height / Techno 暂未完成官方逐条核验；根据字段名、所属 TechnoType 对象 上下文和既有社区资料线索，它可能用于超级武器或特殊效果逻辑。通常按整数参数理解。该说明仅作为 BuiltIn 宽松兜底，不能替代 ModEnc、Ares 或 Phobos 官方字段页。
Techno,DropPod.Puff,Reference,Phobos,community-reference-inferred-phobos-20260603,推断型字段：DropPod.Puff / Techno 暂未完成官方逐条核验；根据字段名、所属 TechnoType 对象 上下文和既有社区资料线索，它可能用于超级武器或特殊效果逻辑。通常引用另一类 INI 对象或资源 ID。该说明仅作为 BuiltIn 宽松兜底，不能替代 ModEnc、Ares 或 Phobos 官方字段页。
Techno,DropPod.Speed,Integer,Phobos,community-reference-inferred-phobos-20260603,推断型字段：DropPod.Speed / Techno 暂未完成官方逐条核验；根据字段名、所属 TechnoType 对象 上下文和既有社区资料线索，它可能用于移动、寻路、部署或运动限制，并可能涉及超级武器或特殊效果逻辑。通常按整数参数理解。该说明仅作为 BuiltIn 宽松兜底，不能替代 ModEnc、Ares 或 Phobos 官方字段页。
Techno,DropPod.Trailer,Reference,Phobos,community-reference-inferred-phobos-20260603,推断型字段：DropPod.Trailer / Techno 暂未完成官方逐条核验；根据字段名、所属 TechnoType 对象 上下文和既有社区资料线索，它可能用于AI 行为、目标选择或威胁评估，并可能涉及超级武器或特殊效果逻辑。通常引用另一类 INI 对象或资源 ID。该说明仅作为 BuiltIn 宽松兜底，不能替代 ModEnc、Ares 或 Phobos 官方字段页。
Techno,DropPod.Trailer.Attached,Boolean,Phobos,community-reference-inferred-phobos-20260603,推断型字段：DropPod.Trailer.Attached / Techno 暂未完成官方逐条核验；根据字段名、所属 TechnoType 对象 上下文和既有社区资料线索，它可能用于AI 行为、目标选择或威胁评估，并可能涉及超级武器或特殊效果逻辑。通常按 yes/no 布尔值理解。该说明仅作为 BuiltIn 宽松兜底，不能替代 ModEnc、Ares 或 Phobos 官方字段页。
Techno,DropPod.Trailer.SpawnDelay,Integer,Phobos,community-reference-inferred-phobos-20260603,推断型字段：DropPod.Trailer.SpawnDelay / Techno 暂未完成官方逐条核验；根据字段名、所属 TechnoType 对象 上下文和既有社区资料线索，它可能用于生成物、乘员、残骸或派生单位，并可能涉及AI 行为、目标选择或威胁评估。通常按整数参数理解。该说明仅作为 BuiltIn 宽松兜底，不能替代 ModEnc、Ares 或 Phobos 官方字段页。
Techno,DropPod.Weapon,Text,Phobos,community-reference-inferred-phobos-20260603,推断型字段：DropPod.Weapon / Techno 暂未完成官方逐条核验；根据字段名、所属 TechnoType 对象 上下文和既有社区资料线索，它可能用于武器、开火或投射表现，并可能涉及超级武器或特殊效果逻辑。取值格式仍按原 INI 资料或项目内实际用法确认。该说明仅作为 BuiltIn 宽松兜底，不能替代 ModEnc、Ares 或 Phobos 官方字段页。
Techno,DropPod.Weapon.HitLandOnly,Boolean,Phobos,community-reference-inferred-phobos-20260603,推断型字段：DropPod.Weapon.HitLandOnly / Techno 暂未完成官方逐条核验；根据字段名、所属 TechnoType 对象 上下文和既有社区资料线索，它可能用于武器、开火或投射表现，并可能涉及移动、寻路、部署或运动限制。通常按 yes/no 布尔值理解。该说明仅作为 BuiltIn 宽松兜底，不能替代 ModEnc、Ares 或 Phobos 官方字段页。
Techno,DropPodAngle,Text,Yuri,community-reference-inferred-yuri-20260603,推断型字段：DropPodAngle / Techno 暂未完成官方逐条核验；根据字段名、所属 TechnoType 对象 上下文和既有社区资料线索，它可能用于超级武器或特殊效果逻辑。取值格式仍按原 INI 资料或项目内实际用法确认。该说明仅作为 BuiltIn 宽松兜底，不能替代 ModEnc、Ares 或 Phobos 官方字段页。
Techno,DropPodHeight,Text,Yuri,community-reference-inferred-yuri-20260603,推断型字段：DropPodHeight / Techno 暂未完成官方逐条核验；根据字段名、所属 TechnoType 对象 上下文和既有社区资料线索，它可能用于超级武器或特殊效果逻辑。取值格式仍按原 INI 资料或项目内实际用法确认。该说明仅作为 BuiltIn 宽松兜底，不能替代 ModEnc、Ares 或 Phobos 官方字段页。
Techno,DropPodPuff,Text,Yuri,community-reference-inferred-yuri-20260603,推断型字段：DropPodPuff / Techno 暂未完成官方逐条核验；根据字段名、所属 TechnoType 对象 上下文和既有社区资料线索，它可能用于超级武器或特殊效果逻辑。取值格式仍按原 INI 资料或项目内实际用法确认。该说明仅作为 BuiltIn 宽松兜底，不能替代 ModEnc、Ares 或 Phobos 官方字段页。
Techno,DropPodSpeed,Text,Yuri,community-reference-inferred-yuri-20260603,推断型字段：DropPodSpeed / Techno 暂未完成官方逐条核验；根据字段名、所属 TechnoType 对象 上下文和既有社区资料线索，它可能用于移动、寻路、部署或运动限制，并可能涉及超级武器或特殊效果逻辑。取值格式仍按原 INI 资料或项目内实际用法确认。该说明仅作为 BuiltIn 宽松兜底，不能替代 ModEnc、Ares 或 Phobos 官方字段页。
Techno,DropPodWeapon,Text,Yuri,community-reference-inferred-yuri-20260603,推断型字段：DropPodWeapon / Techno 暂未完成官方逐条核验；根据字段名、所属 TechnoType 对象 上下文和既有社区资料线索，它可能用于武器、开火或投射表现，并可能涉及超级武器或特殊效果逻辑。取值格式仍按原 INI 资料或项目内实际用法确认。该说明仅作为 BuiltIn 宽松兜底，不能替代 ModEnc、Ares 或 Phobos 官方字段页。
Techno,DropZoneAnim,Text,Yuri,community-reference-inferred-yuri-20260603,推断型字段：DropZoneAnim / Techno 暂未完成官方逐条核验；根据字段名、所属 TechnoType 对象 上下文和既有社区资料线索，它可能用于图像、动画、炮口坐标或 UI 表现，并可能涉及超级武器或特殊效果逻辑。取值格式仍按原 INI 资料或项目内实际用法确认。该说明仅作为 BuiltIn 宽松兜底，不能替代 ModEnc、Ares 或 Phobos 官方字段页。
Techno,DropZoneRadius,Text,Yuri,community-reference-inferred-yuri-20260603,推断型字段：DropZoneRadius / Techno 暂未完成官方逐条核验；根据字段名、所属 TechnoType 对象 上下文和既有社区资料线索，它可能用于超级武器或特殊效果逻辑。取值格式仍按原 INI 资料或项目内实际用法确认。该说明仅作为 BuiltIn 宽松兜底，不能替代 ModEnc、Ares 或 Phobos 官方字段页。
Techno,Duration,Text,Yuri,community-reference-inferred-yuri-20260603,推断型字段：Duration / Techno 暂未完成官方逐条核验；根据字段名、所属 TechnoType 对象 上下文和既有社区资料线索，它可能用于超级武器或特殊效果逻辑，并可能涉及数值阈值、间隔、次数或概率参数。取值格式仍按原 INI 资料或项目内实际用法确认。该说明仅作为 BuiltIn 宽松兜底，不能替代 ModEnc、Ares 或 Phobos 官方字段页。
Techno,Elasticity,Text,Yuri,community-reference-inferred-yuri-20260603,推断型字段：Elasticity / Techno 暂未完成官方逐条核验；根据字段名、所属 TechnoType 对象 上下文和既有社区资料线索，它可能用于对象行为、显示或引擎内部规则。取值格式仍按原 INI 资料或项目内实际用法确认。该说明仅作为 BuiltIn 宽松兜底，不能替代 ModEnc、Ares 或 Phobos 官方字段页。
Techno,ElectricAssault,Text,Yuri,community-reference-inferred-yuri-20260603,推断型字段：ElectricAssault / Techno 暂未完成官方逐条核验；根据字段名、所属 TechnoType 对象 上下文和既有社区资料线索，它可能用于对象行为、显示或引擎内部规则。取值格式仍按原 INI 资料或项目内实际用法确认。该说明仅作为 BuiltIn 宽松兜底，不能替代 ModEnc、Ares 或 Phobos 官方字段页。
Techno,ElevationBonusCap,Text,Yuri,community-reference-inferred-yuri-20260603,推断型字段：ElevationBonusCap / Techno 暂未完成官方逐条核验；根据字段名、所属 TechnoType 对象 上下文和既有社区资料线索，它可能用于声音、语音或 EVA 提示，并可能涉及超级武器或特殊效果逻辑。取值格式仍按原 INI 资料或项目内实际用法确认。该说明仅作为 BuiltIn 宽松兜底，不能替代 ModEnc、Ares 或 Phobos 官方字段页。
Techno,ElevationIncrement,Text,Yuri,community-reference-inferred-yuri-20260603,推断型字段：ElevationIncrement / Techno 暂未完成官方逐条核验；根据字段名、所属 TechnoType 对象 上下文和既有社区资料线索，它可能用于声音、语音或 EVA 提示，并可能涉及超级武器或特殊效果逻辑。取值格式仍按原 INI 资料或项目内实际用法确认。该说明仅作为 BuiltIn 宽松兜底，不能替代 ModEnc、Ares 或 Phobos 官方字段页。
Techno,ElevationIncrementBonus,Text,Yuri,community-reference-inferred-yuri-20260603,推断型字段：ElevationIncrementBonus / Techno 暂未完成官方逐条核验；根据字段名、所属 TechnoType 对象 上下文和既有社区资料线索，它可能用于声音、语音或 EVA 提示，并可能涉及超级武器或特殊效果逻辑。取值格式仍按原 INI 资料或项目内实际用法确认。该说明仅作为 BuiltIn 宽松兜底，不能替代 ModEnc、Ares 或 Phobos 官方字段页。
Techno,EligibileForAllyBuilding,Text,Yuri,community-reference-inferred-yuri-20260603,推断型字段：EligibileForAllyBuilding / Techno 暂未完成官方逐条核验；根据字段名、所属 TechnoType 对象 上下文和既有社区资料线索，它可能用于建造条件、阵营可用性或生产经济，并可能涉及部署、运输、乘员或形态切换。取值格式仍按原 INI 资料或项目内实际用法确认。该说明仅作为 BuiltIn 宽松兜底，不能替代 ModEnc、Ares 或 Phobos 官方字段页。
Techno,EligibleForDelayKill,Text,Yuri,community-reference-inferred-yuri-20260603,推断型字段：EligibleForDelayKill / Techno 暂未完成官方逐条核验；根据字段名、所属 TechnoType 对象 上下文和既有社区资料线索，它可能用于建造条件、阵营可用性或生产经济，并可能涉及部署、运输、乘员或形态切换。取值格式仍按原 INI 资料或项目内实际用法确认。该说明仅作为 BuiltIn 宽松兜底，不能替代 ModEnc、Ares 或 Phobos 官方字段页。
Techno,EliteFlashTimer,Text,Yuri,community-reference-inferred-yuri-20260603,推断型字段：EliteFlashTimer / Techno 暂未完成官方逐条核验；根据字段名、所属 TechnoType 对象 上下文和既有社区资料线索，它可能用于数值阈值、间隔、次数或概率参数，并可能涉及武器、开火或投射表现。取值格式仍按原 INI 资料或项目内实际用法确认。该说明仅作为 BuiltIn 宽松兜底，不能替代 ModEnc、Ares 或 Phobos 官方字段页。
Techno,EliteWeaponN,Text,Yuri,community-reference-inferred-yuri-20260603,推断型字段：EliteWeaponN / Techno 暂未完成官方逐条核验；根据字段名、所属 TechnoType 对象 上下文和既有社区资料线索，它可能用于部署、运输、乘员或形态切换，并可能涉及数值阈值、间隔、次数或概率参数。取值格式仍按原 INI 资料或项目内实际用法确认。该说明仅作为 BuiltIn 宽松兜底，不能替代 ModEnc、Ares 或 Phobos 官方字段页。
Techno,EMEffect,Text,Yuri,community-reference-inferred-yuri-20260603,推断型字段：EMEffect / Techno 暂未完成官方逐条核验；根据字段名、所属 TechnoType 对象 上下文和既有社区资料线索，它可能用于移动、寻路、部署或运动限制，并可能涉及超级武器或特殊效果逻辑。取值格式仍按原 INI 资料或项目内实际用法确认。该说明仅作为 BuiltIn 宽松兜底，不能替代 ModEnc、Ares 或 Phobos 官方字段页。
Techno,EmptyAmmoPipFrame,Integer,Phobos,community-reference-inferred-phobos-20260603,推断型字段：EmptyAmmoPipFrame / Techno 暂未完成官方逐条核验；根据字段名、所属 TechnoType 对象 上下文和既有社区资料线索，它可能用于图像、动画、炮口坐标或 UI 表现，并可能涉及超级武器或特殊效果逻辑。通常按整数参数理解。该说明仅作为 BuiltIn 宽松兜底，不能替代 ModEnc、Ares 或 Phobos 官方字段页。
Techno,EmptyReload,Text,Yuri,community-reference-inferred-yuri-20260603,推断型字段：EmptyReload / Techno 暂未完成官方逐条核验；根据字段名、所属 TechnoType 对象 上下文和既有社区资料线索，它可能用于部署、运输、乘员或形态切换，并可能涉及超级武器或特殊效果逻辑。取值格式仍按原 INI 资料或项目内实际用法确认。该说明仅作为 BuiltIn 宽松兜底，不能替代 ModEnc、Ares 或 Phobos 官方字段页。
Techno,EmptySpawnsPipFrame,Integer,Phobos,community-reference-inferred-phobos-20260603,推断型字段：EmptySpawnsPipFrame / Techno 暂未完成官方逐条核验；根据字段名、所属 TechnoType 对象 上下文和既有社区资料线索，它可能用于生成物、乘员、残骸或派生单位，并可能涉及图像、动画、炮口坐标或 UI 表现。通常按整数参数理解。该说明仅作为 BuiltIn 宽松兜底，不能替代 ModEnc、Ares 或 Phobos 官方字段页。
Techno,EMPulseCannon,Text,Yuri,community-reference-inferred-yuri-20260603,推断型字段：EMPulseCannon / Techno 暂未完成官方逐条核验；根据字段名、所属 TechnoType 对象 上下文和既有社区资料线索，它可能用于移动、寻路、部署或运动限制，并可能涉及超级武器或特殊效果逻辑。取值格式仍按原 INI 资料或项目内实际用法确认。该说明仅作为 BuiltIn 宽松兜底，不能替代 ModEnc、Ares 或 Phobos 官方字段页。
Techno,EMPulseProjectile,Text,Yuri,community-reference-inferred-yuri-20260603,推断型字段：EMPulseProjectile / Techno 暂未完成官方逐条核验；根据字段名、所属 TechnoType 对象 上下文和既有社区资料线索，它可能用于武器、开火或投射表现，并可能涉及移动、寻路、部署或运动限制。取值格式仍按原 INI 资料或项目内实际用法确认。该说明仅作为 BuiltIn 宽松兜底，不能替代 ModEnc、Ares 或 Phobos 官方字段页。
Techno,EMPulseSparkles,Text,Yuri,community-reference-inferred-yuri-20260603,推断型字段：EMPulseSparkles / Techno 暂未完成官方逐条核验；根据字段名、所属 TechnoType 对象 上下文和既有社区资料线索，它可能用于移动、寻路、部署或运动限制，并可能涉及超级武器或特殊效果逻辑。取值格式仍按原 INI 资料或项目内实际用法确认。该说明仅作为 BuiltIn 宽松兜底，不能替代 ModEnc、Ares 或 Phobos 官方字段页。
Techno,EMPulseWarhead,Text,Yuri,community-reference-inferred-yuri-20260603,推断型字段：EMPulseWarhead / Techno 暂未完成官方逐条核验；根据字段名、所属 TechnoType 对象 上下文和既有社区资料线索，它可能用于武器、开火或投射表现，并可能涉及移动、寻路、部署或运动限制。取值格式仍按原 INI 资料或项目内实际用法确认。该说明仅作为 BuiltIn 宽松兜底，不能替代 ModEnc、Ares 或 Phobos 官方字段页。
Techno,EnableSelectBox,Boolean,Phobos,community-reference-inferred-phobos-20260603,推断型字段：EnableSelectBox / Techno 暂未完成官方逐条核验；根据字段名、所属 TechnoType 对象 上下文和既有社区资料线索，它可能用于对象行为、显示或引擎内部规则。通常按 yes/no 布尔值理解。该说明仅作为 BuiltIn 宽松兜底，不能替代 ModEnc、Ares 或 Phobos 官方字段页。
Techno,EndPlanningModeSound,Reference,Yuri,community-reference-inferred-yuri-20260603,推断型字段：EndPlanningModeSound / Techno 暂未完成官方逐条核验；根据字段名、所属 TechnoType 对象 上下文和既有社区资料线索，它可能用于声音、语音或 EVA 提示。通常引用另一类 INI 对象或资源 ID。该说明仅作为 BuiltIn 宽松兜底，不能替代 ModEnc、Ares 或 Phobos 官方字段页。
Techno,EndStateAI,Text,Yuri,community-reference-inferred-yuri-20260603,推断型字段：EndStateAI / Techno 暂未完成官方逐条核验；根据字段名、所属 TechnoType 对象 上下文和既有社区资料线索，它可能用于AI 行为、目标选择或威胁评估，并可能涉及生命值、护甲、伤害或修理倍率。取值格式仍按原 INI 资料或项目内实际用法确认。该说明仅作为 BuiltIn 宽松兜底，不能替代 ModEnc、Ares 或 Phobos 官方字段页。
Techno,EnemyHealth,Text,Yuri,community-reference-inferred-yuri-20260603,推断型字段：EnemyHealth / Techno 暂未完成官方逐条核验；根据字段名、所属 TechnoType 对象 上下文和既有社区资料线索，它可能用于生命值、护甲、伤害或修理倍率。取值格式仍按原 INI 资料或项目内实际用法确认。该说明仅作为 BuiltIn 宽松兜底，不能替代 ModEnc、Ares 或 Phobos 官方字段页。
Techno,EnemyHouseThreatBonus,Text,Yuri,community-reference-inferred-yuri-20260603,推断型字段：EnemyHouseThreatBonus / Techno 暂未完成官方逐条核验；根据字段名、所属 TechnoType 对象 上下文和既有社区资料线索，它可能用于AI 行为、目标选择或威胁评估，并可能涉及建造条件、阵营可用性或生产经济。取值格式仍按原 INI 资料或项目内实际用法确认。该说明仅作为 BuiltIn 宽松兜底，不能替代 ModEnc、Ares 或 Phobos 官方字段页。
Techno,EnemyInsignia,Boolean,Phobos,community-reference-inferred-phobos-20260603,推断型字段：EnemyInsignia / Techno 暂未完成官方逐条核验；根据字段名、所属 TechnoType 对象 上下文和既有社区资料线索，它可能用于图像、动画、炮口坐标或 UI 表现。通常按 yes/no 布尔值理解。该说明仅作为 BuiltIn 宽松兜底，不能替代 ModEnc、Ares 或 Phobos 官方字段页。
Techno,EngineerCaptureLevel,Text,Yuri,community-reference-inferred-yuri-20260603,推断型字段：EngineerCaptureLevel / Techno 暂未完成官方逐条核验；根据字段名、所属 TechnoType 对象 上下文和既有社区资料线索，它可能用于建造条件、阵营可用性或生产经济。取值格式仍按原 INI 资料或项目内实际用法确认。该说明仅作为 BuiltIn 宽松兜底，不能替代 ModEnc、Ares 或 Phobos 官方字段页。
Techno,EnterTransportSound,Reference,Yuri,community-reference-inferred-yuri-20260603,推断型字段：EnterTransportSound / Techno 暂未完成官方逐条核验；根据字段名、所属 TechnoType 对象 上下文和既有社区资料线索，它可能用于部署、运输、乘员或形态切换，并可能涉及声音、语音或 EVA 提示。通常引用另一类 INI 对象或资源 ID。该说明仅作为 BuiltIn 宽松兜底，不能替代 ModEnc、Ares 或 Phobos 官方字段页。
Techno,ExecutePlanSound,Reference,Yuri,community-reference-inferred-yuri-20260603,推断型字段：ExecutePlanSound / Techno 暂未完成官方逐条核验；根据字段名、所属 TechnoType 对象 上下文和既有社区资料线索，它可能用于声音、语音或 EVA 提示。通常引用另一类 INI 对象或资源 ID。该说明仅作为 BuiltIn 宽松兜底，不能替代 ModEnc、Ares 或 Phobos 官方字段页。
Techno,ExitCoord,Text,Yuri,community-reference-inferred-yuri-20260603,推断型字段：ExitCoord / Techno 暂未完成官方逐条核验；根据字段名、所属 TechnoType 对象 上下文和既有社区资料线索，它可能用于对象行为、显示或引擎内部规则。取值格式仍按原 INI 资料或项目内实际用法确认。该说明仅作为 BuiltIn 宽松兜底，不能替代 ModEnc、Ares 或 Phobos 官方字段页。
Techno,Experience.AirstrikeModifier,Float,Ares,community-reference-inferred-ares-20260603,推断型字段：Experience.AirstrikeModifier / Techno 暂未完成官方逐条核验；根据字段名、所属 TechnoType 对象 上下文和既有社区资料线索，它可能用于AI 行为、目标选择或威胁评估。通常按小数或倍率参数理解。该说明仅作为 BuiltIn 宽松兜底，不能替代 ModEnc、Ares 或 Phobos 官方字段页。
Techno,Experience.FromAirstrike,Boolean,Ares,community-reference-inferred-ares-20260603,推断型字段：Experience.FromAirstrike / Techno 暂未完成官方逐条核验；根据字段名、所属 TechnoType 对象 上下文和既有社区资料线索，它可能用于AI 行为、目标选择或威胁评估。通常按 yes/no 布尔值理解。该说明仅作为 BuiltIn 宽松兜底，不能替代 ModEnc、Ares 或 Phobos 官方字段页。
Techno,Experience.FromPassengers,Boolean,Ares,community-reference-inferred-ares-20260603,推断型字段：Experience.FromPassengers / Techno 暂未完成官方逐条核验；根据字段名、所属 TechnoType 对象 上下文和既有社区资料线索，它可能用于部署、运输、乘员或形态切换。通常按 yes/no 布尔值理解。该说明仅作为 BuiltIn 宽松兜底，不能替代 ModEnc、Ares 或 Phobos 官方字段页。
Techno,Experience.MindControlSelfModifier,Float,Ares,community-reference-inferred-ares-20260603,推断型字段：Experience.MindControlSelfModifier / Techno 暂未完成官方逐条核验；根据字段名、所属 TechnoType 对象 上下文和既有社区资料线索，它可能用于数值阈值、间隔、次数或概率参数。通常按小数或倍率参数理解。该说明仅作为 BuiltIn 宽松兜底，不能替代 ModEnc、Ares 或 Phobos 官方字段页。
Techno,Experience.MindControlVictimModifier,Float,Ares,community-reference-inferred-ares-20260603,推断型字段：Experience.MindControlVictimModifier / Techno 暂未完成官方逐条核验；根据字段名、所属 TechnoType 对象 上下文和既有社区资料线索，它可能用于数值阈值、间隔、次数或概率参数。通常按小数或倍率参数理解。该说明仅作为 BuiltIn 宽松兜底，不能替代 ModEnc、Ares 或 Phobos 官方字段页。
Techno,Experience.PassengerModifier,Float,Ares,community-reference-inferred-ares-20260603,推断型字段：Experience.PassengerModifier / Techno 暂未完成官方逐条核验；根据字段名、所属 TechnoType 对象 上下文和既有社区资料线索，它可能用于部署、运输、乘员或形态切换。通常按小数或倍率参数理解。该说明仅作为 BuiltIn 宽松兜底，不能替代 ModEnc、Ares 或 Phobos 官方字段页。
Techno,Experience.PromotePassengers,Boolean,Ares,community-reference-inferred-ares-20260603,推断型字段：Experience.PromotePassengers / Techno 暂未完成官方逐条核验；根据字段名、所属 TechnoType 对象 上下文和既有社区资料线索，它可能用于部署、运输、乘员或形态切换。通常按 yes/no 布尔值理解。该说明仅作为 BuiltIn 宽松兜底，不能替代 ModEnc、Ares 或 Phobos 官方字段页。
Techno,ExpireAnim,Text,Yuri,community-reference-inferred-yuri-20260603,推断型字段：ExpireAnim / Techno 暂未完成官方逐条核验；根据字段名、所属 TechnoType 对象 上下文和既有社区资料线索，它可能用于图像、动画、炮口坐标或 UI 表现。取值格式仍按原 INI 资料或项目内实际用法确认。该说明仅作为 BuiltIn 宽松兜底，不能替代 ModEnc、Ares 或 Phobos 官方字段页。
Techno,ExpireSound,Text,Yuri,community-reference-inferred-yuri-20260603,推断型字段：ExpireSound / Techno 暂未完成官方逐条核验；根据字段名、所属 TechnoType 对象 上下文和既有社区资料线索，它可能用于声音、语音或 EVA 提示。取值格式仍按原 INI 资料或项目内实际用法确认。该说明仅作为 BuiltIn 宽松兜底，不能替代 ModEnc、Ares 或 Phobos 官方字段页。
Techno,Explodes,Text,Yuri,community-reference-inferred-yuri-20260603,推断型字段：Explodes / Techno 暂未完成官方逐条核验；根据字段名、所属 TechnoType 对象 上下文和既有社区资料线索，它可能用于对象行为、显示或引擎内部规则。取值格式仍按原 INI 资料或项目内实际用法确认。该说明仅作为 BuiltIn 宽松兜底，不能替代 ModEnc、Ares 或 Phobos 官方字段页。
Techno,Explodes.KillPassengers,Boolean,Phobos,community-reference-inferred-phobos-20260603,推断型字段：Explodes.KillPassengers / Techno 暂未完成官方逐条核验；根据字段名、所属 TechnoType 对象 上下文和既有社区资料线索，它可能用于部署、运输、乘员或形态切换。通常按 yes/no 布尔值理解。该说明仅作为 BuiltIn 宽松兜底，不能替代 ModEnc、Ares 或 Phobos 官方字段页。
Techno,Explosion,Text,Yuri,community-reference-inferred-yuri-20260603,推断型字段：Explosion / Techno 暂未完成官方逐条核验；根据字段名、所属 TechnoType 对象 上下文和既有社区资料线索，它可能用于超级武器或特殊效果逻辑。取值格式仍按原 INI 资料或项目内实际用法确认。该说明仅作为 BuiltIn 宽松兜底，不能替代 ModEnc、Ares 或 Phobos 官方字段页。
Techno,ExplosiveVoxelDebris,Text,Yuri,community-reference-inferred-yuri-20260603,推断型字段：ExplosiveVoxelDebris / Techno 暂未完成官方逐条核验；根据字段名、所属 TechnoType 对象 上下文和既有社区资料线索，它可能用于图像、动画、炮口坐标或 UI 表现。取值格式仍按原 INI 资料或项目内实际用法确认。该说明仅作为 BuiltIn 宽松兜底，不能替代 ModEnc、Ares 或 Phobos 官方字段页。
Techno,ExpSpread,Text,Yuri,community-reference-inferred-yuri-20260603,推断型字段：ExpSpread / Techno 暂未完成官方逐条核验；根据字段名、所属 TechnoType 对象 上下文和既有社区资料线索，它可能用于对象行为、显示或引擎内部规则。取值格式仍按原 INI 资料或项目内实际用法确认。该说明仅作为 BuiltIn 宽松兜底，不能替代 ModEnc、Ares 或 Phobos 官方字段页。
Techno,ExtraAircraftLight,Text,Yuri,community-reference-inferred-yuri-20260603,推断型字段：ExtraAircraftLight / Techno 暂未完成官方逐条核验；根据字段名、所属 TechnoType 对象 上下文和既有社区资料线索，它可能用于AI 行为、目标选择或威胁评估，并可能涉及颜色、光照或视觉着色。取值格式仍按原 INI 资料或项目内实际用法确认。该说明仅作为 BuiltIn 宽松兜底，不能替代 ModEnc、Ares 或 Phobos 官方字段页。
Techno,ExtraInfantryLight,Text,Yuri,community-reference-inferred-yuri-20260603,推断型字段：ExtraInfantryLight / Techno 暂未完成官方逐条核验；根据字段名、所属 TechnoType 对象 上下文和既有社区资料线索，它可能用于颜色、光照或视觉着色。取值格式仍按原 INI 资料或项目内实际用法确认。该说明仅作为 BuiltIn 宽松兜底，不能替代 ModEnc、Ares 或 Phobos 官方字段页。
Techno,ExtraPower,Text,Yuri,community-reference-inferred-yuri-20260603,推断型字段：ExtraPower / Techno 暂未完成官方逐条核验；根据字段名、所属 TechnoType 对象 上下文和既有社区资料线索，它可能用于建造条件、阵营可用性或生产经济。取值格式仍按原 INI 资料或项目内实际用法确认。该说明仅作为 BuiltIn 宽松兜底，不能替代 ModEnc、Ares 或 Phobos 官方字段页。
Techno,ExtraThreat.InRange,Text,Phobos,community-reference-inferred-phobos-20260603,推断型字段：ExtraThreat.InRange / Techno 暂未完成官方逐条核验；根据字段名、所属 TechnoType 对象 上下文和既有社区资料线索，它可能用于资源、矿石、回收或经济收益，并可能涉及数值阈值、间隔、次数或概率参数。取值格式仍按原 INI 资料或项目内实际用法确认。该说明仅作为 BuiltIn 宽松兜底，不能替代 ModEnc、Ares 或 Phobos 官方字段页。
Techno,ExtraThreat.IsThreat,Text,Phobos,community-reference-inferred-phobos-20260603,推断型字段：ExtraThreat.IsThreat / Techno 暂未完成官方逐条核验；根据字段名、所属 TechnoType 对象 上下文和既有社区资料线索，它可能用于侦察、雷达、隐形或伪装，并可能涉及列表型条件、允许/禁止关系或筛选规则。取值格式仍按原 INI 资料或项目内实际用法确认。该说明仅作为 BuiltIn 宽松兜底，不能替代 ModEnc、Ares 或 Phobos 官方字段页。
Techno,ExtraThreatCoefficient.DistanceToLastTarget,Text,Phobos,community-reference-inferred-phobos-20260603,推断型字段：ExtraThreatCoefficient.DistanceToLastTarget / Techno 暂未完成官方逐条核验；根据字段名、所属 TechnoType 对象 上下文和既有社区资料线索，它可能用于AI 行为、目标选择或威胁评估，并可能涉及建造条件、阵营可用性或生产经济。取值格式仍按原 INI 资料或项目内实际用法确认。该说明仅作为 BuiltIn 宽松兜底，不能替代 ModEnc、Ares 或 Phobos 官方字段页。
Techno,ExtraThreatCoefficient.Facing,Text,Phobos,community-reference-inferred-phobos-20260603,推断型字段：ExtraThreatCoefficient.Facing / Techno 暂未完成官方逐条核验；根据字段名、所属 TechnoType 对象 上下文和既有社区资料线索，它可能用于AI 行为、目标选择或威胁评估。取值格式仍按原 INI 资料或项目内实际用法确认。该说明仅作为 BuiltIn 宽松兜底，不能替代 ModEnc、Ares 或 Phobos 官方字段页。
Techno,ExtraThreatCoefficient.InRangeDistance,Text,Phobos,community-reference-inferred-phobos-20260603,推断型字段：ExtraThreatCoefficient.InRangeDistance / Techno 暂未完成官方逐条核验；根据字段名、所属 TechnoType 对象 上下文和既有社区资料线索，它可能用于资源、矿石、回收或经济收益，并可能涉及数值阈值、间隔、次数或概率参数。取值格式仍按原 INI 资料或项目内实际用法确认。该说明仅作为 BuiltIn 宽松兜底，不能替代 ModEnc、Ares 或 Phobos 官方字段页。
Techno,ExtraUnitLight,Text,Yuri,community-reference-inferred-yuri-20260603,推断型字段：ExtraUnitLight / Techno 暂未完成官方逐条核验；根据字段名、所属 TechnoType 对象 上下文和既有社区资料线索，它可能用于颜色、光照或视觉着色。取值格式仍按原 INI 资料或项目内实际用法确认。该说明仅作为 BuiltIn 宽松兜底，不能替代 ModEnc、Ares 或 Phobos 官方字段页。
Techno,Fake,Text,Yuri,community-reference-inferred-yuri-20260603,推断型字段：Fake / Techno 暂未完成官方逐条核验；根据字段名、所属 TechnoType 对象 上下文和既有社区资料线索，它可能用于对象行为、显示或引擎内部规则。取值格式仍按原 INI 资料或项目内实际用法确认。该说明仅作为 BuiltIn 宽松兜底，不能替代 ModEnc、Ares 或 Phobos 官方字段页。
Techno,FallingDownDamage,Integer,Phobos,community-reference-inferred-phobos-20260603,推断型字段：FallingDownDamage / Techno 暂未完成官方逐条核验；根据字段名、所属 TechnoType 对象 上下文和既有社区资料线索，它可能用于生命值、护甲、伤害或修理倍率。通常按整数参数理解。该说明仅作为 BuiltIn 宽松兜底，不能替代 ModEnc、Ares 或 Phobos 官方字段页。
Techno,FallingDownDamage.AllowEMP,Boolean,Phobos,community-reference-inferred-phobos-20260603,推断型字段：FallingDownDamage.AllowEMP / Techno 暂未完成官方逐条核验；根据字段名、所属 TechnoType 对象 上下文和既有社区资料线索，它可能用于列表型条件、允许/禁止关系或筛选规则，并可能涉及生命值、护甲、伤害或修理倍率。通常按 yes/no 布尔值理解。该说明仅作为 BuiltIn 宽松兜底，不能替代 ModEnc、Ares 或 Phobos 官方字段页。
Techno,FallingDownDamage.Water,Integer,Phobos,community-reference-inferred-phobos-20260603,推断型字段：FallingDownDamage.Water / Techno 暂未完成官方逐条核验；根据字段名、所属 TechnoType 对象 上下文和既有社区资料线索，它可能用于生命值、护甲、伤害或修理倍率，并可能涉及移动、寻路、部署或运动限制。通常按整数参数理解。该说明仅作为 BuiltIn 宽松兜底，不能替代 ModEnc、Ares 或 Phobos 官方字段页。
Techno,Fearless,Text,Yuri,community-reference-inferred-yuri-20260603,推断型字段：Fearless / Techno 暂未完成官方逐条核验；根据字段名、所属 TechnoType 对象 上下文和既有社区资料线索，它可能用于对象行为、显示或引擎内部规则。取值格式仍按原 INI 资料或项目内实际用法确认。该说明仅作为 BuiltIn 宽松兜底，不能替代 ModEnc、Ares 或 Phobos 官方字段页。
Techno,FillEarliestTeamProbability,Text,Yuri,community-reference-inferred-yuri-20260603,推断型字段：FillEarliestTeamProbability / Techno 暂未完成官方逐条核验；根据字段名、所属 TechnoType 对象 上下文和既有社区资料线索，它可能用于数值阈值、间隔、次数或概率参数。取值格式仍按原 INI 资料或项目内实际用法确认。该说明仅作为 BuiltIn 宽松兜底，不能替代 ModEnc、Ares 或 Phobos 官方字段页。
Techno,FinalDamageState,Text,Yuri,community-reference-inferred-yuri-20260603,推断型字段：FinalDamageState / Techno 暂未完成官方逐条核验；根据字段名、所属 TechnoType 对象 上下文和既有社区资料线索，它可能用于生命值、护甲、伤害或修理倍率。取值格式仍按原 INI 资料或项目内实际用法确认。该说明仅作为 BuiltIn 宽松兜底，不能替代 ModEnc、Ares 或 Phobos 官方字段页。
Techno,FineDiffControl,Text,Yuri,community-reference-inferred-yuri-20260603,推断型字段：FineDiffControl / Techno 暂未完成官方逐条核验；根据字段名、所属 TechnoType 对象 上下文和既有社区资料线索，它可能用于对象行为、显示或引擎内部规则。取值格式仍按原 INI 资料或项目内实际用法确认。该说明仅作为 BuiltIn 宽松兜底，不能替代 ModEnc、Ares 或 Phobos 官方字段页。
Techno,Firepower,Text,Yuri,community-reference-inferred-yuri-20260603,推断型字段：Firepower / Techno 暂未完成官方逐条核验；根据字段名、所属 TechnoType 对象 上下文和既有社区资料线索，它可能用于建造条件、阵营可用性或生产经济，并可能涉及武器、开火或投射表现。取值格式仍按原 INI 资料或项目内实际用法确认。该说明仅作为 BuiltIn 宽松兜底，不能替代 ModEnc、Ares 或 Phobos 官方字段页。
Techno,FirersPalette,Text,Yuri,community-reference-inferred-yuri-20260603,推断型字段：FirersPalette / Techno 暂未完成官方逐条核验；根据字段名、所属 TechnoType 对象 上下文和既有社区资料线索，它可能用于武器、开火或投射表现，并可能涉及图像、动画、炮口坐标或 UI 表现。取值格式仍按原 INI 资料或项目内实际用法确认。该说明仅作为 BuiltIn 宽松兜底，不能替代 ModEnc、Ares 或 Phobos 官方字段页。
Techno,FirestormActiveAnim,Text,Yuri,community-reference-inferred-yuri-20260603,推断型字段：FirestormActiveAnim / Techno 暂未完成官方逐条核验；根据字段名、所属 TechnoType 对象 上下文和既有社区资料线索，它可能用于图像、动画、炮口坐标或 UI 表现，并可能涉及武器、开火或投射表现。取值格式仍按原 INI 资料或项目内实际用法确认。该说明仅作为 BuiltIn 宽松兜底，不能替代 ModEnc、Ares 或 Phobos 官方字段页。
Techno,FirestormAirAnim,Text,Yuri,community-reference-inferred-yuri-20260603,推断型字段：FirestormAirAnim / Techno 暂未完成官方逐条核验；根据字段名、所属 TechnoType 对象 上下文和既有社区资料线索，它可能用于图像、动画、炮口坐标或 UI 表现，并可能涉及AI 行为、目标选择或威胁评估。取值格式仍按原 INI 资料或项目内实际用法确认。该说明仅作为 BuiltIn 宽松兜底，不能替代 ModEnc、Ares 或 Phobos 官方字段页。
Techno,FirestormGroundAnim,Text,Yuri,community-reference-inferred-yuri-20260603,推断型字段：FirestormGroundAnim / Techno 暂未完成官方逐条核验；根据字段名、所属 TechnoType 对象 上下文和既有社区资料线索，它可能用于图像、动画、炮口坐标或 UI 表现，并可能涉及武器、开火或投射表现。取值格式仍按原 INI 资料或项目内实际用法确认。该说明仅作为 BuiltIn 宽松兜底，不能替代 ModEnc、Ares 或 Phobos 官方字段页。
Techno,FirestormIdleAnim,Text,Yuri,community-reference-inferred-yuri-20260603,推断型字段：FirestormIdleAnim / Techno 暂未完成官方逐条核验；根据字段名、所属 TechnoType 对象 上下文和既有社区资料线索，它可能用于图像、动画、炮口坐标或 UI 表现，并可能涉及武器、开火或投射表现。取值格式仍按原 INI 资料或项目内实际用法确认。该说明仅作为 BuiltIn 宽松兜底，不能替代 ModEnc、Ares 或 Phobos 官方字段页。
Techno,FirestormWall,Text,Yuri,community-reference-inferred-yuri-20260603,推断型字段：FirestormWall / Techno 暂未完成官方逐条核验；根据字段名、所属 TechnoType 对象 上下文和既有社区资料线索，它可能用于武器、开火或投射表现。取值格式仍按原 INI 资料或项目内实际用法确认。该说明仅作为 BuiltIn 宽松兜底，不能替代 ModEnc、Ares 或 Phobos 官方字段页。
Techno,FirestormWarhead,Text,Yuri,community-reference-inferred-yuri-20260603,推断型字段：FirestormWarhead / Techno 暂未完成官方逐条核验；根据字段名、所属 TechnoType 对象 上下文和既有社区资料线索，它可能用于武器、开火或投射表现。取值格式仍按原 INI 资料或项目内实际用法确认。该说明仅作为 BuiltIn 宽松兜底，不能替代 ModEnc、Ares 或 Phobos 官方字段页。
Techno,FireSupress,Text,Yuri,community-reference-inferred-yuri-20260603,推断型字段：FireSupress / Techno 暂未完成官方逐条核验；根据字段名、所属 TechnoType 对象 上下文和既有社区资料线索，它可能用于武器、开火或投射表现。取值格式仍按原 INI 资料或项目内实际用法确认。该说明仅作为 BuiltIn 宽松兜底，不能替代 ModEnc、Ares 或 Phobos 官方字段页。
Techno,FixRepairStepCost,Boolean,Phobos,community-reference-inferred-phobos-20260603,推断型字段：FixRepairStepCost / Techno 暂未完成官方逐条核验；根据字段名、所属 TechnoType 对象 上下文和既有社区资料线索，它可能用于AI 行为、目标选择或威胁评估，并可能涉及建造条件、阵营可用性或生产经济。通常按 yes/no 布尔值理解。该说明仅作为 BuiltIn 宽松兜底，不能替代 ModEnc、Ares 或 Phobos 官方字段页。
Techno,FlameDamage,Text,Yuri,community-reference-inferred-yuri-20260603,推断型字段：FlameDamage / Techno 暂未完成官方逐条核验；根据字段名、所属 TechnoType 对象 上下文和既有社区资料线索，它可能用于生命值、护甲、伤害或修理倍率。取值格式仍按原 INI 资料或项目内实际用法确认。该说明仅作为 BuiltIn 宽松兜底，不能替代 ModEnc、Ares 或 Phobos 官方字段页。
Techno,FlameDamage2,Text,Yuri,community-reference-inferred-yuri-20260603,推断型字段：FlameDamage2 / Techno 暂未完成官方逐条核验；根据字段名、所属 TechnoType 对象 上下文和既有社区资料线索，它可能用于生命值、护甲、伤害或修理倍率。取值格式仍按原 INI 资料或项目内实际用法确认。该说明仅作为 BuiltIn 宽松兜底，不能替代 ModEnc、Ares 或 Phobos 官方字段页。
Techno,FlamingInfantry,Text,Yuri,community-reference-inferred-yuri-20260603,推断型字段：FlamingInfantry / Techno 暂未完成官方逐条核验；根据字段名、所属 TechnoType 对象 上下文和既有社区资料线索，它可能用于数值阈值、间隔、次数或概率参数。取值格式仍按原 INI 资料或项目内实际用法确认。该说明仅作为 BuiltIn 宽松兜底，不能替代 ModEnc、Ares 或 Phobos 官方字段页。
Techno,FlashFrameTime,Text,Yuri,community-reference-inferred-yuri-20260603,推断型字段：FlashFrameTime / Techno 暂未完成官方逐条核验；根据字段名、所属 TechnoType 对象 上下文和既有社区资料线索，它可能用于数值阈值、间隔、次数或概率参数，并可能涉及图像、动画、炮口坐标或 UI 表现。取值格式仍按原 INI 资料或项目内实际用法确认。该说明仅作为 BuiltIn 宽松兜底，不能替代 ModEnc、Ares 或 Phobos 官方字段页。
Techno,FLHKEY.BurstN,Integer,Phobos,community-reference-inferred-phobos-20260603,推断型字段：FLHKEY.BurstN / Techno 暂未完成官方逐条核验；根据字段名、所属 TechnoType 对象 上下文和既有社区资料线索，它可能用于部署、运输、乘员或形态切换，并可能涉及数值阈值、间隔、次数或概率参数。通常按整数参数理解。该说明仅作为 BuiltIn 宽松兜底，不能替代 ModEnc、Ares 或 Phobos 官方字段页。
Techno,FlightLevel,Text,Yuri,community-reference-inferred-yuri-20260603,推断型字段：FlightLevel / Techno 暂未完成官方逐条核验；根据字段名、所属 TechnoType 对象 上下文和既有社区资料线索，它可能用于建造条件、阵营可用性或生产经济，并可能涉及颜色、光照或视觉着色。取值格式仍按原 INI 资料或项目内实际用法确认。该说明仅作为 BuiltIn 宽松兜底，不能替代 ModEnc、Ares 或 Phobos 官方字段页。
Techno,Float,Text,Yuri,community-reference-inferred-yuri-20260603,推断型字段：Float / Techno 暂未完成官方逐条核验；根据字段名、所属 TechnoType 对象 上下文和既有社区资料线索，它可能用于对象行为、显示或引擎内部规则。取值格式仍按原 INI 资料或项目内实际用法确认。该说明仅作为 BuiltIn 宽松兜底，不能替代 ModEnc、Ares 或 Phobos 官方字段页。
Techno,FloatBeach,Text,Yuri,community-reference-inferred-yuri-20260603,推断型字段：FloatBeach / Techno 暂未完成官方逐条核验；根据字段名、所属 TechnoType 对象 上下文和既有社区资料线索，它可能用于对象行为、显示或引擎内部规则。取值格式仍按原 INI 资料或项目内实际用法确认。该说明仅作为 BuiltIn 宽松兜底，不能替代 ModEnc、Ares 或 Phobos 官方字段页。
Techno,Floater,Text,Yuri,community-reference-inferred-yuri-20260603,推断型字段：Floater / Techno 暂未完成官方逐条核验；根据字段名、所属 TechnoType 对象 上下文和既有社区资料线索，它可能用于对象行为、显示或引擎内部规则。取值格式仍按原 INI 资料或项目内实际用法确认。该说明仅作为 BuiltIn 宽松兜底，不能替代 ModEnc、Ares 或 Phobos 官方字段页。
Techno,FogOfWar,Text,Yuri,community-reference-inferred-yuri-20260603,推断型字段：FogOfWar / Techno 暂未完成官方逐条核验；根据字段名、所属 TechnoType 对象 上下文和既有社区资料线索，它可能用于武器、开火或投射表现，并可能涉及图像、动画、炮口坐标或 UI 表现。取值格式仍按原 INI 资料或项目内实际用法确认。该说明仅作为 BuiltIn 宽松兜底，不能替代 ModEnc、Ares 或 Phobos 官方字段页。
Techno,FogRate,Text,Yuri,community-reference-inferred-yuri-20260603,推断型字段：FogRate / Techno 暂未完成官方逐条核验；根据字段名、所属 TechnoType 对象 上下文和既有社区资料线索，它可能用于移动、寻路、部署或运动限制，并可能涉及数值阈值、间隔、次数或概率参数。取值格式仍按原 INI 资料或项目内实际用法确认。该说明仅作为 BuiltIn 宽松兜底，不能替代 ModEnc、Ares 或 Phobos 官方字段页。
Techno,Foot,Text,Yuri,community-reference-inferred-yuri-20260603,推断型字段：Foot / Techno 暂未完成官方逐条核验；根据字段名、所属 TechnoType 对象 上下文和既有社区资料线索，它可能用于对象行为、显示或引擎内部规则。取值格式仍按原 INI 资料或项目内实际用法确认。该说明仅作为 BuiltIn 宽松兜底，不能替代 ModEnc、Ares 或 Phobos 官方字段页。
Techno,ForbidParallelAIQueues,Boolean,Phobos,community-reference-inferred-phobos-20260603,推断型字段：ForbidParallelAIQueues / Techno 暂未完成官方逐条核验；根据字段名、所属 TechnoType 对象 上下文和既有社区资料线索，它可能用于AI 行为、目标选择或威胁评估，并可能涉及建造条件、阵营可用性或生产经济。通常按 yes/no 布尔值理解。该说明仅作为 BuiltIn 宽松兜底，不能替代 ModEnc、Ares 或 Phobos 官方字段页。
Techno,ForceShield.Effect,Enum,Phobos,community-reference-inferred-phobos-20260603,推断型字段：ForceShield.Effect / Techno 暂未完成官方逐条核验；根据字段名、所属 TechnoType 对象 上下文和既有社区资料线索，它可能用于对象行为、显示或引擎内部规则。通常按固定枚举值理解。该说明仅作为 BuiltIn 宽松兜底，不能替代 ModEnc、Ares 或 Phobos 官方字段页。
Techno,ForceShield.EffectOnOrganics,Enum,Phobos,community-reference-inferred-phobos-20260603,推断型字段：ForceShield.EffectOnOrganics / Techno 暂未完成官方逐条核验；根据字段名、所属 TechnoType 对象 上下文和既有社区资料线索，它可能用于武器、开火或投射表现，并可能涉及超级武器或特殊效果逻辑。通常按固定枚举值理解。该说明仅作为 BuiltIn 宽松兜底，不能替代 ModEnc、Ares 或 Phobos 官方字段页。
Techno,ForceShield.KillOrganicsWarhead,Reference,Phobos,community-reference-inferred-phobos-20260603,推断型字段：ForceShield.KillOrganicsWarhead / Techno 暂未完成官方逐条核验；根据字段名、所属 TechnoType 对象 上下文和既有社区资料线索，它可能用于武器、开火或投射表现。通常引用另一类 INI 对象或资源 ID。该说明仅作为 BuiltIn 宽松兜底，不能替代 ModEnc、Ares 或 Phobos 官方字段页。
Techno,ForceShield.KillWarhead,Reference,Phobos,community-reference-inferred-phobos-20260603,推断型字段：ForceShield.KillWarhead / Techno 暂未完成官方逐条核验；根据字段名、所属 TechnoType 对象 上下文和既有社区资料线索，它可能用于武器、开火或投射表现。通常引用另一类 INI 对象或资源 ID。该说明仅作为 BuiltIn 宽松兜底，不能替代 ModEnc、Ares 或 Phobos 官方字段页。
Techno,Fraidycat,Text,Yuri,community-reference-inferred-yuri-20260603,推断型字段：Fraidycat / Techno 暂未完成官方逐条核验；根据字段名、所属 TechnoType 对象 上下文和既有社区资料线索，它可能用于AI 行为、目标选择或威胁评估。取值格式仍按原 INI 资料或项目内实际用法确认。该说明仅作为 BuiltIn 宽松兜底，不能替代 ModEnc、Ares 或 Phobos 官方字段页。
Techno,FreeMCV,Text,Yuri,community-reference-inferred-yuri-20260603,推断型字段：FreeMCV / Techno 暂未完成官方逐条核验；根据字段名、所属 TechnoType 对象 上下文和既有社区资料线索，它可能用于对象行为、显示或引擎内部规则。取值格式仍按原 INI 资料或项目内实际用法确认。该说明仅作为 BuiltIn 宽松兜底，不能替代 ModEnc、Ares 或 Phobos 官方字段页。
Techno,GainSelfHealAllowMultiplayPassive,Boolean,Phobos,community-reference-inferred-phobos-20260603,推断型字段：GainSelfHealAllowMultiplayPassive / Techno 暂未完成官方逐条核验；根据字段名、所属 TechnoType 对象 上下文和既有社区资料线索，它可能用于列表型条件、允许/禁止关系或筛选规则，并可能涉及生命值、护甲、伤害或修理倍率。通常按 yes/no 布尔值理解。该说明仅作为 BuiltIn 宽松兜底，不能替代 ModEnc、Ares 或 Phobos 官方字段页。
Techno,GainSelfHealFromAllies,Boolean,Phobos,community-reference-inferred-phobos-20260603,推断型字段：GainSelfHealFromAllies / Techno 暂未完成官方逐条核验；根据字段名、所属 TechnoType 对象 上下文和既有社区资料线索，它可能用于生命值、护甲、伤害或修理倍率，并可能涉及AI 行为、目标选择或威胁评估。通常按 yes/no 布尔值理解。该说明仅作为 BuiltIn 宽松兜底，不能替代 ModEnc、Ares 或 Phobos 官方字段页。
Techno,GainSelfHealFromPlayerControl,Boolean,Phobos,community-reference-inferred-phobos-20260603,推断型字段：GainSelfHealFromPlayerControl / Techno 暂未完成官方逐条核验；根据字段名、所属 TechnoType 对象 上下文和既有社区资料线索，它可能用于生命值、护甲、伤害或修理倍率，并可能涉及AI 行为、目标选择或威胁评估。通常按 yes/no 布尔值理解。该说明仅作为 BuiltIn 宽松兜底，不能替代 ModEnc、Ares 或 Phobos 官方字段页。
Techno,GameClosed,Reference,Yuri,community-reference-inferred-yuri-20260603,推断型字段：GameClosed / Techno 暂未完成官方逐条核验；根据字段名、所属 TechnoType 对象 上下文和既有社区资料线索，它可能用于对象行为、显示或引擎内部规则。通常引用另一类 INI 对象或资源 ID。该说明仅作为 BuiltIn 宽松兜底，不能替代 ModEnc、Ares 或 Phobos 官方字段页。
Techno,GameForming,Reference,Yuri,community-reference-inferred-yuri-20260603,推断型字段：GameForming / Techno 暂未完成官方逐条核验；根据字段名、所属 TechnoType 对象 上下文和既有社区资料线索，它可能用于数值阈值、间隔、次数或概率参数。通常引用另一类 INI 对象或资源 ID。该说明仅作为 BuiltIn 宽松兜底，不能替代 ModEnc、Ares 或 Phobos 官方字段页。
Techno,GameSpeedBias,Text,Yuri,community-reference-inferred-yuri-20260603,推断型字段：GameSpeedBias / Techno 暂未完成官方逐条核验；根据字段名、所属 TechnoType 对象 上下文和既有社区资料线索，它可能用于移动、寻路、部署或运动限制。取值格式仍按原 INI 资料或项目内实际用法确认。该说明仅作为 BuiltIn 宽松兜底，不能替代 ModEnc、Ares 或 Phobos 官方字段页。
Techno,GapGenerator,Text,Yuri,community-reference-inferred-yuri-20260603,推断型字段：GapGenerator / Techno 暂未完成官方逐条核验；根据字段名、所属 TechnoType 对象 上下文和既有社区资料线索，它可能用于对象行为、显示或引擎内部规则。取值格式仍按原 INI 资料或项目内实际用法确认。该说明仅作为 BuiltIn 宽松兜底，不能替代 ModEnc、Ares 或 Phobos 官方字段页。
Techno,GapRadiusInCells,Text,Yuri,community-reference-inferred-yuri-20260603,推断型字段：GapRadiusInCells / Techno 暂未完成官方逐条核验；根据字段名、所属 TechnoType 对象 上下文和既有社区资料线索，它可能用于资源、矿石、回收或经济收益，并可能涉及数值阈值、间隔、次数或概率参数。取值格式仍按原 INI 资料或项目内实际用法确认。该说明仅作为 BuiltIn 宽松兜底，不能替代 ModEnc、Ares 或 Phobos 官方字段页。
Techno,Gas,Text,Yuri,community-reference-inferred-yuri-20260603,推断型字段：Gas / Techno 暂未完成官方逐条核验；根据字段名、所属 TechnoType 对象 上下文和既有社区资料线索，它可能用于对象行为、显示或引擎内部规则。取值格式仍按原 INI 资料或项目内实际用法确认。该说明仅作为 BuiltIn 宽松兜底，不能替代 ModEnc、Ares 或 Phobos 官方字段页。
Techno,Gate,Text,Yuri,community-reference-inferred-yuri-20260603,推断型字段：Gate / Techno 暂未完成官方逐条核验；根据字段名、所属 TechnoType 对象 上下文和既有社区资料线索，它可能用于对象行为、显示或引擎内部规则。取值格式仍按原 INI 资料或项目内实际用法确认。该说明仅作为 BuiltIn 宽松兜底，不能替代 ModEnc、Ares 或 Phobos 官方字段页。
Techno,GateCloseDelay,Text,Yuri,community-reference-inferred-yuri-20260603,推断型字段：GateCloseDelay / Techno 暂未完成官方逐条核验；根据字段名、所属 TechnoType 对象 上下文和既有社区资料线索，它可能用于数值阈值、间隔、次数或概率参数。取值格式仍按原 INI 资料或项目内实际用法确认。该说明仅作为 BuiltIn 宽松兜底，不能替代 ModEnc、Ares 或 Phobos 官方字段页。
Techno,GateDown,Reference,Yuri,community-reference-inferred-yuri-20260603,推断型字段：GateDown / Techno 暂未完成官方逐条核验；根据字段名、所属 TechnoType 对象 上下文和既有社区资料线索，它可能用于对象行为、显示或引擎内部规则。通常引用另一类 INI 对象或资源 ID。该说明仅作为 BuiltIn 宽松兜底，不能替代 ModEnc、Ares 或 Phobos 官方字段页。
Techno,GateUp,Reference,Yuri,community-reference-inferred-yuri-20260603,推断型字段：GateUp / Techno 暂未完成官方逐条核验；根据字段名、所属 TechnoType 对象 上下文和既有社区资料线索，它可能用于图像、动画、炮口坐标或 UI 表现，并可能涉及超级武器或特殊效果逻辑。通常引用另一类 INI 对象或资源 ID。该说明仅作为 BuiltIn 宽松兜底，不能替代 ModEnc、Ares 或 Phobos 官方字段页。
Techno,GatherWhenMCVDeploy,Boolean,Phobos,community-reference-inferred-phobos-20260603,推断型字段：GatherWhenMCVDeploy / Techno 暂未完成官方逐条核验；根据字段名、所属 TechnoType 对象 上下文和既有社区资料线索，它可能用于部署、运输、乘员或形态切换。通常按 yes/no 布尔值理解。该说明仅作为 BuiltIn 宽松兜底，不能替代 ModEnc、Ares 或 Phobos 官方字段页。
Techno,GDI,Text,Yuri,community-reference-inferred-yuri-20260603,推断型字段：GDI / Techno 暂未完成官方逐条核验；根据字段名、所属 TechnoType 对象 上下文和既有社区资料线索，它可能用于对象行为、显示或引擎内部规则。取值格式仍按原 INI 资料或项目内实际用法确认。该说明仅作为 BuiltIn 宽松兜底，不能替代 ModEnc、Ares 或 Phobos 官方字段页。
Techno,GDIBarracks,Text,Yuri,community-reference-inferred-yuri-20260603,推断型字段：GDIBarracks / Techno 暂未完成官方逐条核验；根据字段名、所属 TechnoType 对象 上下文和既有社区资料线索，它可能用于对象行为、显示或引擎内部规则。取值格式仍按原 INI 资料或项目内实际用法确认。该说明仅作为 BuiltIn 宽松兜底，不能替代 ModEnc、Ares 或 Phobos 官方字段页。
Techno,GDIFirestormGenerator,Text,Yuri,community-reference-inferred-yuri-20260603,推断型字段：GDIFirestormGenerator / Techno 暂未完成官方逐条核验；根据字段名、所属 TechnoType 对象 上下文和既有社区资料线索，它可能用于武器、开火或投射表现。取值格式仍按原 INI 资料或项目内实际用法确认。该说明仅作为 BuiltIn 宽松兜底，不能替代 ModEnc、Ares 或 Phobos 官方字段页。
Techno,GDIGateOne,Text,Yuri,community-reference-inferred-yuri-20260603,推断型字段：GDIGateOne / Techno 暂未完成官方逐条核验；根据字段名、所属 TechnoType 对象 上下文和既有社区资料线索，它可能用于资源、矿石、回收或经济收益。取值格式仍按原 INI 资料或项目内实际用法确认。该说明仅作为 BuiltIn 宽松兜底，不能替代 ModEnc、Ares 或 Phobos 官方字段页。
Techno,GDIGateTwo,Text,Yuri,community-reference-inferred-yuri-20260603,推断型字段：GDIGateTwo / Techno 暂未完成官方逐条核验；根据字段名、所属 TechnoType 对象 上下文和既有社区资料线索，它可能用于对象行为、显示或引擎内部规则。取值格式仍按原 INI 资料或项目内实际用法确认。该说明仅作为 BuiltIn 宽松兜底，不能替代 ModEnc、Ares 或 Phobos 官方字段页。
Techno,GDIHunterSeeker,Text,Yuri,community-reference-inferred-yuri-20260603,推断型字段：GDIHunterSeeker / Techno 暂未完成官方逐条核验；根据字段名、所属 TechnoType 对象 上下文和既有社区资料线索，它可能用于AI 行为、目标选择或威胁评估。取值格式仍按原 INI 资料或项目内实际用法确认。该说明仅作为 BuiltIn 宽松兜底，不能替代 ModEnc、Ares 或 Phobos 官方字段页。
Techno,GDIPowerTurbine,Text,Yuri,community-reference-inferred-yuri-20260603,推断型字段：GDIPowerTurbine / Techno 暂未完成官方逐条核验；根据字段名、所属 TechnoType 对象 上下文和既有社区资料线索，它可能用于建造条件、阵营可用性或生产经济。取值格式仍按原 INI 资料或项目内实际用法确认。该说明仅作为 BuiltIn 宽松兜底，不能替代 ModEnc、Ares 或 Phobos 官方字段页。
Techno,GenericBeep,Reference,Yuri,community-reference-inferred-yuri-20260603,推断型字段：GenericBeep / Techno 暂未完成官方逐条核验；根据字段名、所属 TechnoType 对象 上下文和既有社区资料线索，它可能用于对象行为、显示或引擎内部规则。通常引用另一类 INI 对象或资源 ID。该说明仅作为 BuiltIn 宽松兜底，不能替代 ModEnc、Ares 或 Phobos 官方字段页。
Techno,GenericClick,Reference,Yuri,community-reference-inferred-yuri-20260603,推断型字段：GenericClick / Techno 暂未完成官方逐条核验；根据字段名、所属 TechnoType 对象 上下文和既有社区资料线索，它可能用于对象行为、显示或引擎内部规则。通常引用另一类 INI 对象或资源 ID。该说明仅作为 BuiltIn 宽松兜底，不能替代 ModEnc、Ares 或 Phobos 官方字段页。
Techno,Green,Text,Yuri,community-reference-inferred-yuri-20260603,推断型字段：Green / Techno 暂未完成官方逐条核验；根据字段名、所属 TechnoType 对象 上下文和既有社区资料线索，它可能用于颜色、光照或视觉着色。取值格式仍按原 INI 资料或项目内实际用法确认。该说明仅作为 BuiltIn 宽松兜底，不能替代 ModEnc、Ares 或 Phobos 官方字段页。
Techno,Groundspeed,Text,Yuri,community-reference-inferred-yuri-20260603,推断型字段：Groundspeed / Techno 暂未完成官方逐条核验；根据字段名、所属 TechnoType 对象 上下文和既有社区资料线索，它可能用于移动、寻路、部署或运动限制。取值格式仍按原 INI 资料或项目内实际用法确认。该说明仅作为 BuiltIn 宽松兜底，不能替代 ModEnc、Ares 或 Phobos 官方字段页。
Techno,Growth,Text,Yuri,community-reference-inferred-yuri-20260603,推断型字段：Growth / Techno 暂未完成官方逐条核验；根据字段名、所属 TechnoType 对象 上下文和既有社区资料线索，它可能用于对象行为、显示或引擎内部规则。取值格式仍按原 INI 资料或项目内实际用法确认。该说明仅作为 BuiltIn 宽松兜底，不能替代 ModEnc、Ares 或 Phobos 官方字段页。
Techno,GrowthPercentage,Text,Yuri,community-reference-inferred-yuri-20260603,推断型字段：GrowthPercentage / Techno 暂未完成官方逐条核验；根据字段名、所属 TechnoType 对象 上下文和既有社区资料线索，它可能用于数值阈值、间隔、次数或概率参数。取值格式仍按原 INI 资料或项目内实际用法确认。该说明仅作为 BuiltIn 宽松兜底，不能替代 ModEnc、Ares 或 Phobos 官方字段页。
Techno,GrowthRate,Text,Yuri,community-reference-inferred-yuri-20260603,推断型字段：GrowthRate / Techno 暂未完成官方逐条核验；根据字段名、所属 TechnoType 对象 上下文和既有社区资料线索，它可能用于移动、寻路、部署或运动限制，并可能涉及数值阈值、间隔、次数或概率参数。取值格式仍按原 INI 资料或项目内实际用法确认。该说明仅作为 BuiltIn 宽松兜底，不能替代 ModEnc、Ares 或 Phobos 官方字段页。
Techno,GuardArea,Text,Yuri,community-reference-inferred-yuri-20260603,推断型字段：GuardArea / Techno 暂未完成官方逐条核验；根据字段名、所属 TechnoType 对象 上下文和既有社区资料线索，它可能用于AI 行为、目标选择或威胁评估。取值格式仍按原 INI 资料或项目内实际用法确认。该说明仅作为 BuiltIn 宽松兜底，不能替代 ModEnc、Ares 或 Phobos 官方字段页。
Techno,GuardAreaTargetingDelay,Text,Yuri,community-reference-inferred-yuri-20260603,推断型字段：GuardAreaTargetingDelay / Techno 暂未完成官方逐条核验；根据字段名、所属 TechnoType 对象 上下文和既有社区资料线索，它可能用于AI 行为、目标选择或威胁评估，并可能涉及数值阈值、间隔、次数或概率参数。取值格式仍按原 INI 资料或项目内实际用法确认。该说明仅作为 BuiltIn 宽松兜底，不能替代 ModEnc、Ares 或 Phobos 官方字段页。
Techno,GuardSound,Reference,Yuri,community-reference-inferred-yuri-20260603,推断型字段：GuardSound / Techno 暂未完成官方逐条核验；根据字段名、所属 TechnoType 对象 上下文和既有社区资料线索，它可能用于AI 行为、目标选择或威胁评估，并可能涉及声音、语音或 EVA 提示。通常引用另一类 INI 对象或资源 ID。该说明仅作为 BuiltIn 宽松兜底，不能替代 ModEnc、Ares 或 Phobos 官方字段页。
Techno,GUIBuildSound,Reference,Yuri,community-reference-inferred-yuri-20260603,推断型字段：GUIBuildSound / Techno 暂未完成官方逐条核验；根据字段名、所属 TechnoType 对象 上下文和既有社区资料线索，它可能用于建造条件、阵营可用性或生产经济，并可能涉及侦察、雷达、隐形或伪装。通常引用另一类 INI 对象或资源 ID。该说明仅作为 BuiltIn 宽松兜底，不能替代 ModEnc、Ares 或 Phobos 官方字段页。
Techno,GUICheckboxSound,Reference,Yuri,community-reference-inferred-yuri-20260603,推断型字段：GUICheckboxSound / Techno 暂未完成官方逐条核验；根据字段名、所属 TechnoType 对象 上下文和既有社区资料线索，它可能用于侦察、雷达、隐形或伪装，并可能涉及声音、语音或 EVA 提示。通常引用另一类 INI 对象或资源 ID。该说明仅作为 BuiltIn 宽松兜底，不能替代 ModEnc、Ares 或 Phobos 官方字段页。
Techno,GUICloseSound,Reference,Yuri,community-reference-inferred-yuri-20260603,推断型字段：GUICloseSound / Techno 暂未完成官方逐条核验；根据字段名、所属 TechnoType 对象 上下文和既有社区资料线索，它可能用于侦察、雷达、隐形或伪装，并可能涉及声音、语音或 EVA 提示。通常引用另一类 INI 对象或资源 ID。该说明仅作为 BuiltIn 宽松兜底，不能替代 ModEnc、Ares 或 Phobos 官方字段页。
Techno,GUIComboCloseSound,Reference,Yuri,community-reference-inferred-yuri-20260603,推断型字段：GUIComboCloseSound / Techno 暂未完成官方逐条核验；根据字段名、所属 TechnoType 对象 上下文和既有社区资料线索，它可能用于侦察、雷达、隐形或伪装，并可能涉及声音、语音或 EVA 提示。通常引用另一类 INI 对象或资源 ID。该说明仅作为 BuiltIn 宽松兜底，不能替代 ModEnc、Ares 或 Phobos 官方字段页。
Techno,GUIComboOpenSound,Reference,Yuri,community-reference-inferred-yuri-20260603,推断型字段：GUIComboOpenSound / Techno 暂未完成官方逐条核验；根据字段名、所属 TechnoType 对象 上下文和既有社区资料线索，它可能用于部署、运输、乘员或形态切换，并可能涉及侦察、雷达、隐形或伪装。通常引用另一类 INI 对象或资源 ID。该说明仅作为 BuiltIn 宽松兜底，不能替代 ModEnc、Ares 或 Phobos 官方字段页。
Techno,GUIMainButtonSound,Reference,Yuri,community-reference-inferred-yuri-20260603,推断型字段：GUIMainButtonSound / Techno 暂未完成官方逐条核验；根据字段名、所属 TechnoType 对象 上下文和既有社区资料线索，它可能用于AI 行为、目标选择或威胁评估，并可能涉及侦察、雷达、隐形或伪装。通常引用另一类 INI 对象或资源 ID。该说明仅作为 BuiltIn 宽松兜底，不能替代 ModEnc、Ares 或 Phobos 官方字段页。
Techno,GUIMoveInSound,Reference,Yuri,community-reference-inferred-yuri-20260603,推断型字段：GUIMoveInSound / Techno 暂未完成官方逐条核验；根据字段名、所属 TechnoType 对象 上下文和既有社区资料线索，它可能用于移动、寻路、部署或运动限制，并可能涉及侦察、雷达、隐形或伪装。通常引用另一类 INI 对象或资源 ID。该说明仅作为 BuiltIn 宽松兜底，不能替代 ModEnc、Ares 或 Phobos 官方字段页。
Techno,GUIMoveOutSound,Reference,Yuri,community-reference-inferred-yuri-20260603,推断型字段：GUIMoveOutSound / Techno 暂未完成官方逐条核验；根据字段名、所属 TechnoType 对象 上下文和既有社区资料线索，它可能用于移动、寻路、部署或运动限制，并可能涉及侦察、雷达、隐形或伪装。通常引用另一类 INI 对象或资源 ID。该说明仅作为 BuiltIn 宽松兜底，不能替代 ModEnc、Ares 或 Phobos 官方字段页。
Techno,GUIOpenSound,Reference,Yuri,community-reference-inferred-yuri-20260603,推断型字段：GUIOpenSound / Techno 暂未完成官方逐条核验；根据字段名、所属 TechnoType 对象 上下文和既有社区资料线索，它可能用于部署、运输、乘员或形态切换，并可能涉及侦察、雷达、隐形或伪装。通常引用另一类 INI 对象或资源 ID。该说明仅作为 BuiltIn 宽松兜底，不能替代 ModEnc、Ares 或 Phobos 官方字段页。
Techno,GUITabSound,Reference,Yuri,community-reference-inferred-yuri-20260603,推断型字段：GUITabSound / Techno 暂未完成官方逐条核验；根据字段名、所属 TechnoType 对象 上下文和既有社区资料线索，它可能用于侦察、雷达、隐形或伪装，并可能涉及声音、语音或 EVA 提示。通常引用另一类 INI 对象或资源 ID。该说明仅作为 BuiltIn 宽松兜底，不能替代 ModEnc、Ares 或 Phobos 官方字段页。
Techno,Gunner,Text,Yuri,community-reference-inferred-yuri-20260603,推断型字段：Gunner / Techno 暂未完成官方逐条核验；根据字段名、所属 TechnoType 对象 上下文和既有社区资料线索，它可能用于对象行为、显示或引擎内部规则。取值格式仍按原 INI 资料或项目内实际用法确认。该说明仅作为 BuiltIn 宽松兜底，不能替代 ModEnc、Ares 或 Phobos 官方字段页。
Techno,HalfDamageSmokeLocation,Text,Yuri,community-reference-inferred-yuri-20260603,推断型字段：HalfDamageSmokeLocation / Techno 暂未完成官方逐条核验；根据字段名、所属 TechnoType 对象 上下文和既有社区资料线索，它可能用于生命值、护甲、伤害或修理倍率，并可能涉及超级武器或特殊效果逻辑。取值格式仍按原 INI 资料或项目内实际用法确认。该说明仅作为 BuiltIn 宽松兜底，不能替代 ModEnc、Ares 或 Phobos 官方字段页。
Techno,HalfDamageSmokeLocation1,Text,Yuri,community-reference-inferred-yuri-20260603,推断型字段：HalfDamageSmokeLocation1 / Techno 暂未完成官方逐条核验；根据字段名、所属 TechnoType 对象 上下文和既有社区资料线索，它可能用于生命值、护甲、伤害或修理倍率，并可能涉及超级武器或特殊效果逻辑。取值格式仍按原 INI 资料或项目内实际用法确认。该说明仅作为 BuiltIn 宽松兜底，不能替代 ModEnc、Ares 或 Phobos 官方字段页。
Techno,HalfDamageSmokeLocation2,Text,Yuri,community-reference-inferred-yuri-20260603,推断型字段：HalfDamageSmokeLocation2 / Techno 暂未完成官方逐条核验；根据字段名、所属 TechnoType 对象 上下文和既有社区资料线索，它可能用于生命值、护甲、伤害或修理倍率，并可能涉及超级武器或特殊效果逻辑。取值格式仍按原 INI 资料或项目内实际用法确认。该说明仅作为 BuiltIn 宽松兜底，不能替代 ModEnc、Ares 或 Phobos 官方字段页。
Techno,Harvester.Counted,Boolean,Phobos,community-reference-inferred-phobos-20260603,推断型字段：Harvester.Counted / Techno 暂未完成官方逐条核验；根据字段名、所属 TechnoType 对象 上下文和既有社区资料线索，它可能用于资源、矿石、回收或经济收益，并可能涉及数值阈值、间隔、次数或概率参数。通常按 yes/no 布尔值理解。该说明仅作为 BuiltIn 宽松兜底，不能替代 ModEnc、Ares 或 Phobos 官方字段页。
Techno,HarvesterDumpRate,Text,Yuri,community-reference-inferred-yuri-20260603,推断型字段：HarvesterDumpRate / Techno 暂未完成官方逐条核验；根据字段名、所属 TechnoType 对象 上下文和既有社区资料线索，它可能用于移动、寻路、部署或运动限制，并可能涉及资源、矿石、回收或经济收益。取值格式仍按原 INI 资料或项目内实际用法确认。该说明仅作为 BuiltIn 宽松兜底，不能替代 ModEnc、Ares 或 Phobos 官方字段页。
Techno,HarvesterLoadRate,Text,Yuri,community-reference-inferred-yuri-20260603,推断型字段：HarvesterLoadRate / Techno 暂未完成官方逐条核验；根据字段名、所属 TechnoType 对象 上下文和既有社区资料线索，它可能用于部署、运输、乘员或形态切换，并可能涉及移动、寻路、部署或运动限制。取值格式仍按原 INI 资料或项目内实际用法确认。该说明仅作为 BuiltIn 宽松兜底，不能替代 ModEnc、Ares 或 Phobos 官方字段页。
Techno,HarvesterTooFarDistance,Text,Yuri,community-reference-inferred-yuri-20260603,推断型字段：HarvesterTooFarDistance / Techno 暂未完成官方逐条核验；根据字段名、所属 TechnoType 对象 上下文和既有社区资料线索，它可能用于资源、矿石、回收或经济收益。取值格式仍按原 INI 资料或项目内实际用法确认。该说明仅作为 BuiltIn 宽松兜底，不能替代 ModEnc、Ares 或 Phobos 官方字段页。
Techno,HarvesterTruce,Text,Yuri,community-reference-inferred-yuri-20260603,推断型字段：HarvesterTruce / Techno 暂未完成官方逐条核验；根据字段名、所属 TechnoType 对象 上下文和既有社区资料线索，它可能用于资源、矿石、回收或经济收益。取值格式仍按原 INI 资料或项目内实际用法确认。该说明仅作为 BuiltIn 宽松兜底，不能替代 ModEnc、Ares 或 Phobos 官方字段页。
Techno,HarvesterUnit,Text,Yuri,community-reference-inferred-yuri-20260603,推断型字段：HarvesterUnit / Techno 暂未完成官方逐条核验；根据字段名、所属 TechnoType 对象 上下文和既有社区资料线索，它可能用于资源、矿石、回收或经济收益。取值格式仍按原 INI 资料或项目内实际用法确认。该说明仅作为 BuiltIn 宽松兜底，不能替代 ModEnc、Ares 或 Phobos 官方字段页。
Techno,HasRadialIndicator,Text,Yuri,community-reference-inferred-yuri-20260603,推断型字段：HasRadialIndicator / Techno 暂未完成官方逐条核验；根据字段名、所属 TechnoType 对象 上下文和既有社区资料线索，它可能用于对象行为、显示或引擎内部规则。取值格式仍按原 INI 资料或项目内实际用法确认。该说明仅作为 BuiltIn 宽松兜底，不能替代 ModEnc、Ares 或 Phobos 官方字段页。
Techno,HasSpotlight,Text,Yuri,community-reference-inferred-yuri-20260603,推断型字段：HasSpotlight / Techno 暂未完成官方逐条核验；根据字段名、所属 TechnoType 对象 上下文和既有社区资料线索，它可能用于颜色、光照或视觉着色。取值格式仍按原 INI 资料或项目内实际用法确认。该说明仅作为 BuiltIn 宽松兜底，不能替代 ModEnc、Ares 或 Phobos 官方字段页。
Techno,HasStupidGuardMode,Text,Yuri,community-reference-inferred-yuri-20260603,推断型字段：HasStupidGuardMode / Techno 暂未完成官方逐条核验；根据字段名、所属 TechnoType 对象 上下文和既有社区资料线索，它可能用于AI 行为、目标选择或威胁评估。取值格式仍按原 INI 资料或项目内实际用法确认。该说明仅作为 BuiltIn 宽松兜底，不能替代 ModEnc、Ares 或 Phobos 官方字段页。
Techno,HasTurretTooltips,Text,Yuri,community-reference-inferred-yuri-20260603,推断型字段：HasTurretTooltips / Techno 暂未完成官方逐条核验；根据字段名、所属 TechnoType 对象 上下文和既有社区资料线索，它可能用于图像、动画、炮口坐标或 UI 表现。取值格式仍按原 INI 资料或项目内实际用法确认。该说明仅作为 BuiltIn 宽松兜底，不能替代 ModEnc、Ares 或 Phobos 官方字段页。
Techno,HealBase,Text,Yuri,community-reference-inferred-yuri-20260603,推断型字段：HealBase / Techno 暂未完成官方逐条核验；根据字段名、所属 TechnoType 对象 上下文和既有社区资料线索，它可能用于生命值、护甲、伤害或修理倍率。取值格式仍按原 INI 资料或项目内实际用法确认。该说明仅作为 BuiltIn 宽松兜底，不能替代 ModEnc、Ares 或 Phobos 官方字段页。
Techno,HealCrateSound,Reference,Yuri,community-reference-inferred-yuri-20260603,推断型字段：HealCrateSound / Techno 暂未完成官方逐条核验；根据字段名、所属 TechnoType 对象 上下文和既有社区资料线索，它可能用于生命值、护甲、伤害或修理倍率，并可能涉及声音、语音或 EVA 提示。通常引用另一类 INI 对象或资源 ID。该说明仅作为 BuiltIn 宽松兜底，不能替代 ModEnc、Ares 或 Phobos 官方字段页。
Techno,HealScanRadius,Text,Yuri,community-reference-inferred-yuri-20260603,推断型字段：HealScanRadius / Techno 暂未完成官方逐条核验；根据字段名、所属 TechnoType 对象 上下文和既有社区资料线索，它可能用于生命值、护甲、伤害或修理倍率。取值格式仍按原 INI 资料或项目内实际用法确认。该说明仅作为 BuiltIn 宽松兜底，不能替代 ModEnc、Ares 或 Phobos 官方字段页。
Techno,HealthBar.Hide,Boolean,Phobos,community-reference-inferred-phobos-20260603,推断型字段：HealthBar.Hide / Techno 暂未完成官方逐条核验；根据字段名、所属 TechnoType 对象 上下文和既有社区资料线索，它可能用于生命值、护甲、伤害或修理倍率，并可能涉及图像、动画、炮口坐标或 UI 表现。通常按 yes/no 布尔值理解。该说明仅作为 BuiltIn 宽松兜底，不能替代 ModEnc、Ares 或 Phobos 官方字段页。
Techno,HealthBar.HidePips,Boolean,Phobos,community-reference-inferred-phobos-20260603,推断型字段：HealthBar.HidePips / Techno 暂未完成官方逐条核验；根据字段名、所属 TechnoType 对象 上下文和既有社区资料线索，它可能用于生命值、护甲、伤害或修理倍率，并可能涉及图像、动画、炮口坐标或 UI 表现。通常按 yes/no 布尔值理解。该说明仅作为 BuiltIn 宽松兜底，不能替代 ModEnc、Ares 或 Phobos 官方字段页。
Techno,HealthBar.Permanent,Boolean,Phobos,community-reference-inferred-phobos-20260603,推断型字段：HealthBar.Permanent / Techno 暂未完成官方逐条核验；根据字段名、所属 TechnoType 对象 上下文和既有社区资料线索，它可能用于生命值、护甲、伤害或修理倍率，并可能涉及图像、动画、炮口坐标或 UI 表现。通常按 yes/no 布尔值理解。该说明仅作为 BuiltIn 宽松兜底，不能替代 ModEnc、Ares 或 Phobos 官方字段页。
Techno,HealthBar.Permanent.PipScale,Boolean,Phobos,community-reference-inferred-phobos-20260603,推断型字段：HealthBar.Permanent.PipScale / Techno 暂未完成官方逐条核验；根据字段名、所属 TechnoType 对象 上下文和既有社区资料线索，它可能用于生命值、护甲、伤害或修理倍率，并可能涉及图像、动画、炮口坐标或 UI 表现。通常按 yes/no 布尔值理解。该说明仅作为 BuiltIn 宽松兜底，不能替代 ModEnc、Ares 或 Phobos 官方字段页。
Techno,HeightShadowScaling,Boolean,Phobos,community-reference-inferred-phobos-20260603,推断型字段：HeightShadowScaling / Techno 暂未完成官方逐条核验；根据字段名、所属 TechnoType 对象 上下文和既有社区资料线索，它可能用于图像、动画、炮口坐标或 UI 表现。通常按 yes/no 布尔值理解。该说明仅作为 BuiltIn 宽松兜底，不能替代 ModEnc、Ares 或 Phobos 官方字段页。
Techno,HeightShadowScaling.MinScale,Integer,Phobos,community-reference-inferred-phobos-20260603,推断型字段：HeightShadowScaling.MinScale / Techno 暂未完成官方逐条核验；根据字段名、所属 TechnoType 对象 上下文和既有社区资料线索，它可能用于图像、动画、炮口坐标或 UI 表现，并可能涉及数值阈值、间隔、次数或概率参数。通常按整数参数理解。该说明仅作为 BuiltIn 宽松兜底，不能替代 ModEnc、Ares 或 Phobos 官方字段页。
Techno,Helipad,Text,Yuri,community-reference-inferred-yuri-20260603,推断型字段：Helipad / Techno 暂未完成官方逐条核验；根据字段名、所属 TechnoType 对象 上下文和既有社区资料线索，它可能用于对象行为、显示或引擎内部规则。取值格式仍按原 INI 资料或项目内实际用法确认。该说明仅作为 BuiltIn 宽松兜底，不能替代 ModEnc、Ares 或 Phobos 官方字段页。
Techno,HideSelectBox,Boolean,Phobos,community-reference-inferred-phobos-20260603,推断型字段：HideSelectBox / Techno 暂未完成官方逐条核验；根据字段名、所属 TechnoType 对象 上下文和既有社区资料线索，它可能用于对象行为、显示或引擎内部规则。通常按 yes/no 布尔值理解。该说明仅作为 BuiltIn 宽松兜底，不能替代 ModEnc、Ares 或 Phobos 官方字段页。
Techno,HoldsWhat,Text,Yuri,community-reference-inferred-yuri-20260603,推断型字段：HoldsWhat / Techno 暂未完成官方逐条核验；根据字段名、所属 TechnoType 对象 上下文和既有社区资料线索，它可能用于对象行为、显示或引擎内部规则。取值格式仍按原 INI 资料或项目内实际用法确认。该说明仅作为 BuiltIn 宽松兜底，不能替代 ModEnc、Ares 或 Phobos 官方字段页。
Techno,HomingScatter,Text,Yuri,community-reference-inferred-yuri-20260603,推断型字段：HomingScatter / Techno 暂未完成官方逐条核验；根据字段名、所属 TechnoType 对象 上下文和既有社区资料线索，它可能用于数值阈值、间隔、次数或概率参数。取值格式仍按原 INI 资料或项目内实际用法确认。该说明仅作为 BuiltIn 宽松兜底，不能替代 ModEnc、Ares 或 Phobos 官方字段页。
Techno,Hover,Text,Yuri,community-reference-inferred-yuri-20260603,推断型字段：Hover / Techno 暂未完成官方逐条核验；根据字段名、所属 TechnoType 对象 上下文和既有社区资料线索，它可能用于移动、寻路、部署或运动限制。取值格式仍按原 INI 资料或项目内实际用法确认。该说明仅作为 BuiltIn 宽松兜底，不能替代 ModEnc、Ares 或 Phobos 官方字段页。
Techno,HoverAcceleration,Text,Yuri,community-reference-inferred-yuri-20260603,推断型字段：HoverAcceleration / Techno 暂未完成官方逐条核验；根据字段名、所属 TechnoType 对象 上下文和既有社区资料线索，它可能用于移动、寻路、部署或运动限制，并可能涉及超级武器或特殊效果逻辑。取值格式仍按原 INI 资料或项目内实际用法确认。该说明仅作为 BuiltIn 宽松兜底，不能替代 ModEnc、Ares 或 Phobos 官方字段页。
Techno,HoverBob,Text,Yuri,community-reference-inferred-yuri-20260603,推断型字段：HoverBob / Techno 暂未完成官方逐条核验；根据字段名、所属 TechnoType 对象 上下文和既有社区资料线索，它可能用于移动、寻路、部署或运动限制。取值格式仍按原 INI 资料或项目内实际用法确认。该说明仅作为 BuiltIn 宽松兜底，不能替代 ModEnc、Ares 或 Phobos 官方字段页。
Techno,HoverBoost,Text,Yuri,community-reference-inferred-yuri-20260603,推断型字段：HoverBoost / Techno 暂未完成官方逐条核验；根据字段名、所属 TechnoType 对象 上下文和既有社区资料线索，它可能用于移动、寻路、部署或运动限制。取值格式仍按原 INI 资料或项目内实际用法确认。该说明仅作为 BuiltIn 宽松兜底，不能替代 ModEnc、Ares 或 Phobos 官方字段页。
Techno,HoverBrake,Text,Yuri,community-reference-inferred-yuri-20260603,推断型字段：HoverBrake / Techno 暂未完成官方逐条核验；根据字段名、所属 TechnoType 对象 上下文和既有社区资料线索，它可能用于移动、寻路、部署或运动限制。取值格式仍按原 INI 资料或项目内实际用法确认。该说明仅作为 BuiltIn 宽松兜底，不能替代 ModEnc、Ares 或 Phobos 官方字段页。
Techno,HoverDampen,Text,Yuri,community-reference-inferred-yuri-20260603,推断型字段：HoverDampen / Techno 暂未完成官方逐条核验；根据字段名、所属 TechnoType 对象 上下文和既有社区资料线索，它可能用于移动、寻路、部署或运动限制。取值格式仍按原 INI 资料或项目内实际用法确认。该说明仅作为 BuiltIn 宽松兜底，不能替代 ModEnc、Ares 或 Phobos 官方字段页。
Techno,HoverHeight,Text,Yuri,community-reference-inferred-yuri-20260603,推断型字段：HoverHeight / Techno 暂未完成官方逐条核验；根据字段名、所属 TechnoType 对象 上下文和既有社区资料线索，它可能用于移动、寻路、部署或运动限制。取值格式仍按原 INI 资料或项目内实际用法确认。该说明仅作为 BuiltIn 宽松兜底，不能替代 ModEnc、Ares 或 Phobos 官方字段页。
Techno,HoverLocomotorMakesWake,Boolean,Phobos,community-reference-inferred-phobos-20260603,推断型字段：HoverLocomotorMakesWake / Techno 暂未完成官方逐条核验；根据字段名、所属 TechnoType 对象 上下文和既有社区资料线索，它可能用于移动、寻路、部署或运动限制。通常按 yes/no 布尔值理解。该说明仅作为 BuiltIn 宽松兜底，不能替代 ModEnc、Ares 或 Phobos 官方字段页。
Techno,HoverPad,Text,Yuri,community-reference-inferred-yuri-20260603,推断型字段：HoverPad / Techno 暂未完成官方逐条核验；根据字段名、所属 TechnoType 对象 上下文和既有社区资料线索，它可能用于移动、寻路、部署或运动限制。取值格式仍按原 INI 资料或项目内实际用法确认。该说明仅作为 BuiltIn 宽松兜底，不能替代 ModEnc、Ares 或 Phobos 官方字段页。
Techno,HSBuilding,Text,Yuri,community-reference-inferred-yuri-20260603,推断型字段：HSBuilding / Techno 暂未完成官方逐条核验；根据字段名、所属 TechnoType 对象 上下文和既有社区资料线索，它可能用于建造条件、阵营可用性或生产经济。取值格式仍按原 INI 资料或项目内实际用法确认。该说明仅作为 BuiltIn 宽松兜底，不能替代 ModEnc、Ares 或 Phobos 官方字段页。
Techno,HunterSeeker,Text,Yuri,community-reference-inferred-yuri-20260603,推断型字段：HunterSeeker / Techno 暂未完成官方逐条核验；根据字段名、所属 TechnoType 对象 上下文和既有社区资料线索，它可能用于AI 行为、目标选择或威胁评估。取值格式仍按原 INI 资料或项目内实际用法确认。该说明仅作为 BuiltIn 宽松兜底，不能替代 ModEnc、Ares 或 Phobos 官方字段页。
Techno,HunterSeekerAscentSpeed,Text,Yuri,community-reference-inferred-yuri-20260603,推断型字段：HunterSeekerAscentSpeed / Techno 暂未完成官方逐条核验；根据字段名、所属 TechnoType 对象 上下文和既有社区资料线索，它可能用于AI 行为、目标选择或威胁评估，并可能涉及移动、寻路、部署或运动限制。取值格式仍按原 INI 资料或项目内实际用法确认。该说明仅作为 BuiltIn 宽松兜底，不能替代 ModEnc、Ares 或 Phobos 官方字段页。
Techno,HunterSeekerDescendProximity,Text,Yuri,community-reference-inferred-yuri-20260603,推断型字段：HunterSeekerDescendProximity / Techno 暂未完成官方逐条核验；根据字段名、所属 TechnoType 对象 上下文和既有社区资料线索，它可能用于AI 行为、目标选择或威胁评估。取值格式仍按原 INI 资料或项目内实际用法确认。该说明仅作为 BuiltIn 宽松兜底，不能替代 ModEnc、Ares 或 Phobos 官方字段页。
Techno,HunterSeekerDescentSpeed,Text,Yuri,community-reference-inferred-yuri-20260603,推断型字段：HunterSeekerDescentSpeed / Techno 暂未完成官方逐条核验；根据字段名、所属 TechnoType 对象 上下文和既有社区资料线索，它可能用于AI 行为、目标选择或威胁评估，并可能涉及移动、寻路、部署或运动限制。取值格式仍按原 INI 资料或项目内实际用法确认。该说明仅作为 BuiltIn 宽松兜底，不能替代 ModEnc、Ares 或 Phobos 官方字段页。
Techno,HunterSeekerDetonateProximity,Text,Yuri,community-reference-inferred-yuri-20260603,推断型字段：HunterSeekerDetonateProximity / Techno 暂未完成官方逐条核验；根据字段名、所属 TechnoType 对象 上下文和既有社区资料线索，它可能用于AI 行为、目标选择或威胁评估。取值格式仍按原 INI 资料或项目内实际用法确认。该说明仅作为 BuiltIn 宽松兜底，不能替代 ModEnc、Ares 或 Phobos 官方字段页。
Techno,HunterSeekerEmergeSpeed,Text,Yuri,community-reference-inferred-yuri-20260603,推断型字段：HunterSeekerEmergeSpeed / Techno 暂未完成官方逐条核验；根据字段名、所属 TechnoType 对象 上下文和既有社区资料线索，它可能用于AI 行为、目标选择或威胁评估，并可能涉及移动、寻路、部署或运动限制。取值格式仍按原 INI 资料或项目内实际用法确认。该说明仅作为 BuiltIn 宽松兜底，不能替代 ModEnc、Ares 或 Phobos 官方字段页。
Techno,ICBM,Text,Yuri,community-reference-inferred-yuri-20260603,推断型字段：ICBM / Techno 暂未完成官方逐条核验；根据字段名、所属 TechnoType 对象 上下文和既有社区资料线索，它可能用于对象行为、显示或引擎内部规则。取值格式仍按原 INI 资料或项目内实际用法确认。该说明仅作为 BuiltIn 宽松兜底，不能替代 ModEnc、Ares 或 Phobos 官方字段页。
Techno,ICBMLauncher,Text,Yuri,community-reference-inferred-yuri-20260603,推断型字段：ICBMLauncher / Techno 暂未完成官方逐条核验；根据字段名、所属 TechnoType 对象 上下文和既有社区资料线索，它可能用于对象行为、显示或引擎内部规则。取值格式仍按原 INI 资料或项目内实际用法确认。该说明仅作为 BuiltIn 宽松兜底，不能替代 ModEnc、Ares 或 Phobos 官方字段页。
Techno,IceBreakingWeight,Text,Yuri,community-reference-inferred-yuri-20260603,推断型字段：IceBreakingWeight / Techno 暂未完成官方逐条核验；根据字段名、所属 TechnoType 对象 上下文和既有社区资料线索，它可能用于声音、语音或 EVA 提示。取值格式仍按原 INI 资料或项目内实际用法确认。该说明仅作为 BuiltIn 宽松兜底，不能替代 ModEnc、Ares 或 Phobos 官方字段页。
Techno,IceCrackingWeight,Text,Yuri,community-reference-inferred-yuri-20260603,推断型字段：IceCrackingWeight / Techno 暂未完成官方逐条核验；根据字段名、所属 TechnoType 对象 上下文和既有社区资料线索，它可能用于声音、语音或 EVA 提示。取值格式仍按原 INI 资料或项目内实际用法确认。该说明仅作为 BuiltIn 宽松兜底，不能替代 ModEnc、Ares 或 Phobos 官方字段页。
Techno,IceCrackSounds,Reference,Yuri,community-reference-inferred-yuri-20260603,推断型字段：IceCrackSounds / Techno 暂未完成官方逐条核验；根据字段名、所属 TechnoType 对象 上下文和既有社区资料线索，它可能用于声音、语音或 EVA 提示。通常引用另一类 INI 对象或资源 ID。该说明仅作为 BuiltIn 宽松兜底，不能替代 ModEnc、Ares 或 Phobos 官方字段页。
Techno,IceGrowthRate,Text,Yuri,community-reference-inferred-yuri-20260603,推断型字段：IceGrowthRate / Techno 暂未完成官方逐条核验；根据字段名、所属 TechnoType 对象 上下文和既有社区资料线索，它可能用于移动、寻路、部署或运动限制，并可能涉及声音、语音或 EVA 提示。取值格式仍按原 INI 资料或项目内实际用法确认。该说明仅作为 BuiltIn 宽松兜底，不能替代 ModEnc、Ares 或 Phobos 官方字段页。
Techno,IceSolidifyFrameTime,Text,Yuri,community-reference-inferred-yuri-20260603,推断型字段：IceSolidifyFrameTime / Techno 暂未完成官方逐条核验；根据字段名、所属 TechnoType 对象 上下文和既有社区资料线索，它可能用于数值阈值、间隔、次数或概率参数，并可能涉及图像、动画、炮口坐标或 UI 表现。取值格式仍按原 INI 资料或项目内实际用法确认。该说明仅作为 BuiltIn 宽松兜底，不能替代 ModEnc、Ares 或 Phobos 官方字段页。
Techno,IdleActionFrequency,Text,Yuri,community-reference-inferred-yuri-20260603,推断型字段：IdleActionFrequency / Techno 暂未完成官方逐条核验；根据字段名、所属 TechnoType 对象 上下文和既有社区资料线索，它可能用于超级武器或特殊效果逻辑。取值格式仍按原 INI 资料或项目内实际用法确认。该说明仅作为 BuiltIn 宽松兜底，不能替代 ModEnc、Ares 或 Phobos 官方字段页。
Techno,IdleRate,Text,Yuri,community-reference-inferred-yuri-20260603,推断型字段：IdleRate / Techno 暂未完成官方逐条核验；根据字段名、所属 TechnoType 对象 上下文和既有社区资料线索，它可能用于移动、寻路、部署或运动限制，并可能涉及数值阈值、间隔、次数或概率参数。取值格式仍按原 INI 资料或项目内实际用法确认。该说明仅作为 BuiltIn 宽松兜底，不能替代 ModEnc、Ares 或 Phobos 官方字段页。
Techno,IFVTransformSound,Reference,Yuri,community-reference-inferred-yuri-20260603,推断型字段：IFVTransformSound / Techno 暂未完成官方逐条核验；根据字段名、所属 TechnoType 对象 上下文和既有社区资料线索，它可能用于部署、运输、乘员或形态切换，并可能涉及声音、语音或 EVA 提示。通常引用另一类 INI 对象或资源 ID。该说明仅作为 BuiltIn 宽松兜底，不能替代 ModEnc、Ares 或 Phobos 官方字段页。
Techno,IgnoreForBaseCenter,Boolean,Phobos,community-reference-inferred-phobos-20260603,推断型字段：IgnoreForBaseCenter / Techno 暂未完成官方逐条核验；根据字段名、所属 TechnoType 对象 上下文和既有社区资料线索，它可能用于建造条件、阵营可用性或生产经济，并可能涉及部署、运输、乘员或形态切换。通常按 yes/no 布尔值理解。该说明仅作为 BuiltIn 宽松兜底，不能替代 ModEnc、Ares 或 Phobos 官方字段页。
Techno,IgnoresFirestorm,Text,Yuri,community-reference-inferred-yuri-20260603,推断型字段：IgnoresFirestorm / Techno 暂未完成官方逐条核验；根据字段名、所属 TechnoType 对象 上下文和既有社区资料线索，它可能用于武器、开火或投射表现，并可能涉及资源、矿石、回收或经济收益。取值格式仍按原 INI 资料或项目内实际用法确认。该说明仅作为 BuiltIn 宽松兜底，不能替代 ModEnc、Ares 或 Phobos 官方字段页。
Techno,Immune,Text,Yuri,community-reference-inferred-yuri-20260603,推断型字段：Immune / Techno 暂未完成官方逐条核验；根据字段名、所属 TechnoType 对象 上下文和既有社区资料线索，它可能用于生命值、护甲、伤害或修理倍率。取值格式仍按原 INI 资料或项目内实际用法确认。该说明仅作为 BuiltIn 宽松兜底，不能替代 ModEnc、Ares 或 Phobos 官方字段页。
Techno,ImmuneToCrit,Boolean,Phobos,community-reference-inferred-phobos-20260603,推断型字段：ImmuneToCrit / Techno 暂未完成官方逐条核验；根据字段名、所属 TechnoType 对象 上下文和既有社区资料线索，它可能用于建造条件、阵营可用性或生产经济，并可能涉及生命值、护甲、伤害或修理倍率。通常按 yes/no 布尔值理解。该说明仅作为 BuiltIn 宽松兜底，不能替代 ModEnc、Ares 或 Phobos 官方字段页。
Techno,ImpactLandSound,Reference,Yuri,community-reference-inferred-yuri-20260603,推断型字段：ImpactLandSound / Techno 暂未完成官方逐条核验；根据字段名、所属 TechnoType 对象 上下文和既有社区资料线索，它可能用于移动、寻路、部署或运动限制，并可能涉及声音、语音或 EVA 提示。通常引用另一类 INI 对象或资源 ID。该说明仅作为 BuiltIn 宽松兜底，不能替代 ModEnc、Ares 或 Phobos 官方字段页。
Techno,ImpactWaterSound,Reference,Yuri,community-reference-inferred-yuri-20260603,推断型字段：ImpactWaterSound / Techno 暂未完成官方逐条核验；根据字段名、所属 TechnoType 对象 上下文和既有社区资料线索，它可能用于移动、寻路、部署或运动限制，并可能涉及声音、语音或 EVA 提示。通常引用另一类 INI 对象或资源 ID。该说明仅作为 BuiltIn 宽松兜底，不能替代 ModEnc、Ares 或 Phobos 官方字段页。
Techno,IncomeMult,Text,Yuri,community-reference-inferred-yuri-20260603,推断型字段：IncomeMult / Techno 暂未完成官方逐条核验；根据字段名、所属 TechnoType 对象 上下文和既有社区资料线索，它可能用于生命值、护甲、伤害或修理倍率，并可能涉及资源、矿石、回收或经济收益。取值格式仍按原 INI 资料或项目内实际用法确认。该说明仅作为 BuiltIn 宽松兜底，不能替代 ModEnc、Ares 或 Phobos 官方字段页。
Techno,Incoming,Text,Yuri,community-reference-inferred-yuri-20260603,推断型字段：Incoming / Techno 暂未完成官方逐条核验；根据字段名、所属 TechnoType 对象 上下文和既有社区资料线索，它可能用于数值阈值、间隔、次数或概率参数。取值格式仍按原 INI 资料或项目内实际用法确认。该说明仅作为 BuiltIn 宽松兜底，不能替代 ModEnc、Ares 或 Phobos 官方字段页。
Techno,IncomingMessage,Reference,Yuri,community-reference-inferred-yuri-20260603,推断型字段：IncomingMessage / Techno 暂未完成官方逐条核验；根据字段名、所属 TechnoType 对象 上下文和既有社区资料线索，它可能用于数值阈值、间隔、次数或概率参数。通常引用另一类 INI 对象或资源 ID。该说明仅作为 BuiltIn 宽松兜底，不能替代 ModEnc、Ares 或 Phobos 官方字段页。
Techno,Infantry.DefaultDigitalDisplayTypes,MultiSelect,Phobos,community-reference-inferred-phobos-20260603,推断型字段：Infantry.DefaultDigitalDisplayTypes / Techno 暂未完成官方逐条核验；根据字段名、所属 TechnoType 对象 上下文和既有社区资料线索，它可能用于图像、动画、炮口坐标或 UI 表现。通常按逗号分隔的枚举/列表值理解。该说明仅作为 BuiltIn 宽松兜底，不能替代 ModEnc、Ares 或 Phobos 官方字段页。
Techno,InfantryBlinkDisguiseTime,Text,Yuri,community-reference-inferred-yuri-20260603,推断型字段：InfantryBlinkDisguiseTime / Techno 暂未完成官方逐条核验；根据字段名、所属 TechnoType 对象 上下文和既有社区资料线索，它可能用于数值阈值、间隔、次数或概率参数，并可能涉及侦察、雷达、隐形或伪装。取值格式仍按原 INI 资料或项目内实际用法确认。该说明仅作为 BuiltIn 宽松兜底，不能替代 ModEnc、Ares 或 Phobos 官方字段页。
Techno,InfantryExplode,Text,Yuri,community-reference-inferred-yuri-20260603,推断型字段：InfantryExplode / Techno 暂未完成官方逐条核验；根据字段名、所属 TechnoType 对象 上下文和既有社区资料线索，它可能用于对象行为、显示或引擎内部规则。取值格式仍按原 INI 资料或项目内实际用法确认。该说明仅作为 BuiltIn 宽松兜底，不能替代 ModEnc、Ares 或 Phobos 官方字段页。
Techno,InfantryGainSelfHeal,Text,Yuri,community-reference-inferred-yuri-20260603,推断型字段：InfantryGainSelfHeal / Techno 暂未完成官方逐条核验；根据字段名、所属 TechnoType 对象 上下文和既有社区资料线索，它可能用于生命值、护甲、伤害或修理倍率，并可能涉及AI 行为、目标选择或威胁评估。取值格式仍按原 INI 资料或项目内实际用法确认。该说明仅作为 BuiltIn 宽松兜底，不能替代 ModEnc、Ares 或 Phobos 官方字段页。
Techno,InfantryGainSelfHealCap,Integer,Phobos,community-reference-inferred-phobos-20260603,推断型字段：InfantryGainSelfHealCap / Techno 暂未完成官方逐条核验；根据字段名、所属 TechnoType 对象 上下文和既有社区资料线索，它可能用于生命值、护甲、伤害或修理倍率，并可能涉及AI 行为、目标选择或威胁评估。通常按整数参数理解。该说明仅作为 BuiltIn 宽松兜底，不能替代 ModEnc、Ares 或 Phobos 官方字段页。
Techno,InfantryHeadPop,Text,Yuri,community-reference-inferred-yuri-20260603,推断型字段：InfantryHeadPop / Techno 暂未完成官方逐条核验；根据字段名、所属 TechnoType 对象 上下文和既有社区资料线索，它可能用于武器、开火或投射表现。取值格式仍按原 INI 资料或项目内实际用法确认。该说明仅作为 BuiltIn 宽松兜底，不能替代 ModEnc、Ares 或 Phobos 官方字段页。
Techno,InfantryNuked,Text,Yuri,community-reference-inferred-yuri-20260603,推断型字段：InfantryNuked / Techno 暂未完成官方逐条核验；根据字段名、所属 TechnoType 对象 上下文和既有社区资料线索，它可能用于超级武器或特殊效果逻辑。取值格式仍按原 INI 资料或项目内实际用法确认。该说明仅作为 BuiltIn 宽松兜底，不能替代 ModEnc、Ares 或 Phobos 官方字段页。
Techno,InfiniteMindControl,Reference,Yuri,community-reference-inferred-yuri-20260603,推断型字段：InfiniteMindControl / Techno 暂未完成官方逐条核验；根据字段名、所属 TechnoType 对象 上下文和既有社区资料线索，它可能用于数值阈值、间隔、次数或概率参数。通常引用另一类 INI 对象或资源 ID。该说明仅作为 BuiltIn 宽松兜底，不能替代 ModEnc、Ares 或 Phobos 官方字段页。
Techno,InitialAmmo,Text,Yuri,community-reference-inferred-yuri-20260603,推断型字段：InitialAmmo / Techno 暂未完成官方逐条核验；根据字段名、所属 TechnoType 对象 上下文和既有社区资料线索，它可能用于对象行为、显示或引擎内部规则。取值格式仍按原 INI 资料或项目内实际用法确认。该说明仅作为 BuiltIn 宽松兜底，不能替代 ModEnc、Ares 或 Phobos 官方字段页。
Techno,InitialSpawnsNumber,Integer,Phobos,community-reference-inferred-phobos-20260603,推断型字段：InitialSpawnsNumber / Techno 暂未完成官方逐条核验；根据字段名、所属 TechnoType 对象 上下文和既有社区资料线索，它可能用于生成物、乘员、残骸或派生单位。通常按整数参数理解。该说明仅作为 BuiltIn 宽松兜底，不能替代 ModEnc、Ares 或 Phobos 官方字段页。
Techno,InitialStrength,Integer,Phobos,community-reference-inferred-phobos-20260603,推断型字段：InitialStrength / Techno 暂未完成官方逐条核验；根据字段名、所属 TechnoType 对象 上下文和既有社区资料线索，它可能用于生命值、护甲、伤害或修理倍率。通常按整数参数理解。该说明仅作为 BuiltIn 宽松兜底，不能替代 ModEnc、Ares 或 Phobos 官方字段页。
Techno,Invisible,Text,Yuri,community-reference-inferred-yuri-20260603,推断型字段：Invisible / Techno 暂未完成官方逐条核验；根据字段名、所属 TechnoType 对象 上下文和既有社区资料线索，它可能用于侦察、雷达、隐形或伪装。取值格式仍按原 INI 资料或项目内实际用法确认。该说明仅作为 BuiltIn 宽松兜底，不能替代 ModEnc、Ares 或 Phobos 官方字段页。
Techno,InvisibleInGame,Text,Yuri,community-reference-inferred-yuri-20260603,推断型字段：InvisibleInGame / Techno 暂未完成官方逐条核验；根据字段名、所属 TechnoType 对象 上下文和既有社区资料线索，它可能用于资源、矿石、回收或经济收益，并可能涉及数值阈值、间隔、次数或概率参数。取值格式仍按原 INI 资料或项目内实际用法确认。该说明仅作为 BuiltIn 宽松兜底，不能替代 ModEnc、Ares 或 Phobos 官方字段页。
Techno,Inviso,Text,Yuri,community-reference-inferred-yuri-20260603,推断型字段：Inviso / Techno 暂未完成官方逐条核验；根据字段名、所属 TechnoType 对象 上下文和既有社区资料线索，它可能用于对象行为、显示或引擎内部规则。取值格式仍按原 INI 资料或项目内实际用法确认。该说明仅作为 BuiltIn 宽松兜底，不能替代 ModEnc、Ares 或 Phobos 官方字段页。
Techno,Invulnerability,Text,Yuri,community-reference-inferred-yuri-20260603,推断型字段：Invulnerability / Techno 暂未完成官方逐条核验；根据字段名、所属 TechnoType 对象 上下文和既有社区资料线索，它可能用于对象行为、显示或引擎内部规则。取值格式仍按原 INI 资料或项目内实际用法确认。该说明仅作为 BuiltIn 宽松兜底，不能替代 ModEnc、Ares 或 Phobos 官方字段页。
Techno,IonBeam,Text,Yuri,community-reference-inferred-yuri-20260603,推断型字段：IonBeam / Techno 暂未完成官方逐条核验；根据字段名、所属 TechnoType 对象 上下文和既有社区资料线索，它可能用于图像、动画、炮口坐标或 UI 表现，并可能涉及超级武器或特殊效果逻辑。取值格式仍按原 INI 资料或项目内实际用法确认。该说明仅作为 BuiltIn 宽松兜底，不能替代 ModEnc、Ares 或 Phobos 官方字段页。
Techno,IonBlast,Text,Yuri,community-reference-inferred-yuri-20260603,推断型字段：IonBlast / Techno 暂未完成官方逐条核验；根据字段名、所属 TechnoType 对象 上下文和既有社区资料线索，它可能用于图像、动画、炮口坐标或 UI 表现，并可能涉及超级武器或特殊效果逻辑。取值格式仍按原 INI 资料或项目内实际用法确认。该说明仅作为 BuiltIn 宽松兜底，不能替代 ModEnc、Ares 或 Phobos 官方字段页。
Techno,IonCannonDamage,Text,Yuri,community-reference-inferred-yuri-20260603,推断型字段：IonCannonDamage / Techno 暂未完成官方逐条核验；根据字段名、所属 TechnoType 对象 上下文和既有社区资料线索，它可能用于生命值、护甲、伤害或修理倍率，并可能涉及图像、动画、炮口坐标或 UI 表现。取值格式仍按原 INI 资料或项目内实际用法确认。该说明仅作为 BuiltIn 宽松兜底，不能替代 ModEnc、Ares 或 Phobos 官方字段页。
Techno,IonCannonWarhead,Text,Yuri,community-reference-inferred-yuri-20260603,推断型字段：IonCannonWarhead / Techno 暂未完成官方逐条核验；根据字段名、所属 TechnoType 对象 上下文和既有社区资料线索，它可能用于武器、开火或投射表现，并可能涉及图像、动画、炮口坐标或 UI 表现。取值格式仍按原 INI 资料或项目内实际用法确认。该说明仅作为 BuiltIn 宽松兜底，不能替代 ModEnc、Ares 或 Phobos 官方字段页。
Techno,IonSensitive,Text,Yuri,community-reference-inferred-yuri-20260603,推断型字段：IonSensitive / Techno 暂未完成官方逐条核验；根据字段名、所属 TechnoType 对象 上下文和既有社区资料线索，它可能用于图像、动画、炮口坐标或 UI 表现，并可能涉及超级武器或特殊效果逻辑。取值格式仍按原 INI 资料或项目内实际用法确认。该说明仅作为 BuiltIn 宽松兜底，不能替代 ModEnc、Ares 或 Phobos 官方字段页。
Techno,IRepairRate,Text,Yuri,community-reference-inferred-yuri-20260603,推断型字段：IRepairRate / Techno 暂未完成官方逐条核验；根据字段名、所属 TechnoType 对象 上下文和既有社区资料线索，它可能用于数值阈值、间隔、次数或概率参数，并可能涉及建造条件、阵营可用性或生产经济。取值格式仍按原 INI 资料或项目内实际用法确认。该说明仅作为 BuiltIn 宽松兜底，不能替代 ModEnc、Ares 或 Phobos 官方字段页。
Techno,IRepairStep,Text,Yuri,community-reference-inferred-yuri-20260603,推断型字段：IRepairStep / Techno 暂未完成官方逐条核验；根据字段名、所属 TechnoType 对象 上下文和既有社区资料线索，它可能用于数值阈值、间隔、次数或概率参数，并可能涉及建造条件、阵营可用性或生产经济。取值格式仍按原 INI 资料或项目内实际用法确认。该说明仅作为 BuiltIn 宽松兜底，不能替代 ModEnc、Ares 或 Phobos 官方字段页。
Techno,IronCurtain.Effect,Enum,Phobos,community-reference-inferred-phobos-20260603,推断型字段：IronCurtain.Effect / Techno 暂未完成官方逐条核验；根据字段名、所属 TechnoType 对象 上下文和既有社区资料线索，它可能用于AI 行为、目标选择或威胁评估，并可能涉及超级武器或特殊效果逻辑。通常按固定枚举值理解。该说明仅作为 BuiltIn 宽松兜底，不能替代 ModEnc、Ares 或 Phobos 官方字段页。
Techno,IronCurtain.EffectOnOrganics,Enum,Phobos,community-reference-inferred-phobos-20260603,推断型字段：IronCurtain.EffectOnOrganics / Techno 暂未完成官方逐条核验；根据字段名、所属 TechnoType 对象 上下文和既有社区资料线索，它可能用于武器、开火或投射表现，并可能涉及超级武器或特殊效果逻辑。通常按固定枚举值理解。该说明仅作为 BuiltIn 宽松兜底，不能替代 ModEnc、Ares 或 Phobos 官方字段页。
Techno,IronCurtain.KillOrganicsWarhead,Reference,Phobos,community-reference-inferred-phobos-20260603,推断型字段：IronCurtain.KillOrganicsWarhead / Techno 暂未完成官方逐条核验；根据字段名、所属 TechnoType 对象 上下文和既有社区资料线索，它可能用于AI 行为、目标选择或威胁评估，并可能涉及武器、开火或投射表现。通常引用另一类 INI 对象或资源 ID。该说明仅作为 BuiltIn 宽松兜底，不能替代 ModEnc、Ares 或 Phobos 官方字段页。
Techno,IronCurtain.KillWarhead,Reference,Phobos,community-reference-inferred-phobos-20260603,推断型字段：IronCurtain.KillWarhead / Techno 暂未完成官方逐条核验；根据字段名、所属 TechnoType 对象 上下文和既有社区资料线索，它可能用于AI 行为、目标选择或威胁评估，并可能涉及武器、开火或投射表现。通常引用另一类 INI 对象或资源 ID。该说明仅作为 BuiltIn 宽松兜底，不能替代 ModEnc、Ares 或 Phobos 官方字段页。
Techno,IronCurtain.Modifier,Float,Ares,community-reference-inferred-ares-20260603,推断型字段：IronCurtain.Modifier / Techno 暂未完成官方逐条核验；根据字段名、所属 TechnoType 对象 上下文和既有社区资料线索，它可能用于AI 行为、目标选择或威胁评估，并可能涉及超级武器或特殊效果逻辑。通常按小数或倍率参数理解。该说明仅作为 BuiltIn 宽松兜底，不能替代 ModEnc、Ares 或 Phobos 官方字段页。
Techno,IronCurtainDuration,Text,Yuri,community-reference-inferred-yuri-20260603,推断型字段：IronCurtainDuration / Techno 暂未完成官方逐条核验；根据字段名、所属 TechnoType 对象 上下文和既有社区资料线索，它可能用于超级武器或特殊效果逻辑，并可能涉及AI 行为、目标选择或威胁评估。取值格式仍按原 INI 资料或项目内实际用法确认。该说明仅作为 BuiltIn 宽松兜底，不能替代 ModEnc、Ares 或 Phobos 官方字段页。
Techno,IronCurtainInvokeAnim,Text,Yuri,community-reference-inferred-yuri-20260603,推断型字段：IronCurtainInvokeAnim / Techno 暂未完成官方逐条核验；根据字段名、所属 TechnoType 对象 上下文和既有社区资料线索，它可能用于图像、动画、炮口坐标或 UI 表现，并可能涉及AI 行为、目标选择或威胁评估。取值格式仍按原 INI 资料或项目内实际用法确认。该说明仅作为 BuiltIn 宽松兜底，不能替代 ModEnc、Ares 或 Phobos 官方字段页。
Techno,IsAlternateColor,Text,Yuri,community-reference-inferred-yuri-20260603,推断型字段：IsAlternateColor / Techno 暂未完成官方逐条核验；根据字段名、所属 TechnoType 对象 上下文和既有社区资料线索，它可能用于侦察、雷达、隐形或伪装，并可能涉及列表型条件、允许/禁止关系或筛选规则。取值格式仍按原 INI 资料或项目内实际用法确认。该说明仅作为 BuiltIn 宽松兜底，不能替代 ModEnc、Ares 或 Phobos 官方字段页。
Techno,IsAnimated,Text,Yuri,community-reference-inferred-yuri-20260603,推断型字段：IsAnimated / Techno 暂未完成官方逐条核验；根据字段名、所属 TechnoType 对象 上下文和既有社区资料线索，它可能用于侦察、雷达、隐形或伪装，并可能涉及图像、动画、炮口坐标或 UI 表现。取值格式仍按原 INI 资料或项目内实际用法确认。该说明仅作为 BuiltIn 宽松兜底，不能替代 ModEnc、Ares 或 Phobos 官方字段页。
Techno,IsARock,Text,Yuri,community-reference-inferred-yuri-20260603,推断型字段：IsARock / Techno 暂未完成官方逐条核验；根据字段名、所属 TechnoType 对象 上下文和既有社区资料线索，它可能用于图像、动画、炮口坐标或 UI 表现，并可能涉及武器、开火或投射表现。取值格式仍按原 INI 资料或项目内实际用法确认。该说明仅作为 BuiltIn 宽松兜底，不能替代 ModEnc、Ares 或 Phobos 官方字段页。
Techno,IsBaseDefense,Text,Yuri,community-reference-inferred-yuri-20260603,推断型字段：IsBaseDefense / Techno 暂未完成官方逐条核验；根据字段名、所属 TechnoType 对象 上下文和既有社区资料线索，它可能用于侦察、雷达、隐形或伪装，并可能涉及列表型条件、允许/禁止关系或筛选规则。取值格式仍按原 INI 资料或项目内实际用法确认。该说明仅作为 BuiltIn 宽松兜底，不能替代 ModEnc、Ares 或 Phobos 官方字段页。
Techno,IsBigLaser,Text,Yuri,community-reference-inferred-yuri-20260603,推断型字段：IsBigLaser / Techno 暂未完成官方逐条核验；根据字段名、所属 TechnoType 对象 上下文和既有社区资料线索，它可能用于侦察、雷达、隐形或伪装，并可能涉及列表型条件、允许/禁止关系或筛选规则。取值格式仍按原 INI 资料或项目内实际用法确认。该说明仅作为 BuiltIn 宽松兜底，不能替代 ModEnc、Ares 或 Phobos 官方字段页。
Techno,IsCanine,Text,Yuri,community-reference-inferred-yuri-20260603,推断型字段：IsCanine / Techno 暂未完成官方逐条核验；根据字段名、所属 TechnoType 对象 上下文和既有社区资料线索，它可能用于侦察、雷达、隐形或伪装，并可能涉及列表型条件、允许/禁止关系或筛选规则。取值格式仍按原 INI 资料或项目内实际用法确认。该说明仅作为 BuiltIn 宽松兜底，不能替代 ModEnc、Ares 或 Phobos 官方字段页。
Techno,IsChargeTurret,Text,Yuri,community-reference-inferred-yuri-20260603,推断型字段：IsChargeTurret / Techno 暂未完成官方逐条核验；根据字段名、所属 TechnoType 对象 上下文和既有社区资料线索，它可能用于侦察、雷达、隐形或伪装，并可能涉及图像、动画、炮口坐标或 UI 表现。取值格式仍按原 INI 资料或项目内实际用法确认。该说明仅作为 BuiltIn 宽松兜底，不能替代 ModEnc、Ares 或 Phobos 官方字段页。
Techno,IsDropship,Text,Yuri,community-reference-inferred-yuri-20260603,推断型字段：IsDropship / Techno 暂未完成官方逐条核验；根据字段名、所属 TechnoType 对象 上下文和既有社区资料线索，它可能用于侦察、雷达、隐形或伪装，并可能涉及列表型条件、允许/禁止关系或筛选规则。取值格式仍按原 INI 资料或项目内实际用法确认。该说明仅作为 BuiltIn 宽松兜底，不能替代 ModEnc、Ares 或 Phobos 官方字段页。
Techno,IsElectricBolt,Text,Yuri,community-reference-inferred-yuri-20260603,推断型字段：IsElectricBolt / Techno 暂未完成官方逐条核验；根据字段名、所属 TechnoType 对象 上下文和既有社区资料线索，它可能用于侦察、雷达、隐形或伪装，并可能涉及列表型条件、允许/禁止关系或筛选规则。取值格式仍按原 INI 资料或项目内实际用法确认。该说明仅作为 BuiltIn 宽松兜底，不能替代 ModEnc、Ares 或 Phobos 官方字段页。
Techno,IsFlammable,Text,Yuri,community-reference-inferred-yuri-20260603,推断型字段：IsFlammable / Techno 暂未完成官方逐条核验；根据字段名、所属 TechnoType 对象 上下文和既有社区资料线索，它可能用于侦察、雷达、隐形或伪装，并可能涉及列表型条件、允许/禁止关系或筛选规则。取值格式仍按原 INI 资料或项目内实际用法确认。该说明仅作为 BuiltIn 宽松兜底，不能替代 ModEnc、Ares 或 Phobos 官方字段页。
Techno,IsGattling,Text,Yuri,community-reference-inferred-yuri-20260603,推断型字段：IsGattling / Techno 暂未完成官方逐条核验；根据字段名、所属 TechnoType 对象 上下文和既有社区资料线索，它可能用于侦察、雷达、隐形或伪装，并可能涉及列表型条件、允许/禁止关系或筛选规则。取值格式仍按原 INI 资料或项目内实际用法确认。该说明仅作为 BuiltIn 宽松兜底，不能替代 ModEnc、Ares 或 Phobos 官方字段页。
Techno,IsHouseColor,Text,Yuri,community-reference-inferred-yuri-20260603,推断型字段：IsHouseColor / Techno 暂未完成官方逐条核验；根据字段名、所属 TechnoType 对象 上下文和既有社区资料线索，它可能用于建造条件、阵营可用性或生产经济，并可能涉及侦察、雷达、隐形或伪装。取值格式仍按原 INI 资料或项目内实际用法确认。该说明仅作为 BuiltIn 宽松兜底，不能替代 ModEnc、Ares 或 Phobos 官方字段页。
Techno,IsLaser,Text,Yuri,community-reference-inferred-yuri-20260603,推断型字段：IsLaser / Techno 暂未完成官方逐条核验；根据字段名、所属 TechnoType 对象 上下文和既有社区资料线索，它可能用于侦察、雷达、隐形或伪装，并可能涉及列表型条件、允许/禁止关系或筛选规则。取值格式仍按原 INI 资料或项目内实际用法确认。该说明仅作为 BuiltIn 宽松兜底，不能替代 ModEnc、Ares 或 Phobos 官方字段页。
Techno,IsLocomotor,Text,Yuri,community-reference-inferred-yuri-20260603,推断型字段：IsLocomotor / Techno 暂未完成官方逐条核验；根据字段名、所属 TechnoType 对象 上下文和既有社区资料线索，它可能用于侦察、雷达、隐形或伪装，并可能涉及列表型条件、允许/禁止关系或筛选规则。取值格式仍按原 INI 资料或项目内实际用法确认。该说明仅作为 BuiltIn 宽松兜底，不能替代 ModEnc、Ares 或 Phobos 官方字段页。
Techno,IsPlug,Text,Yuri,community-reference-inferred-yuri-20260603,推断型字段：IsPlug / Techno 暂未完成官方逐条核验；根据字段名、所属 TechnoType 对象 上下文和既有社区资料线索，它可能用于侦察、雷达、隐形或伪装，并可能涉及列表型条件、允许/禁止关系或筛选规则。取值格式仍按原 INI 资料或项目内实际用法确认。该说明仅作为 BuiltIn 宽松兜底，不能替代 ModEnc、Ares 或 Phobos 官方字段页。
Techno,IsPowered,Text,Yuri,community-reference-inferred-yuri-20260603,推断型字段：IsPowered / Techno 暂未完成官方逐条核验；根据字段名、所属 TechnoType 对象 上下文和既有社区资料线索，它可能用于建造条件、阵营可用性或生产经济，并可能涉及侦察、雷达、隐形或伪装。取值格式仍按原 INI 资料或项目内实际用法确认。该说明仅作为 BuiltIn 宽松兜底，不能替代 ModEnc、Ares 或 Phobos 官方字段页。
Techno,IsRadBeam,Text,Yuri,community-reference-inferred-yuri-20260603,推断型字段：IsRadBeam / Techno 暂未完成官方逐条核验；根据字段名、所属 TechnoType 对象 上下文和既有社区资料线索，它可能用于侦察、雷达、隐形或伪装，并可能涉及列表型条件、允许/禁止关系或筛选规则。取值格式仍按原 INI 资料或项目内实际用法确认。该说明仅作为 BuiltIn 宽松兜底，不能替代 ModEnc、Ares 或 Phobos 官方字段页。
Techno,IsRadEruption,Text,Yuri,community-reference-inferred-yuri-20260603,推断型字段：IsRadEruption / Techno 暂未完成官方逐条核验；根据字段名、所属 TechnoType 对象 上下文和既有社区资料线索，它可能用于侦察、雷达、隐形或伪装，并可能涉及超级武器或特殊效果逻辑。取值格式仍按原 INI 资料或项目内实际用法确认。该说明仅作为 BuiltIn 宽松兜底，不能替代 ModEnc、Ares 或 Phobos 官方字段页。
Techno,IsRailgun,Text,Yuri,community-reference-inferred-yuri-20260603,推断型字段：IsRailgun / Techno 暂未完成官方逐条核验；根据字段名、所属 TechnoType 对象 上下文和既有社区资料线索，它可能用于侦察、雷达、隐形或伪装，并可能涉及列表型条件、允许/禁止关系或筛选规则。取值格式仍按原 INI 资料或项目内实际用法确认。该说明仅作为 BuiltIn 宽松兜底，不能替代 ModEnc、Ares 或 Phobos 官方字段页。
Techno,IsRubble,Text,Yuri,community-reference-inferred-yuri-20260603,推断型字段：IsRubble / Techno 暂未完成官方逐条核验；根据字段名、所属 TechnoType 对象 上下文和既有社区资料线索，它可能用于侦察、雷达、隐形或伪装，并可能涉及列表型条件、允许/禁止关系或筛选规则。取值格式仍按原 INI 资料或项目内实际用法确认。该说明仅作为 BuiltIn 宽松兜底，不能替代 ModEnc、Ares 或 Phobos 官方字段页。
Techno,IsSimpleDeployer,Text,Yuri,community-reference-inferred-yuri-20260603,推断型字段：IsSimpleDeployer / Techno 暂未完成官方逐条核验；根据字段名、所属 TechnoType 对象 上下文和既有社区资料线索，它可能用于侦察、雷达、隐形或伪装，并可能涉及列表型条件、允许/禁止关系或筛选规则。取值格式仍按原 INI 资料或项目内实际用法确认。该说明仅作为 BuiltIn 宽松兜底，不能替代 ModEnc、Ares 或 Phobos 官方字段页。
Techno,IsSonic,Text,Yuri,community-reference-inferred-yuri-20260603,推断型字段：IsSonic / Techno 暂未完成官方逐条核验；根据字段名、所属 TechnoType 对象 上下文和既有社区资料线索，它可能用于侦察、雷达、隐形或伪装，并可能涉及列表型条件、允许/禁止关系或筛选规则。取值格式仍按原 INI 资料或项目内实际用法确认。该说明仅作为 BuiltIn 宽松兜底，不能替代 ModEnc、Ares 或 Phobos 官方字段页。
Techno,IsTemple,Text,Yuri,community-reference-inferred-yuri-20260603,推断型字段：IsTemple / Techno 暂未完成官方逐条核验；根据字段名、所属 TechnoType 对象 上下文和既有社区资料线索，它可能用于侦察、雷达、隐形或伪装，并可能涉及列表型条件、允许/禁止关系或筛选规则。取值格式仍按原 INI 资料或项目内实际用法确认。该说明仅作为 BuiltIn 宽松兜底，不能替代 ModEnc、Ares 或 Phobos 官方字段页。
Techno,IsThreatRatingNode,Text,Yuri,community-reference-inferred-yuri-20260603,推断型字段：IsThreatRatingNode / Techno 暂未完成官方逐条核验；根据字段名、所属 TechnoType 对象 上下文和既有社区资料线索，它可能用于侦察、雷达、隐形或伪装，并可能涉及列表型条件、允许/禁止关系或筛选规则。取值格式仍按原 INI 资料或项目内实际用法确认。该说明仅作为 BuiltIn 宽松兜底，不能替代 ModEnc、Ares 或 Phobos 官方字段页。
Techno,IsTilter,Text,Yuri,community-reference-inferred-yuri-20260603,推断型字段：IsTilter / Techno 暂未完成官方逐条核验；根据字段名、所属 TechnoType 对象 上下文和既有社区资料线索，它可能用于侦察、雷达、隐形或伪装，并可能涉及列表型条件、允许/禁止关系或筛选规则。取值格式仍按原 INI 资料或项目内实际用法确认。该说明仅作为 BuiltIn 宽松兜底，不能替代 ModEnc、Ares 或 Phobos 官方字段页。
Techno,IsTrain,Text,Yuri,community-reference-inferred-yuri-20260603,推断型字段：IsTrain / Techno 暂未完成官方逐条核验；根据字段名、所属 TechnoType 对象 上下文和既有社区资料线索，它可能用于侦察、雷达、隐形或伪装，并可能涉及列表型条件、允许/禁止关系或筛选规则。取值格式仍按原 INI 资料或项目内实际用法确认。该说明仅作为 BuiltIn 宽松兜底，不能替代 ModEnc、Ares 或 Phobos 官方字段页。
Techno,IsVeinholeMonster,Text,Yuri,community-reference-inferred-yuri-20260603,推断型字段：IsVeinholeMonster / Techno 暂未完成官方逐条核验；根据字段名、所属 TechnoType 对象 上下文和既有社区资料线索，它可能用于侦察、雷达、隐形或伪装，并可能涉及列表型条件、允许/禁止关系或筛选规则。取值格式仍按原 INI 资料或项目内实际用法确认。该说明仅作为 BuiltIn 宽松兜底，不能替代 ModEnc、Ares 或 Phobos 官方字段页。
Techno,Ivan,Text,Yuri,community-reference-inferred-yuri-20260603,推断型字段：Ivan / Techno 暂未完成官方逐条核验；根据字段名、所属 TechnoType 对象 上下文和既有社区资料线索，它可能用于对象行为、显示或引擎内部规则。取值格式仍按原 INI 资料或项目内实际用法确认。该说明仅作为 BuiltIn 宽松兜底，不能替代 ModEnc、Ares 或 Phobos 官方字段页。
Techno,IvanBombAttachToCenter,Boolean,Phobos,community-reference-inferred-phobos-20260603,推断型字段：IvanBombAttachToCenter / Techno 暂未完成官方逐条核验；根据字段名、所属 TechnoType 对象 上下文和既有社区资料线索，它可能用于建造条件、阵营可用性或生产经济，并可能涉及移动、寻路、部署或运动限制。通常按 yes/no 布尔值理解。该说明仅作为 BuiltIn 宽松兜底，不能替代 ModEnc、Ares 或 Phobos 官方字段页。
Techno,IvanDamage,Text,Yuri,community-reference-inferred-yuri-20260603,推断型字段：IvanDamage / Techno 暂未完成官方逐条核验；根据字段名、所属 TechnoType 对象 上下文和既有社区资料线索，它可能用于生命值、护甲、伤害或修理倍率。取值格式仍按原 INI 资料或项目内实际用法确认。该说明仅作为 BuiltIn 宽松兜底，不能替代 ModEnc、Ares 或 Phobos 官方字段页。
Techno,IvanIconFlickerRate,Text,Yuri,community-reference-inferred-yuri-20260603,推断型字段：IvanIconFlickerRate / Techno 暂未完成官方逐条核验；根据字段名、所属 TechnoType 对象 上下文和既有社区资料线索，它可能用于移动、寻路、部署或运动限制，并可能涉及数值阈值、间隔、次数或概率参数。取值格式仍按原 INI 资料或项目内实际用法确认。该说明仅作为 BuiltIn 宽松兜底，不能替代 ModEnc、Ares 或 Phobos 官方字段页。
Techno,IvanTimedDelay,Text,Yuri,community-reference-inferred-yuri-20260603,推断型字段：IvanTimedDelay / Techno 暂未完成官方逐条核验；根据字段名、所属 TechnoType 对象 上下文和既有社区资料线索，它可能用于数值阈值、间隔、次数或概率参数。取值格式仍按原 INI 资料或项目内实际用法确认。该说明仅作为 BuiltIn 宽松兜底，不能替代 ModEnc、Ares 或 Phobos 官方字段页。
Techno,IvanWarhead,Text,Yuri,community-reference-inferred-yuri-20260603,推断型字段：IvanWarhead / Techno 暂未完成官方逐条核验；根据字段名、所属 TechnoType 对象 上下文和既有社区资料线索，它可能用于武器、开火或投射表现。取值格式仍按原 INI 资料或项目内实际用法确认。该说明仅作为 BuiltIn 宽松兜底，不能替代 ModEnc、Ares 或 Phobos 官方字段页。
Techno,JumpjetClimbIgnoreBuilding,Boolean,Phobos,community-reference-inferred-phobos-20260603,推断型字段：JumpjetClimbIgnoreBuilding / Techno 暂未完成官方逐条核验；根据字段名、所属 TechnoType 对象 上下文和既有社区资料线索，它可能用于建造条件、阵营可用性或生产经济，并可能涉及移动、寻路、部署或运动限制。通常按 yes/no 布尔值理解。该说明仅作为 BuiltIn 宽松兜底，不能替代 ModEnc、Ares 或 Phobos 官方字段页。
Techno,JumpjetRotateOnCrash,Boolean,Phobos,community-reference-inferred-phobos-20260603,推断型字段：JumpjetRotateOnCrash / Techno 暂未完成官方逐条核验；根据字段名、所属 TechnoType 对象 上下文和既有社区资料线索，它可能用于武器、开火或投射表现，并可能涉及超级武器或特殊效果逻辑。通常按 yes/no 布尔值理解。该说明仅作为 BuiltIn 宽松兜底，不能替代 ModEnc、Ares 或 Phobos 官方字段页。
Techno,Land,Text,Yuri,community-reference-inferred-yuri-20260603,推断型字段：Land / Techno 暂未完成官方逐条核验；根据字段名、所属 TechnoType 对象 上下文和既有社区资料线索，它可能用于移动、寻路、部署或运动限制。取值格式仍按原 INI 资料或项目内实际用法确认。该说明仅作为 BuiltIn 宽松兜底，不能替代 ModEnc、Ares 或 Phobos 官方字段页。
Techno,LargeFire,Text,Yuri,community-reference-inferred-yuri-20260603,推断型字段：LargeFire / Techno 暂未完成官方逐条核验；根据字段名、所属 TechnoType 对象 上下文和既有社区资料线索，它可能用于武器、开火或投射表现。取值格式仍按原 INI 资料或项目内实际用法确认。该说明仅作为 BuiltIn 宽松兜底，不能替代 ModEnc、Ares 或 Phobos 官方字段页。
Techno,LargeVisceroid,Text,Yuri,community-reference-inferred-yuri-20260603,推断型字段：LargeVisceroid / Techno 暂未完成官方逐条核验；根据字段名、所属 TechnoType 对象 上下文和既有社区资料线索，它可能用于对象行为、显示或引擎内部规则。取值格式仍按原 INI 资料或项目内实际用法确认。该说明仅作为 BuiltIn 宽松兜底，不能替代 ModEnc、Ares 或 Phobos 官方字段页。
Techno,Laser,Text,Yuri,community-reference-inferred-yuri-20260603,推断型字段：Laser / Techno 暂未完成官方逐条核验；根据字段名、所属 TechnoType 对象 上下文和既有社区资料线索，它可能用于武器、开火或投射表现。取值格式仍按原 INI 资料或项目内实际用法确认。该说明仅作为 BuiltIn 宽松兜底，不能替代 ModEnc、Ares 或 Phobos 官方字段页。
Techno,LaserColor,Text,Yuri,community-reference-inferred-yuri-20260603,推断型字段：LaserColor / Techno 暂未完成官方逐条核验；根据字段名、所属 TechnoType 对象 上下文和既有社区资料线索，它可能用于武器、开火或投射表现，并可能涉及颜色、光照或视觉着色。取值格式仍按原 INI 资料或项目内实际用法确认。该说明仅作为 BuiltIn 宽松兜底，不能替代 ModEnc、Ares 或 Phobos 官方字段页。
Techno,LaserDuration,Text,Yuri,community-reference-inferred-yuri-20260603,推断型字段：LaserDuration / Techno 暂未完成官方逐条核验；根据字段名、所属 TechnoType 对象 上下文和既有社区资料线索，它可能用于武器、开火或投射表现，并可能涉及超级武器或特殊效果逻辑。取值格式仍按原 INI 资料或项目内实际用法确认。该说明仅作为 BuiltIn 宽松兜底，不能替代 ModEnc、Ares 或 Phobos 官方字段页。
Techno,LaserFence,Text,Yuri,community-reference-inferred-yuri-20260603,推断型字段：LaserFence / Techno 暂未完成官方逐条核验；根据字段名、所属 TechnoType 对象 上下文和既有社区资料线索，它可能用于武器、开火或投射表现。取值格式仍按原 INI 资料或项目内实际用法确认。该说明仅作为 BuiltIn 宽松兜底，不能替代 ModEnc、Ares 或 Phobos 官方字段页。
Techno,LaserFencePost,Text,Yuri,community-reference-inferred-yuri-20260603,推断型字段：LaserFencePost / Techno 暂未完成官方逐条核验；根据字段名、所属 TechnoType 对象 上下文和既有社区资料线索，它可能用于武器、开火或投射表现。取值格式仍按原 INI 资料或项目内实际用法确认。该说明仅作为 BuiltIn 宽松兜底，不能替代 ModEnc、Ares 或 Phobos 官方字段页。
Techno,LaserInnerColor,Text,Yuri,community-reference-inferred-yuri-20260603,推断型字段：LaserInnerColor / Techno 暂未完成官方逐条核验；根据字段名、所属 TechnoType 对象 上下文和既有社区资料线索，它可能用于武器、开火或投射表现，并可能涉及颜色、光照或视觉着色。取值格式仍按原 INI 资料或项目内实际用法确认。该说明仅作为 BuiltIn 宽松兜底，不能替代 ModEnc、Ares 或 Phobos 官方字段页。
Techno,LaserOuterColor,Text,Yuri,community-reference-inferred-yuri-20260603,推断型字段：LaserOuterColor / Techno 暂未完成官方逐条核验；根据字段名、所属 TechnoType 对象 上下文和既有社区资料线索，它可能用于武器、开火或投射表现，并可能涉及颜色、光照或视觉着色。取值格式仍按原 INI 资料或项目内实际用法确认。该说明仅作为 BuiltIn 宽松兜底，不能替代 ModEnc、Ares 或 Phobos 官方字段页。
Techno,LaserOuterSpread,Text,Yuri,community-reference-inferred-yuri-20260603,推断型字段：LaserOuterSpread / Techno 暂未完成官方逐条核验；根据字段名、所属 TechnoType 对象 上下文和既有社区资料线索，它可能用于武器、开火或投射表现。取值格式仍按原 INI 资料或项目内实际用法确认。该说明仅作为 BuiltIn 宽松兜底，不能替代 ModEnc、Ares 或 Phobos 官方字段页。
Techno,LaserTargetColor,Integer,Phobos,community-reference-inferred-phobos-20260603,推断型字段：LaserTargetColor / Techno 暂未完成官方逐条核验；根据字段名、所属 TechnoType 对象 上下文和既有社区资料线索，它可能用于AI 行为、目标选择或威胁评估，并可能涉及武器、开火或投射表现。通常按整数参数理解。该说明仅作为 BuiltIn 宽松兜底，不能替代 ModEnc、Ares 或 Phobos 官方字段页。
Techno,LeadershipRating,Text,Yuri,community-reference-inferred-yuri-20260603,推断型字段：LeadershipRating / Techno 暂未完成官方逐条核验；根据字段名、所属 TechnoType 对象 上下文和既有社区资料线索，它可能用于对象行为、显示或引擎内部规则。取值格式仍按原 INI 资料或项目内实际用法确认。该说明仅作为 BuiltIn 宽松兜底，不能替代 ModEnc、Ares 或 Phobos 官方字段页。
Techno,LeaveTransportSound,Reference,Yuri,community-reference-inferred-yuri-20260603,推断型字段：LeaveTransportSound / Techno 暂未完成官方逐条核验；根据字段名、所属 TechnoType 对象 上下文和既有社区资料线索，它可能用于部署、运输、乘员或形态切换，并可能涉及声音、语音或 EVA 提示。通常引用另一类 INI 对象或资源 ID。该说明仅作为 BuiltIn 宽松兜底，不能替代 ModEnc、Ares 或 Phobos 官方字段页。
Techno,LegalTarget,Text,Yuri,community-reference-inferred-yuri-20260603,推断型字段：LegalTarget / Techno 暂未完成官方逐条核验；根据字段名、所属 TechnoType 对象 上下文和既有社区资料线索，它可能用于AI 行为、目标选择或威胁评估。取值格式仍按原 INI 资料或项目内实际用法确认。该说明仅作为 BuiltIn 宽松兜底，不能替代 ModEnc、Ares 或 Phobos 官方字段页。
Techno,LeptonsPerFireIncrease,Text,Yuri,community-reference-inferred-yuri-20260603,推断型字段：LeptonsPerFireIncrease / Techno 暂未完成官方逐条核验；根据字段名、所属 TechnoType 对象 上下文和既有社区资料线索，它可能用于武器、开火或投射表现，并可能涉及超级武器或特殊效果逻辑。取值格式仍按原 INI 资料或项目内实际用法确认。该说明仅作为 BuiltIn 宽松兜底，不能替代 ModEnc、Ares 或 Phobos 官方字段页。
Techno,LeptonsPerSightIncrease,Text,Yuri,community-reference-inferred-yuri-20260603,推断型字段：LeptonsPerSightIncrease / Techno 暂未完成官方逐条核验；根据字段名、所属 TechnoType 对象 上下文和既有社区资料线索，它可能用于侦察、雷达、隐形或伪装，并可能涉及超级武器或特殊效果逻辑。取值格式仍按原 INI 资料或项目内实际用法确认。该说明仅作为 BuiltIn 宽松兜底，不能替代 ModEnc、Ares 或 Phobos 官方字段页。
Techno,Level,Text,Yuri,community-reference-inferred-yuri-20260603,推断型字段：Level / Techno 暂未完成官方逐条核验；根据字段名、所属 TechnoType 对象 上下文和既有社区资料线索，它可能用于建造条件、阵营可用性或生产经济。取值格式仍按原 INI 资料或项目内实际用法确认。该说明仅作为 BuiltIn 宽松兜底，不能替代 ModEnc、Ares 或 Phobos 官方字段页。
Techno,Lifetime,Text,Yuri,community-reference-inferred-yuri-20260603,推断型字段：Lifetime / Techno 暂未完成官方逐条核验；根据字段名、所属 TechnoType 对象 上下文和既有社区资料线索，它可能用于数值阈值、间隔、次数或概率参数。取值格式仍按原 INI 资料或项目内实际用法确认。该说明仅作为 BuiltIn 宽松兜底，不能替代 ModEnc、Ares 或 Phobos 官方字段页。
Techno,LightBlueTint,Text,Yuri,community-reference-inferred-yuri-20260603,推断型字段：LightBlueTint / Techno 暂未完成官方逐条核验；根据字段名、所属 TechnoType 对象 上下文和既有社区资料线索，它可能用于颜色、光照或视觉着色。取值格式仍按原 INI 资料或项目内实际用法确认。该说明仅作为 BuiltIn 宽松兜底，不能替代 ModEnc、Ares 或 Phobos 官方字段页。
Techno,LightGreenTint,Text,Yuri,community-reference-inferred-yuri-20260603,推断型字段：LightGreenTint / Techno 暂未完成官方逐条核验；根据字段名、所属 TechnoType 对象 上下文和既有社区资料线索，它可能用于颜色、光照或视觉着色。取值格式仍按原 INI 资料或项目内实际用法确认。该说明仅作为 BuiltIn 宽松兜底，不能替代 ModEnc、Ares 或 Phobos 官方字段页。
Techno,LightIntensity,Text,Yuri,community-reference-inferred-yuri-20260603,推断型字段：LightIntensity / Techno 暂未完成官方逐条核验；根据字段名、所属 TechnoType 对象 上下文和既有社区资料线索，它可能用于颜色、光照或视觉着色。取值格式仍按原 INI 资料或项目内实际用法确认。该说明仅作为 BuiltIn 宽松兜底，不能替代 ModEnc、Ares 或 Phobos 官方字段页。
Techno,LightningCellSpread,Text,Yuri,community-reference-inferred-yuri-20260603,推断型字段：LightningCellSpread / Techno 暂未完成官方逐条核验；根据字段名、所属 TechnoType 对象 上下文和既有社区资料线索，它可能用于颜色、光照或视觉着色。取值格式仍按原 INI 资料或项目内实际用法确认。该说明仅作为 BuiltIn 宽松兜底，不能替代 ModEnc、Ares 或 Phobos 官方字段页。
Techno,LightningDamage,Text,Yuri,community-reference-inferred-yuri-20260603,推断型字段：LightningDamage / Techno 暂未完成官方逐条核验；根据字段名、所属 TechnoType 对象 上下文和既有社区资料线索，它可能用于生命值、护甲、伤害或修理倍率，并可能涉及颜色、光照或视觉着色。取值格式仍按原 INI 资料或项目内实际用法确认。该说明仅作为 BuiltIn 宽松兜底，不能替代 ModEnc、Ares 或 Phobos 官方字段页。
Techno,LightningDeferment,Text,Yuri,community-reference-inferred-yuri-20260603,推断型字段：LightningDeferment / Techno 暂未完成官方逐条核验；根据字段名、所属 TechnoType 对象 上下文和既有社区资料线索，它可能用于颜色、光照或视觉着色。取值格式仍按原 INI 资料或项目内实际用法确认。该说明仅作为 BuiltIn 宽松兜底，不能替代 ModEnc、Ares 或 Phobos 官方字段页。
Techno,LightningHitDelay,Text,Yuri,community-reference-inferred-yuri-20260603,推断型字段：LightningHitDelay / Techno 暂未完成官方逐条核验；根据字段名、所属 TechnoType 对象 上下文和既有社区资料线索，它可能用于颜色、光照或视觉着色，并可能涉及数值阈值、间隔、次数或概率参数。取值格式仍按原 INI 资料或项目内实际用法确认。该说明仅作为 BuiltIn 宽松兜底，不能替代 ModEnc、Ares 或 Phobos 官方字段页。
Techno,LightningPrintText,Text,Yuri,community-reference-inferred-yuri-20260603,推断型字段：LightningPrintText / Techno 暂未完成官方逐条核验；根据字段名、所属 TechnoType 对象 上下文和既有社区资料线索，它可能用于颜色、光照或视觉着色。取值格式仍按原 INI 资料或项目内实际用法确认。该说明仅作为 BuiltIn 宽松兜底，不能替代 ModEnc、Ares 或 Phobos 官方字段页。
Techno,LightningRod,Text,Yuri,community-reference-inferred-yuri-20260603,推断型字段：LightningRod / Techno 暂未完成官方逐条核验；根据字段名、所属 TechnoType 对象 上下文和既有社区资料线索，它可能用于颜色、光照或视觉着色。取值格式仍按原 INI 资料或项目内实际用法确认。该说明仅作为 BuiltIn 宽松兜底，不能替代 ModEnc、Ares 或 Phobos 官方字段页。
Techno,LightningScatterDelay,Text,Yuri,community-reference-inferred-yuri-20260603,推断型字段：LightningScatterDelay / Techno 暂未完成官方逐条核验；根据字段名、所属 TechnoType 对象 上下文和既有社区资料线索，它可能用于颜色、光照或视觉着色，并可能涉及数值阈值、间隔、次数或概率参数。取值格式仍按原 INI 资料或项目内实际用法确认。该说明仅作为 BuiltIn 宽松兜底，不能替代 ModEnc、Ares 或 Phobos 官方字段页。
Techno,LightningSeparation,Text,Yuri,community-reference-inferred-yuri-20260603,推断型字段：LightningSeparation / Techno 暂未完成官方逐条核验；根据字段名、所属 TechnoType 对象 上下文和既有社区资料线索，它可能用于超级武器或特殊效果逻辑，并可能涉及颜色、光照或视觉着色。取值格式仍按原 INI 资料或项目内实际用法确认。该说明仅作为 BuiltIn 宽松兜底，不能替代 ModEnc、Ares 或 Phobos 官方字段页。
Techno,LightningSounds,Reference,Yuri,community-reference-inferred-yuri-20260603,推断型字段：LightningSounds / Techno 暂未完成官方逐条核验；根据字段名、所属 TechnoType 对象 上下文和既有社区资料线索，它可能用于声音、语音或 EVA 提示，并可能涉及颜色、光照或视觉着色。通常引用另一类 INI 对象或资源 ID。该说明仅作为 BuiltIn 宽松兜底，不能替代 ModEnc、Ares 或 Phobos 官方字段页。
Techno,LightningStormDuration,Text,Yuri,community-reference-inferred-yuri-20260603,推断型字段：LightningStormDuration / Techno 暂未完成官方逐条核验；根据字段名、所属 TechnoType 对象 上下文和既有社区资料线索，它可能用于超级武器或特殊效果逻辑，并可能涉及颜色、光照或视觉着色。取值格式仍按原 INI 资料或项目内实际用法确认。该说明仅作为 BuiltIn 宽松兜底，不能替代 ModEnc、Ares 或 Phobos 官方字段页。
Techno,LightningWarhead,Text,Yuri,community-reference-inferred-yuri-20260603,推断型字段：LightningWarhead / Techno 暂未完成官方逐条核验；根据字段名、所属 TechnoType 对象 上下文和既有社区资料线索，它可能用于武器、开火或投射表现，并可能涉及颜色、光照或视觉着色。取值格式仍按原 INI 资料或项目内实际用法确认。该说明仅作为 BuiltIn 宽松兜底，不能替代 ModEnc、Ares 或 Phobos 官方字段页。
Techno,LightRedTint,Text,Yuri,community-reference-inferred-yuri-20260603,推断型字段：LightRedTint / Techno 暂未完成官方逐条核验；根据字段名、所属 TechnoType 对象 上下文和既有社区资料线索，它可能用于颜色、光照或视觉着色，并可能涉及建造条件、阵营可用性或生产经济。取值格式仍按原 INI 资料或项目内实际用法确认。该说明仅作为 BuiltIn 宽松兜底，不能替代 ModEnc、Ares 或 Phobos 官方字段页。
Techno,LightSize,Text,Yuri,community-reference-inferred-yuri-20260603,推断型字段：LightSize / Techno 暂未完成官方逐条核验；根据字段名、所属 TechnoType 对象 上下文和既有社区资料线索，它可能用于颜色、光照或视觉着色。取值格式仍按原 INI 资料或项目内实际用法确认。该说明仅作为 BuiltIn 宽松兜底，不能替代 ModEnc、Ares 或 Phobos 官方字段页。
Techno,LightVisibility,Text,Yuri,community-reference-inferred-yuri-20260603,推断型字段：LightVisibility / Techno 暂未完成官方逐条核验；根据字段名、所属 TechnoType 对象 上下文和既有社区资料线索，它可能用于颜色、光照或视觉着色。取值格式仍按原 INI 资料或项目内实际用法确认。该说明仅作为 BuiltIn 宽松兜底，不能替代 ModEnc、Ares 或 Phobos 官方字段页。
Techno,LineTrailColorOverride,Text,Yuri,community-reference-inferred-yuri-20260603,推断型字段：LineTrailColorOverride / Techno 暂未完成官方逐条核验；根据字段名、所属 TechnoType 对象 上下文和既有社区资料线索，它可能用于AI 行为、目标选择或威胁评估，并可能涉及颜色、光照或视觉着色。取值格式仍按原 INI 资料或项目内实际用法确认。该说明仅作为 BuiltIn 宽松兜底，不能替代 ModEnc、Ares 或 Phobos 官方字段页。
Techno,LocalRadarColor,Text,Yuri,community-reference-inferred-yuri-20260603,推断型字段：LocalRadarColor / Techno 暂未完成官方逐条核验；根据字段名、所属 TechnoType 对象 上下文和既有社区资料线索，它可能用于侦察、雷达、隐形或伪装，并可能涉及颜色、光照或视觉着色。取值格式仍按原 INI 资料或项目内实际用法确认。该说明仅作为 BuiltIn 宽松兜底，不能替代 ModEnc、Ares 或 Phobos 官方字段页。
Techno,LowDeployPriority,Boolean,Phobos,community-reference-inferred-phobos-20260603,推断型字段：LowDeployPriority / Techno 暂未完成官方逐条核验；根据字段名、所属 TechnoType 对象 上下文和既有社区资料线索，它可能用于列表型条件、允许/禁止关系或筛选规则，并可能涉及部署、运输、乘员或形态切换。通常按 yes/no 布尔值理解。该说明仅作为 BuiltIn 宽松兜底，不能替代 ModEnc、Ares 或 Phobos 官方字段页。
Techno,LowPowerPenaltyModifier,Text,Yuri,community-reference-inferred-yuri-20260603,推断型字段：LowPowerPenaltyModifier / Techno 暂未完成官方逐条核验；根据字段名、所属 TechnoType 对象 上下文和既有社区资料线索，它可能用于列表型条件、允许/禁止关系或筛选规则，并可能涉及建造条件、阵营可用性或生产经济。取值格式仍按原 INI 资料或项目内实际用法确认。该说明仅作为 BuiltIn 宽松兜底，不能替代 ModEnc、Ares 或 Phobos 官方字段页。
Techno,LowSelectionPriority,Boolean,Phobos,community-reference-inferred-phobos-20260603,推断型字段：LowSelectionPriority / Techno 暂未完成官方逐条核验；根据字段名、所属 TechnoType 对象 上下文和既有社区资料线索，它可能用于列表型条件、允许/禁止关系或筛选规则，并可能涉及超级武器或特殊效果逻辑。通常按 yes/no 布尔值理解。该说明仅作为 BuiltIn 宽松兜底，不能替代 ModEnc、Ares 或 Phobos 官方字段页。
Techno,MakeInfantry,Text,Yuri,community-reference-inferred-yuri-20260603,推断型字段：MakeInfantry / Techno 暂未完成官方逐条核验；根据字段名、所属 TechnoType 对象 上下文和既有社区资料线索，它可能用于对象行为、显示或引擎内部规则。取值格式仍按原 INI 资料或项目内实际用法确认。该说明仅作为 BuiltIn 宽松兜底，不能替代 ModEnc、Ares 或 Phobos 官方字段页。
Techno,MakesDisguise,Text,Yuri,community-reference-inferred-yuri-20260603,推断型字段：MakesDisguise / Techno 暂未完成官方逐条核验；根据字段名、所属 TechnoType 对象 上下文和既有社区资料线索，它可能用于侦察、雷达、隐形或伪装。取值格式仍按原 INI 资料或项目内实际用法确认。该说明仅作为 BuiltIn 宽松兜底，不能替代 ModEnc、Ares 或 Phobos 官方字段页。
Techno,MakesWake,Boolean,Phobos,community-reference-inferred-phobos-20260603,推断型字段：MakesWake / Techno 暂未完成官方逐条核验；根据字段名、所属 TechnoType 对象 上下文和既有社区资料线索，它可能用于对象行为、显示或引擎内部规则。通常按 yes/no 布尔值理解。该说明仅作为 BuiltIn 宽松兜底，不能替代 ModEnc、Ares 或 Phobos 官方字段页。
Techno,ManualControl,Text,Yuri,community-reference-inferred-yuri-20260603,推断型字段：ManualControl / Techno 暂未完成官方逐条核验；根据字段名、所属 TechnoType 对象 上下文和既有社区资料线索，它可能用于对象行为、显示或引擎内部规则。取值格式仍按原 INI 资料或项目内实际用法确认。该说明仅作为 BuiltIn 宽松兜底，不能替代 ModEnc、Ares 或 Phobos 官方字段页。
Techno,ManualReload,Text,Yuri,community-reference-inferred-yuri-20260603,推断型字段：ManualReload / Techno 暂未完成官方逐条核验；根据字段名、所属 TechnoType 对象 上下文和既有社区资料线索，它可能用于部署、运输、乘员或形态切换。取值格式仍按原 INI 资料或项目内实际用法确认。该说明仅作为 BuiltIn 宽松兜底，不能替代 ModEnc、Ares 或 Phobos 官方字段页。
Techno,MaxAngularVelocity,Text,Yuri,community-reference-inferred-yuri-20260603,推断型字段：MaxAngularVelocity / Techno 暂未完成官方逐条核验；根据字段名、所属 TechnoType 对象 上下文和既有社区资料线索，它可能用于数值阈值、间隔、次数或概率参数。取值格式仍按原 INI 资料或项目内实际用法确认。该说明仅作为 BuiltIn 宽松兜底，不能替代 ModEnc、Ares 或 Phobos 官方字段页。
Techno,MaxDamage,Text,Yuri,community-reference-inferred-yuri-20260603,推断型字段：MaxDamage / Techno 暂未完成官方逐条核验；根据字段名、所属 TechnoType 对象 上下文和既有社区资料线索，它可能用于生命值、护甲、伤害或修理倍率，并可能涉及数值阈值、间隔、次数或概率参数。取值格式仍按原 INI 资料或项目内实际用法确认。该说明仅作为 BuiltIn 宽松兜底，不能替代 ModEnc、Ares 或 Phobos 官方字段页。
Techno,MaxDC,Text,Yuri,community-reference-inferred-yuri-20260603,推断型字段：MaxDC / Techno 暂未完成官方逐条核验；根据字段名、所属 TechnoType 对象 上下文和既有社区资料线索，它可能用于建造条件、阵营可用性或生产经济，并可能涉及数值阈值、间隔、次数或概率参数。取值格式仍按原 INI 资料或项目内实际用法确认。该说明仅作为 BuiltIn 宽松兜底，不能替代 ModEnc、Ares 或 Phobos 官方字段页。
Techno,MaxDebris,Text,Yuri,community-reference-inferred-yuri-20260603,推断型字段：MaxDebris / Techno 暂未完成官方逐条核验；根据字段名、所属 TechnoType 对象 上下文和既有社区资料线索，它可能用于数值阈值、间隔、次数或概率参数。取值格式仍按原 INI 资料或项目内实际用法确认。该说明仅作为 BuiltIn 宽松兜底，不能替代 ModEnc、Ares 或 Phobos 官方字段页。
Techno,MaxEC,Text,Yuri,community-reference-inferred-yuri-20260603,推断型字段：MaxEC / Techno 暂未完成官方逐条核验；根据字段名、所属 TechnoType 对象 上下文和既有社区资料线索，它可能用于武器、开火或投射表现，并可能涉及建造条件、阵营可用性或生产经济。取值格式仍按原 INI 资料或项目内实际用法确认。该说明仅作为 BuiltIn 宽松兜底，不能替代 ModEnc、Ares 或 Phobos 官方字段页。
Techno,MaxGuardRange,Integer,Phobos,community-reference-inferred-phobos-20260603,推断型字段：MaxGuardRange / Techno 暂未完成官方逐条核验；根据字段名、所属 TechnoType 对象 上下文和既有社区资料线索，它可能用于AI 行为、目标选择或威胁评估，并可能涉及武器、开火或投射表现。通常按整数参数理解。该说明仅作为 BuiltIn 宽松兜底，不能替代 ModEnc、Ares 或 Phobos 官方字段页。
Techno,MaximumBuildingPlacementFailures,Text,Yuri,community-reference-inferred-yuri-20260603,推断型字段：MaximumBuildingPlacementFailures / Techno 暂未完成官方逐条核验；根据字段名、所属 TechnoType 对象 上下文和既有社区资料线索，它可能用于AI 行为、目标选择或威胁评估，并可能涉及建造条件、阵营可用性或生产经济。取值格式仍按原 INI 资料或项目内实际用法确认。该说明仅作为 BuiltIn 宽松兜底，不能替代 ModEnc、Ares 或 Phobos 官方字段页。
Techno,MaximumCheerRate,Text,Yuri,community-reference-inferred-yuri-20260603,推断型字段：MaximumCheerRate / Techno 暂未完成官方逐条核验；根据字段名、所属 TechnoType 对象 上下文和既有社区资料线索，它可能用于数值阈值、间隔、次数或概率参数，并可能涉及移动、寻路、部署或运动限制。取值格式仍按原 INI 资料或项目内实际用法确认。该说明仅作为 BuiltIn 宽松兜底，不能替代 ModEnc、Ares 或 Phobos 官方字段页。
Techno,MaximumQueuedObjects,Text,Yuri,community-reference-inferred-yuri-20260603,推断型字段：MaximumQueuedObjects / Techno 暂未完成官方逐条核验；根据字段名、所属 TechnoType 对象 上下文和既有社区资料线索，它可能用于数值阈值、间隔、次数或概率参数。取值格式仍按原 INI 资料或项目内实际用法确认。该说明仅作为 BuiltIn 宽松兜底，不能替代 ModEnc、Ares 或 Phobos 官方字段页。
Techno,MaxIQLevels,Text,Yuri,community-reference-inferred-yuri-20260603,推断型字段：MaxIQLevels / Techno 暂未完成官方逐条核验；根据字段名、所属 TechnoType 对象 上下文和既有社区资料线索，它可能用于数值阈值、间隔、次数或概率参数。取值格式仍按原 INI 资料或项目内实际用法确认。该说明仅作为 BuiltIn 宽松兜底，不能替代 ModEnc、Ares 或 Phobos 官方字段页。
Techno,MaxLowPowerProductionSpeed,Text,Yuri,community-reference-inferred-yuri-20260603,推断型字段：MaxLowPowerProductionSpeed / Techno 暂未完成官方逐条核验；根据字段名、所属 TechnoType 对象 上下文和既有社区资料线索，它可能用于列表型条件、允许/禁止关系或筛选规则，并可能涉及建造条件、阵营可用性或生产经济。取值格式仍按原 INI 资料或项目内实际用法确认。该说明仅作为 BuiltIn 宽松兜底，不能替代 ModEnc、Ares 或 Phobos 官方字段页。
Techno,MaxMoney,Text,Yuri,community-reference-inferred-yuri-20260603,推断型字段：MaxMoney / Techno 暂未完成官方逐条核验；根据字段名、所属 TechnoType 对象 上下文和既有社区资料线索，它可能用于资源、矿石、回收或经济收益，并可能涉及数值阈值、间隔、次数或概率参数。取值格式仍按原 INI 资料或项目内实际用法确认。该说明仅作为 BuiltIn 宽松兜底，不能替代 ModEnc、Ares 或 Phobos 官方字段页。
Techno,MaxUnitCount,Text,Yuri,community-reference-inferred-yuri-20260603,推断型字段：MaxUnitCount / Techno 暂未完成官方逐条核验；根据字段名、所属 TechnoType 对象 上下文和既有社区资料线索，它可能用于数值阈值、间隔、次数或概率参数。取值格式仍按原 INI 资料或项目内实际用法确认。该说明仅作为 BuiltIn 宽松兜底，不能替代 ModEnc、Ares 或 Phobos 官方字段页。
Techno,MaxWaypointPathLength,Text,Yuri,community-reference-inferred-yuri-20260603,推断型字段：MaxWaypointPathLength / Techno 暂未完成官方逐条核验；根据字段名、所属 TechnoType 对象 上下文和既有社区资料线索，它可能用于数值阈值、间隔、次数或概率参数。取值格式仍按原 INI 资料或项目内实际用法确认。该说明仅作为 BuiltIn 宽松兜底，不能替代 ModEnc、Ares 或 Phobos 官方字段页。
Techno,MaxXYVel,Text,Yuri,community-reference-inferred-yuri-20260603,推断型字段：MaxXYVel / Techno 暂未完成官方逐条核验；根据字段名、所属 TechnoType 对象 上下文和既有社区资料线索，它可能用于建造条件、阵营可用性或生产经济，并可能涉及数值阈值、间隔、次数或概率参数。取值格式仍按原 INI 资料或项目内实际用法确认。该说明仅作为 BuiltIn 宽松兜底，不能替代 ModEnc、Ares 或 Phobos 官方字段页。
Techno,MaxZVel,Text,Yuri,community-reference-inferred-yuri-20260603,推断型字段：MaxZVel / Techno 暂未完成官方逐条核验；根据字段名、所属 TechnoType 对象 上下文和既有社区资料线索，它可能用于建造条件、阵营可用性或生产经济，并可能涉及数值阈值、间隔、次数或概率参数。取值格式仍按原 INI 资料或项目内实际用法确认。该说明仅作为 BuiltIn 宽松兜底，不能替代 ModEnc、Ares 或 Phobos 官方字段页。
Techno,MCVRedeploys,Text,Yuri,community-reference-inferred-yuri-20260603,推断型字段：MCVRedeploys / Techno 暂未完成官方逐条核验；根据字段名、所属 TechnoType 对象 上下文和既有社区资料线索，它可能用于部署、运输、乘员或形态切换，并可能涉及颜色、光照或视觉着色。取值格式仍按原 INI 资料或项目内实际用法确认。该说明仅作为 BuiltIn 宽松兜底，不能替代 ModEnc、Ares 或 Phobos 官方字段页。
Techno,MessageCharTyped,Reference,Yuri,community-reference-inferred-yuri-20260603,推断型字段：MessageCharTyped / Techno 暂未完成官方逐条核验；根据字段名、所属 TechnoType 对象 上下文和既有社区资料线索，它可能用于对象行为、显示或引擎内部规则。通常引用另一类 INI 对象或资源 ID。该说明仅作为 BuiltIn 宽松兜底，不能替代 ModEnc、Ares 或 Phobos 官方字段页。
Techno,MessageDelay,Text,Yuri,community-reference-inferred-yuri-20260603,推断型字段：MessageDelay / Techno 暂未完成官方逐条核验；根据字段名、所属 TechnoType 对象 上下文和既有社区资料线索，它可能用于数值阈值、间隔、次数或概率参数。取值格式仍按原 INI 资料或项目内实际用法确认。该说明仅作为 BuiltIn 宽松兜底，不能替代 ModEnc、Ares 或 Phobos 官方字段页。
Techno,MetallicDebris,Text,Yuri,community-reference-inferred-yuri-20260603,推断型字段：MetallicDebris / Techno 暂未完成官方逐条核验；根据字段名、所属 TechnoType 对象 上下文和既有社区资料线索，它可能用于对象行为、显示或引擎内部规则。取值格式仍按原 INI 资料或项目内实际用法确认。该说明仅作为 BuiltIn 宽松兜底，不能替代 ModEnc、Ares 或 Phobos 官方字段页。
Techno,MinAngularVelocity,Text,Yuri,community-reference-inferred-yuri-20260603,推断型字段：MinAngularVelocity / Techno 暂未完成官方逐条核验；根据字段名、所属 TechnoType 对象 上下文和既有社区资料线索，它可能用于数值阈值、间隔、次数或概率参数。取值格式仍按原 INI 资料或项目内实际用法确认。该说明仅作为 BuiltIn 宽松兜底，不能替代 ModEnc、Ares 或 Phobos 官方字段页。
Techno,MinDamage,Text,Yuri,community-reference-inferred-yuri-20260603,推断型字段：MinDamage / Techno 暂未完成官方逐条核验；根据字段名、所属 TechnoType 对象 上下文和既有社区资料线索，它可能用于生命值、护甲、伤害或修理倍率，并可能涉及数值阈值、间隔、次数或概率参数。取值格式仍按原 INI 资料或项目内实际用法确认。该说明仅作为 BuiltIn 宽松兜底，不能替代 ModEnc、Ares 或 Phobos 官方字段页。
Techno,MindControl,Text,Yuri,community-reference-inferred-yuri-20260603,推断型字段：MindControl / Techno 暂未完成官方逐条核验；根据字段名、所属 TechnoType 对象 上下文和既有社区资料线索，它可能用于数值阈值、间隔、次数或概率参数。取值格式仍按原 INI 资料或项目内实际用法确认。该说明仅作为 BuiltIn 宽松兜底，不能替代 ModEnc、Ares 或 Phobos 官方字段页。
Techno,MindControl.IgnoreSize,Boolean,Phobos,community-reference-inferred-phobos-20260603,推断型字段：MindControl.IgnoreSize / Techno 暂未完成官方逐条核验；根据字段名、所属 TechnoType 对象 上下文和既有社区资料线索，它可能用于资源、矿石、回收或经济收益，并可能涉及数值阈值、间隔、次数或概率参数。通常按 yes/no 布尔值理解。该说明仅作为 BuiltIn 宽松兜底，不能替代 ModEnc、Ares 或 Phobos 官方字段页。
Techno,MindControlLink.VisibleToHouse,Enum,Phobos,community-reference-inferred-phobos-20260603,推断型字段：MindControlLink.VisibleToHouse / Techno 暂未完成官方逐条核验；根据字段名、所属 TechnoType 对象 上下文和既有社区资料线索，它可能用于建造条件、阵营可用性或生产经济，并可能涉及移动、寻路、部署或运动限制。通常按固定枚举值理解。该说明仅作为 BuiltIn 宽松兜底，不能替代 ModEnc、Ares 或 Phobos 官方字段页。
Techno,MindControlRangeLimit,Integer,Phobos,community-reference-inferred-phobos-20260603,推断型字段：MindControlRangeLimit / Techno 暂未完成官方逐条核验；根据字段名、所属 TechnoType 对象 上下文和既有社区资料线索，它可能用于数值阈值、间隔、次数或概率参数，并可能涉及建造条件、阵营可用性或生产经济。通常按整数参数理解。该说明仅作为 BuiltIn 宽松兜底，不能替代 ModEnc、Ares 或 Phobos 官方字段页。
Techno,MindControlSize,Integer,Phobos,community-reference-inferred-phobos-20260603,推断型字段：MindControlSize / Techno 暂未完成官方逐条核验；根据字段名、所属 TechnoType 对象 上下文和既有社区资料线索，它可能用于数值阈值、间隔、次数或概率参数。通常按整数参数理解。该说明仅作为 BuiltIn 宽松兜底，不能替代 ModEnc、Ares 或 Phobos 官方字段页。
Techno,MinDebris,Text,Yuri,community-reference-inferred-yuri-20260603,推断型字段：MinDebris / Techno 暂未完成官方逐条核验；根据字段名、所属 TechnoType 对象 上下文和既有社区资料线索，它可能用于数值阈值、间隔、次数或概率参数。取值格式仍按原 INI 资料或项目内实际用法确认。该说明仅作为 BuiltIn 宽松兜底，不能替代 ModEnc、Ares 或 Phobos 官方字段页。
Techno,MinLowPowerProductionSpeed,Text,Yuri,community-reference-inferred-yuri-20260603,推断型字段：MinLowPowerProductionSpeed / Techno 暂未完成官方逐条核验；根据字段名、所属 TechnoType 对象 上下文和既有社区资料线索，它可能用于列表型条件、允许/禁止关系或筛选规则，并可能涉及建造条件、阵营可用性或生产经济。取值格式仍按原 INI 资料或项目内实际用法确认。该说明仅作为 BuiltIn 宽松兜底，不能替代 ModEnc、Ares 或 Phobos 官方字段页。
Techno,MinMoney,Text,Yuri,community-reference-inferred-yuri-20260603,推断型字段：MinMoney / Techno 暂未完成官方逐条核验；根据字段名、所属 TechnoType 对象 上下文和既有社区资料线索，它可能用于资源、矿石、回收或经济收益，并可能涉及数值阈值、间隔、次数或概率参数。取值格式仍按原 INI 资料或项目内实际用法确认。该说明仅作为 BuiltIn 宽松兜底，不能替代 ModEnc、Ares 或 Phobos 官方字段页。
Techno,MinUnitCount,Text,Yuri,community-reference-inferred-yuri-20260603,推断型字段：MinUnitCount / Techno 暂未完成官方逐条核验；根据字段名、所属 TechnoType 对象 上下文和既有社区资料线索，它可能用于数值阈值、间隔、次数或概率参数。取值格式仍按原 INI 资料或项目内实际用法确认。该说明仅作为 BuiltIn 宽松兜底，不能替代 ModEnc、Ares 或 Phobos 官方字段页。
Techno,MinZVel,Text,Yuri,community-reference-inferred-yuri-20260603,推断型字段：MinZVel / Techno 暂未完成官方逐条核验；根据字段名、所属 TechnoType 对象 上下文和既有社区资料线索，它可能用于建造条件、阵营可用性或生产经济，并可能涉及数值阈值、间隔、次数或概率参数。取值格式仍按原 INI 资料或项目内实际用法确认。该说明仅作为 BuiltIn 宽松兜底，不能替代 ModEnc、Ares 或 Phobos 官方字段页。
Techno,MinZVelocity,Text,Yuri,community-reference-inferred-yuri-20260603,推断型字段：MinZVelocity / Techno 暂未完成官方逐条核验；根据字段名、所属 TechnoType 对象 上下文和既有社区资料线索，它可能用于数值阈值、间隔、次数或概率参数。取值格式仍按原 INI 资料或项目内实际用法确认。该说明仅作为 BuiltIn 宽松兜底，不能替代 ModEnc、Ares 或 Phobos 官方字段页。
Techno,MissileROTVar,Text,Yuri,community-reference-inferred-yuri-20260603,推断型字段：MissileROTVar / Techno 暂未完成官方逐条核验；根据字段名、所属 TechnoType 对象 上下文和既有社区资料线索，它可能用于移动、寻路、部署或运动限制，并可能涉及生成物、乘员、残骸或派生单位。取值格式仍按原 INI 资料或项目内实际用法确认。该说明仅作为 BuiltIn 宽松兜底，不能替代 ModEnc、Ares 或 Phobos 官方字段页。
Techno,MissileSafetyAltitude,Text,Yuri,community-reference-inferred-yuri-20260603,推断型字段：MissileSafetyAltitude / Techno 暂未完成官方逐条核验；根据字段名、所属 TechnoType 对象 上下文和既有社区资料线索，它可能用于生成物、乘员、残骸或派生单位。取值格式仍按原 INI 资料或项目内实际用法确认。该说明仅作为 BuiltIn 宽松兜底，不能替代 ModEnc、Ares 或 Phobos 官方字段页。
Techno,MissileSpeedVar,Text,Yuri,community-reference-inferred-yuri-20260603,推断型字段：MissileSpeedVar / Techno 暂未完成官方逐条核验；根据字段名、所属 TechnoType 对象 上下文和既有社区资料线索，它可能用于移动、寻路、部署或运动限制，并可能涉及生成物、乘员、残骸或派生单位。取值格式仍按原 INI 资料或项目内实际用法确认。该说明仅作为 BuiltIn 宽松兜底，不能替代 ModEnc、Ares 或 Phobos 官方字段页。
Techno,MobileFire,Text,Yuri,community-reference-inferred-yuri-20260603,推断型字段：MobileFire / Techno 暂未完成官方逐条核验；根据字段名、所属 TechnoType 对象 上下文和既有社区资料线索，它可能用于武器、开火或投射表现。取值格式仍按原 INI 资料或项目内实际用法确认。该说明仅作为 BuiltIn 宽松兜底，不能替代 ModEnc、Ares 或 Phobos 官方字段页。
Techno,Money,Text,Yuri,community-reference-inferred-yuri-20260603,推断型字段：Money / Techno 暂未完成官方逐条核验；根据字段名、所属 TechnoType 对象 上下文和既有社区资料线索，它可能用于资源、矿石、回收或经济收益。取值格式仍按原 INI 资料或项目内实际用法确认。该说明仅作为 BuiltIn 宽松兜底，不能替代 ModEnc、Ares 或 Phobos 官方字段页。
Techno,MoneyIncrement,Text,Yuri,community-reference-inferred-yuri-20260603,推断型字段：MoneyIncrement / Techno 暂未完成官方逐条核验；根据字段名、所属 TechnoType 对象 上下文和既有社区资料线索，它可能用于资源、矿石、回收或经济收益。取值格式仍按原 INI 资料或项目内实际用法确认。该说明仅作为 BuiltIn 宽松兜底，不能替代 ModEnc、Ares 或 Phobos 官方字段页。
Techno,MoveFlash,Text,Yuri,community-reference-inferred-yuri-20260603,推断型字段：MoveFlash / Techno 暂未完成官方逐条核验；根据字段名、所属 TechnoType 对象 上下文和既有社区资料线索，它可能用于移动、寻路、部署或运动限制。取值格式仍按原 INI 资料或项目内实际用法确认。该说明仅作为 BuiltIn 宽松兜底，不能替代 ModEnc、Ares 或 Phobos 官方字段页。
Techno,MovementPerturbutationCoefficient,Text,Yuri,community-reference-inferred-yuri-20260603,推断型字段：MovementPerturbutationCoefficient / Techno 暂未完成官方逐条核验；根据字段名、所属 TechnoType 对象 上下文和既有社区资料线索，它可能用于移动、寻路、部署或运动限制，并可能涉及超级武器或特殊效果逻辑。取值格式仍按原 INI 资料或项目内实际用法确认。该说明仅作为 BuiltIn 宽松兜底，不能替代 ModEnc、Ares 或 Phobos 官方字段页。
Techno,MovieOff,Reference,Yuri,community-reference-inferred-yuri-20260603,推断型字段：MovieOff / Techno 暂未完成官方逐条核验；根据字段名、所属 TechnoType 对象 上下文和既有社区资料线索，它可能用于图像、动画、炮口坐标或 UI 表现。通常引用另一类 INI 对象或资源 ID。该说明仅作为 BuiltIn 宽松兜底，不能替代 ModEnc、Ares 或 Phobos 官方字段页。
Techno,MovieOn,Reference,Yuri,community-reference-inferred-yuri-20260603,推断型字段：MovieOn / Techno 暂未完成官方逐条核验；根据字段名、所属 TechnoType 对象 上下文和既有社区资料线索，它可能用于武器、开火或投射表现，并可能涉及超级武器或特殊效果逻辑。通常引用另一类 INI 对象或资源 ID。该说明仅作为 BuiltIn 宽松兜底，不能替代 ModEnc、Ares 或 Phobos 官方字段页。
Techno,MovieTime,Text,Yuri,community-reference-inferred-yuri-20260603,推断型字段：MovieTime / Techno 暂未完成官方逐条核验；根据字段名、所属 TechnoType 对象 上下文和既有社区资料线索，它可能用于数值阈值、间隔、次数或概率参数。取值格式仍按原 INI 资料或项目内实际用法确认。该说明仅作为 BuiltIn 宽松兜底，不能替代 ModEnc、Ares 或 Phobos 官方字段页。
Techno,MultiEngineer,Text,Yuri,community-reference-inferred-yuri-20260603,推断型字段：MultiEngineer / Techno 暂未完成官方逐条核验；根据字段名、所属 TechnoType 对象 上下文和既有社区资料线索，它可能用于生命值、护甲、伤害或修理倍率。取值格式仍按原 INI 资料或项目内实际用法确认。该说明仅作为 BuiltIn 宽松兜底，不能替代 ModEnc、Ares 或 Phobos 官方字段页。
Techno,MultiMindControl.ReleaseVictim,Boolean,Phobos,community-reference-inferred-phobos-20260603,推断型字段：MultiMindControl.ReleaseVictim / Techno 暂未完成官方逐条核验；根据字段名、所属 TechnoType 对象 上下文和既有社区资料线索，它可能用于生命值、护甲、伤害或修理倍率，并可能涉及数值阈值、间隔、次数或概率参数。通常按 yes/no 布尔值理解。该说明仅作为 BuiltIn 宽松兜底，不能替代 ModEnc、Ares 或 Phobos 官方字段页。
Techno,Multiplay,Text,Yuri,community-reference-inferred-yuri-20260603,推断型字段：Multiplay / Techno 暂未完成官方逐条核验；根据字段名、所属 TechnoType 对象 上下文和既有社区资料线索，它可能用于对象行为、显示或引擎内部规则。取值格式仍按原 INI 资料或项目内实际用法确认。该说明仅作为 BuiltIn 宽松兜底，不能替代 ModEnc、Ares 或 Phobos 官方字段页。
Techno,MultiplayPassive,Text,Yuri,community-reference-inferred-yuri-20260603,推断型字段：MultiplayPassive / Techno 暂未完成官方逐条核验；根据字段名、所属 TechnoType 对象 上下文和既有社区资料线索，它可能用于对象行为、显示或引擎内部规则。取值格式仍按原 INI 资料或项目内实际用法确认。该说明仅作为 BuiltIn 宽松兜底，不能替代 ModEnc、Ares 或 Phobos 官方字段页。
Techno,MultipleFactory,Text,Yuri,community-reference-inferred-yuri-20260603,推断型字段：MultipleFactory / Techno 暂未完成官方逐条核验；根据字段名、所属 TechnoType 对象 上下文和既有社区资料线索，它可能用于建造条件、阵营可用性或生产经济。取值格式仍按原 INI 资料或项目内实际用法确认。该说明仅作为 BuiltIn 宽松兜底，不能替代 ModEnc、Ares 或 Phobos 官方字段页。
Techno,MultiWeapon,Boolean,Phobos,community-reference-inferred-phobos-20260603,推断型字段：MultiWeapon / Techno 暂未完成官方逐条核验；根据字段名、所属 TechnoType 对象 上下文和既有社区资料线索，它可能用于武器、开火或投射表现，并可能涉及生命值、护甲、伤害或修理倍率。通常按 yes/no 布尔值理解。该说明仅作为 BuiltIn 宽松兜底，不能替代 ModEnc、Ares 或 Phobos 官方字段页。
Techno,MultiWeapon.SelectCount,Integer,Phobos,community-reference-inferred-phobos-20260603,推断型字段：MultiWeapon.SelectCount / Techno 暂未完成官方逐条核验；根据字段名、所属 TechnoType 对象 上下文和既有社区资料线索，它可能用于武器、开火或投射表现，并可能涉及生命值、护甲、伤害或修理倍率。通常按整数参数理解。该说明仅作为 BuiltIn 宽松兜底，不能替代 ModEnc、Ares 或 Phobos 官方字段页。
Techno,Mutant,Text,Yuri,community-reference-inferred-yuri-20260603,推断型字段：Mutant / Techno 暂未完成官方逐条核验；根据字段名、所属 TechnoType 对象 上下文和既有社区资料线索，它可能用于对象行为、显示或引擎内部规则。取值格式仍按原 INI 资料或项目内实际用法确认。该说明仅作为 BuiltIn 宽松兜底，不能替代 ModEnc、Ares 或 Phobos 官方字段页。
Techno,MuzzleFlash,Text,Yuri,community-reference-inferred-yuri-20260603,推断型字段：MuzzleFlash / Techno 暂未完成官方逐条核验；根据字段名、所属 TechnoType 对象 上下文和既有社区资料线索，它可能用于对象行为、显示或引擎内部规则。取值格式仍按原 INI 资料或项目内实际用法确认。该说明仅作为 BuiltIn 宽松兜底，不能替代 ModEnc、Ares 或 Phobos 官方字段页。
Techno,MyEffectivenessCoefficientDefault,Text,Yuri,community-reference-inferred-yuri-20260603,推断型字段：MyEffectivenessCoefficientDefault / Techno 暂未完成官方逐条核验；根据字段名、所属 TechnoType 对象 上下文和既有社区资料线索，它可能用于对象行为、显示或引擎内部规则。取值格式仍按原 INI 资料或项目内实际用法确认。该说明仅作为 BuiltIn 宽松兜底，不能替代 ModEnc、Ares 或 Phobos 官方字段页。
Techno,NamedCivilians,Text,Yuri,community-reference-inferred-yuri-20260603,推断型字段：NamedCivilians / Techno 暂未完成官方逐条核验；根据字段名、所属 TechnoType 对象 上下文和既有社区资料线索，它可能用于对象行为、显示或引擎内部规则。取值格式仍按原 INI 资料或项目内实际用法确认。该说明仅作为 BuiltIn 宽松兜底，不能替代 ModEnc、Ares 或 Phobos 官方字段页。
Techno,Napalm,Text,Yuri,community-reference-inferred-yuri-20260603,推断型字段：Napalm / Techno 暂未完成官方逐条核验；根据字段名、所属 TechnoType 对象 上下文和既有社区资料线索，它可能用于对象行为、显示或引擎内部规则。取值格式仍按原 INI 资料或项目内实际用法确认。该说明仅作为 BuiltIn 宽松兜底，不能替代 ModEnc、Ares 或 Phobos 官方字段页。
Techno,NaturalParticleLocation,Text,Yuri,community-reference-inferred-yuri-20260603,推断型字段：NaturalParticleLocation / Techno 暂未完成官方逐条核验；根据字段名、所属 TechnoType 对象 上下文和既有社区资料线索，它可能用于超级武器或特殊效果逻辑。取值格式仍按原 INI 资料或项目内实际用法确认。该说明仅作为 BuiltIn 宽松兜底，不能替代 ModEnc、Ares 或 Phobos 官方字段页。
Techno,NaturalParticleSystem,Text,Yuri,community-reference-inferred-yuri-20260603,推断型字段：NaturalParticleSystem / Techno 暂未完成官方逐条核验；根据字段名、所属 TechnoType 对象 上下文和既有社区资料线索，它可能用于对象行为、显示或引擎内部规则。取值格式仍按原 INI 资料或项目内实际用法确认。该说明仅作为 BuiltIn 宽松兜底，不能替代 ModEnc、Ares 或 Phobos 官方字段页。
Techno,NeonLime,Text,Yuri,community-reference-inferred-yuri-20260603,推断型字段：NeonLime / Techno 暂未完成官方逐条核验；根据字段名、所属 TechnoType 对象 上下文和既有社区资料线索，它可能用于对象行为、显示或引擎内部规则。取值格式仍按原 INI 资料或项目内实际用法确认。该说明仅作为 BuiltIn 宽松兜底，不能替代 ModEnc、Ares 或 Phobos 官方字段页。
Techno,NeverUse,Text,Yuri,community-reference-inferred-yuri-20260603,推断型字段：NeverUse / Techno 暂未完成官方逐条核验；根据字段名、所属 TechnoType 对象 上下文和既有社区资料线索，它可能用于建造条件、阵营可用性或生产经济。取值格式仍按原 INI 资料或项目内实际用法确认。该说明仅作为 BuiltIn 宽松兜底，不能替代 ModEnc、Ares 或 Phobos 官方字段页。
Techno,NextParticle,Text,Yuri,community-reference-inferred-yuri-20260603,推断型字段：NextParticle / Techno 暂未完成官方逐条核验；根据字段名、所属 TechnoType 对象 上下文和既有社区资料线索，它可能用于对象行为、显示或引擎内部规则。取值格式仍按原 INI 资料或项目内实际用法确认。该说明仅作为 BuiltIn 宽松兜底，不能替代 ModEnc、Ares 或 Phobos 官方字段页。
Techno,NextParticleOffset,Text,Yuri,community-reference-inferred-yuri-20260603,推断型字段：NextParticleOffset / Techno 暂未完成官方逐条核验；根据字段名、所属 TechnoType 对象 上下文和既有社区资料线索，它可能用于图像、动画、炮口坐标或 UI 表现。取值格式仍按原 INI 资料或项目内实际用法确认。该说明仅作为 BuiltIn 宽松兜底，不能替代 ModEnc、Ares 或 Phobos 官方字段页。
Techno,Nod,Text,Yuri,community-reference-inferred-yuri-20260603,推断型字段：Nod / Techno 暂未完成官方逐条核验；根据字段名、所属 TechnoType 对象 上下文和既有社区资料线索，它可能用于对象行为、显示或引擎内部规则。取值格式仍按原 INI 资料或项目内实际用法确认。该说明仅作为 BuiltIn 宽松兜底，不能替代 ModEnc、Ares 或 Phobos 官方字段页。
Techno,NodAdvancedPower,Text,Yuri,community-reference-inferred-yuri-20260603,推断型字段：NodAdvancedPower / Techno 暂未完成官方逐条核验；根据字段名、所属 TechnoType 对象 上下文和既有社区资料线索，它可能用于建造条件、阵营可用性或生产经济。取值格式仍按原 INI 资料或项目内实际用法确认。该说明仅作为 BuiltIn 宽松兜底，不能替代 ModEnc、Ares 或 Phobos 官方字段页。
Techno,NodAIBuildsWalls,Text,Yuri,community-reference-inferred-yuri-20260603,推断型字段：NodAIBuildsWalls / Techno 暂未完成官方逐条核验；根据字段名、所属 TechnoType 对象 上下文和既有社区资料线索，它可能用于AI 行为、目标选择或威胁评估，并可能涉及建造条件、阵营可用性或生产经济。取值格式仍按原 INI 资料或项目内实际用法确认。该说明仅作为 BuiltIn 宽松兜底，不能替代 ModEnc、Ares 或 Phobos 官方字段页。
Techno,NODBarracks,Text,Yuri,community-reference-inferred-yuri-20260603,推断型字段：NODBarracks / Techno 暂未完成官方逐条核验；根据字段名、所属 TechnoType 对象 上下文和既有社区资料线索，它可能用于对象行为、显示或引擎内部规则。取值格式仍按原 INI 资料或项目内实际用法确认。该说明仅作为 BuiltIn 宽松兜底，不能替代 ModEnc、Ares 或 Phobos 官方字段页。
Techno,NodGateOne,Text,Yuri,community-reference-inferred-yuri-20260603,推断型字段：NodGateOne / Techno 暂未完成官方逐条核验；根据字段名、所属 TechnoType 对象 上下文和既有社区资料线索，它可能用于资源、矿石、回收或经济收益。取值格式仍按原 INI 资料或项目内实际用法确认。该说明仅作为 BuiltIn 宽松兜底，不能替代 ModEnc、Ares 或 Phobos 官方字段页。
Techno,NodGateTwo,Text,Yuri,community-reference-inferred-yuri-20260603,推断型字段：NodGateTwo / Techno 暂未完成官方逐条核验；根据字段名、所属 TechnoType 对象 上下文和既有社区资料线索，它可能用于对象行为、显示或引擎内部规则。取值格式仍按原 INI 资料或项目内实际用法确认。该说明仅作为 BuiltIn 宽松兜底，不能替代 ModEnc、Ares 或 Phobos 官方字段页。
Techno,NodHunterSeeker,Text,Yuri,community-reference-inferred-yuri-20260603,推断型字段：NodHunterSeeker / Techno 暂未完成官方逐条核验；根据字段名、所属 TechnoType 对象 上下文和既有社区资料线索，它可能用于AI 行为、目标选择或威胁评估。取值格式仍按原 INI 资料或项目内实际用法确认。该说明仅作为 BuiltIn 宽松兜底，不能替代 ModEnc、Ares 或 Phobos 官方字段页。
Techno,NoManualMove,Boolean,Phobos,community-reference-inferred-phobos-20260603,推断型字段：NoManualMove / Techno 暂未完成官方逐条核验；根据字段名、所属 TechnoType 对象 上下文和既有社区资料线索，它可能用于移动、寻路、部署或运动限制，并可能涉及超级武器或特殊效果逻辑。通常按 yes/no 布尔值理解。该说明仅作为 BuiltIn 宽松兜底，不能替代 ModEnc、Ares 或 Phobos 官方字段页。
Techno,Nominal,Text,Yuri,community-reference-inferred-yuri-20260603,推断型字段：Nominal / Techno 暂未完成官方逐条核验；根据字段名、所属 TechnoType 对象 上下文和既有社区资料线索，它可能用于数值阈值、间隔、次数或概率参数。取值格式仍按原 INI 资料或项目内实际用法确认。该说明仅作为 BuiltIn 宽松兜底，不能替代 ModEnc、Ares 或 Phobos 官方字段页。
Techno,NonVehicle,Text,Yuri,community-reference-inferred-yuri-20260603,推断型字段：NonVehicle / Techno 暂未完成官方逐条核验；根据字段名、所属 TechnoType 对象 上下文和既有社区资料线索，它可能用于对象行为、显示或引擎内部规则。取值格式仍按原 INI 资料或项目内实际用法确认。该说明仅作为 BuiltIn 宽松兜底，不能替代 ModEnc、Ares 或 Phobos 官方字段页。
Techno,NoParachuteMaxFallRate,Text,Yuri,community-reference-inferred-yuri-20260603,推断型字段：NoParachuteMaxFallRate / Techno 暂未完成官方逐条核验；根据字段名、所属 TechnoType 对象 上下文和既有社区资料线索，它可能用于数值阈值、间隔、次数或概率参数，并可能涉及移动、寻路、部署或运动限制。取值格式仍按原 INI 资料或项目内实际用法确认。该说明仅作为 BuiltIn 宽松兜底，不能替代 ModEnc、Ares 或 Phobos 官方字段页。
Techno,NoQueueUpToEnter,Boolean,Phobos,community-reference-inferred-phobos-20260603,推断型字段：NoQueueUpToEnter / Techno 暂未完成官方逐条核验；根据字段名、所属 TechnoType 对象 上下文和既有社区资料线索，它可能用于超级武器或特殊效果逻辑，并可能涉及建造条件、阵营可用性或生产经济。通常按 yes/no 布尔值理解。该说明仅作为 BuiltIn 宽松兜底，不能替代 ModEnc、Ares 或 Phobos 官方字段页。
Techno,NoQueueUpToEnter.Buildings,Boolean,Phobos,community-reference-inferred-phobos-20260603,推断型字段：NoQueueUpToEnter.Buildings / Techno 暂未完成官方逐条核验；根据字段名、所属 TechnoType 对象 上下文和既有社区资料线索，它可能用于建造条件、阵营可用性或生产经济，并可能涉及超级武器或特殊效果逻辑。通常按 yes/no 布尔值理解。该说明仅作为 BuiltIn 宽松兜底，不能替代 ModEnc、Ares 或 Phobos 官方字段页。
Techno,NoQueueUpToUnload,Boolean,Phobos,community-reference-inferred-phobos-20260603,推断型字段：NoQueueUpToUnload / Techno 暂未完成官方逐条核验；根据字段名、所属 TechnoType 对象 上下文和既有社区资料线索，它可能用于部署、运输、乘员或形态切换，并可能涉及超级武器或特殊效果逻辑。通常按 yes/no 布尔值理解。该说明仅作为 BuiltIn 宽松兜底，不能替代 ModEnc、Ares 或 Phobos 官方字段页。
Techno,NoQueueUpToUnload.Buildings,Boolean,Phobos,community-reference-inferred-phobos-20260603,推断型字段：NoQueueUpToUnload.Buildings / Techno 暂未完成官方逐条核验；根据字段名、所属 TechnoType 对象 上下文和既有社区资料线索，它可能用于部署、运输、乘员或形态切换，并可能涉及建造条件、阵营可用性或生产经济。通常按 yes/no 布尔值理解。该说明仅作为 BuiltIn 宽松兜底，不能替代 ModEnc、Ares 或 Phobos 官方字段页。
Techno,NoRearm.Temporal,Boolean,Phobos,community-reference-inferred-phobos-20260603,推断型字段：NoRearm.Temporal / Techno 暂未完成官方逐条核验；根据字段名、所属 TechnoType 对象 上下文和既有社区资料线索，它可能用于超级武器或特殊效果逻辑。通常按 yes/no 布尔值理解。该说明仅作为 BuiltIn 宽松兜底，不能替代 ModEnc、Ares 或 Phobos 官方字段页。
Techno,NoRearm.UnderEMP,Boolean,Phobos,community-reference-inferred-phobos-20260603,推断型字段：NoRearm.UnderEMP / Techno 暂未完成官方逐条核验；根据字段名、所属 TechnoType 对象 上下文和既有社区资料线索，它可能用于超级武器或特殊效果逻辑。通常按 yes/no 布尔值理解。该说明仅作为 BuiltIn 宽松兜底，不能替代 ModEnc、Ares 或 Phobos 官方字段页。
Techno,NoReload.Temporal,Boolean,Phobos,community-reference-inferred-phobos-20260603,推断型字段：NoReload.Temporal / Techno 暂未完成官方逐条核验；根据字段名、所属 TechnoType 对象 上下文和既有社区资料线索，它可能用于超级武器或特殊效果逻辑，并可能涉及部署、运输、乘员或形态切换。通常按 yes/no 布尔值理解。该说明仅作为 BuiltIn 宽松兜底，不能替代 ModEnc、Ares 或 Phobos 官方字段页。
Techno,NoReload.UnderEMP,Boolean,Phobos,community-reference-inferred-phobos-20260603,推断型字段：NoReload.UnderEMP / Techno 暂未完成官方逐条核验；根据字段名、所属 TechnoType 对象 上下文和既有社区资料线索，它可能用于超级武器或特殊效果逻辑，并可能涉及部署、运输、乘员或形态切换。通常按 yes/no 布尔值理解。该说明仅作为 BuiltIn 宽松兜底，不能替代 ModEnc、Ares 或 Phobos 官方字段页。
Techno,NormalTargetingDelay,Text,Yuri,community-reference-inferred-yuri-20260603,推断型字段：NormalTargetingDelay / Techno 暂未完成官方逐条核验；根据字段名、所属 TechnoType 对象 上下文和既有社区资料线索，它可能用于AI 行为、目标选择或威胁评估，并可能涉及数值阈值、间隔、次数或概率参数。取值格式仍按原 INI 资料或项目内实际用法确认。该说明仅作为 BuiltIn 宽松兜底，不能替代 ModEnc、Ares 或 Phobos 官方字段页。
Techno,NoSecondaryWeaponFallback,Boolean,Phobos,community-reference-inferred-phobos-20260603,推断型字段：NoSecondaryWeaponFallback / Techno 暂未完成官方逐条核验；根据字段名、所属 TechnoType 对象 上下文和既有社区资料线索，它可能用于武器、开火或投射表现，并可能涉及超级武器或特殊效果逻辑。通常按 yes/no 布尔值理解。该说明仅作为 BuiltIn 宽松兜底，不能替代 ModEnc、Ares 或 Phobos 官方字段页。
Techno,NoSecondaryWeaponFallback.AllowAA,Boolean,Phobos,community-reference-inferred-phobos-20260603,推断型字段：NoSecondaryWeaponFallback.AllowAA / Techno 暂未完成官方逐条核验；根据字段名、所属 TechnoType 对象 上下文和既有社区资料线索，它可能用于武器、开火或投射表现，并可能涉及列表型条件、允许/禁止关系或筛选规则。通常按 yes/no 布尔值理解。该说明仅作为 BuiltIn 宽松兜底，不能替代 ModEnc、Ares 或 Phobos 官方字段页。
Techno,NoShadow,Text,Yuri,community-reference-inferred-yuri-20260603,推断型字段：NoShadow / Techno 暂未完成官方逐条核验；根据字段名、所属 TechnoType 对象 上下文和既有社区资料线索，它可能用于图像、动画、炮口坐标或 UI 表现，并可能涉及超级武器或特殊效果逻辑。取值格式仍按原 INI 资料或项目内实际用法确认。该说明仅作为 BuiltIn 宽松兜底，不能替代 ModEnc、Ares 或 Phobos 官方字段页。
Techno,NoThreat,Text,Yuri,community-reference-inferred-yuri-20260603,推断型字段：NoThreat / Techno 暂未完成官方逐条核验；根据字段名、所属 TechnoType 对象 上下文和既有社区资料线索，它可能用于AI 行为、目标选择或威胁评估，并可能涉及超级武器或特殊效果逻辑。取值格式仍按原 INI 资料或项目内实际用法确认。该说明仅作为 BuiltIn 宽松兜底，不能替代 ModEnc、Ares 或 Phobos 官方字段页。
Techno,NotHuman,Text,Yuri,community-reference-inferred-yuri-20260603,推断型字段：NotHuman / Techno 暂未完成官方逐条核验；根据字段名、所属 TechnoType 对象 上下文和既有社区资料线索，它可能用于对象行为、显示或引擎内部规则。取值格式仍按原 INI 资料或项目内实际用法确认。该说明仅作为 BuiltIn 宽松兜底，不能替代 ModEnc、Ares 或 Phobos 官方字段页。
Techno,NotWorkingSound,Text,Yuri,community-reference-inferred-yuri-20260603,推断型字段：NotWorkingSound / Techno 暂未完成官方逐条核验；根据字段名、所属 TechnoType 对象 上下文和既有社区资料线索，它可能用于声音、语音或 EVA 提示。取值格式仍按原 INI 资料或项目内实际用法确认。该说明仅作为 BuiltIn 宽松兜底，不能替代 ModEnc、Ares 或 Phobos 官方字段页。
Techno,NoUseTileLandType,Text,Yuri,community-reference-inferred-yuri-20260603,推断型字段：NoUseTileLandType / Techno 暂未完成官方逐条核验；根据字段名、所属 TechnoType 对象 上下文和既有社区资料线索，它可能用于建造条件、阵营可用性或生产经济，并可能涉及武器、开火或投射表现。取值格式仍按原 INI 资料或项目内实际用法确认。该说明仅作为 BuiltIn 宽松兜底，不能替代 ModEnc、Ares 或 Phobos 官方字段页。
Techno,NoWobbles,Boolean,Phobos,community-reference-inferred-phobos-20260603,推断型字段：NoWobbles / Techno 暂未完成官方逐条核验；根据字段名、所属 TechnoType 对象 上下文和既有社区资料线索，它可能用于超级武器或特殊效果逻辑。通常按 yes/no 布尔值理解。该说明仅作为 BuiltIn 宽松兜底，不能替代 ModEnc、Ares 或 Phobos 官方字段页。
Techno,NukeDown,Text,Yuri,community-reference-inferred-yuri-20260603,推断型字段：NukeDown / Techno 暂未完成官方逐条核验；根据字段名、所属 TechnoType 对象 上下文和既有社区资料线索，它可能用于超级武器或特殊效果逻辑。取值格式仍按原 INI 资料或项目内实际用法确认。该说明仅作为 BuiltIn 宽松兜底，不能替代 ModEnc、Ares 或 Phobos 官方字段页。
Techno,NukeMaker,Text,Yuri,community-reference-inferred-yuri-20260603,推断型字段：NukeMaker / Techno 暂未完成官方逐条核验；根据字段名、所属 TechnoType 对象 上下文和既有社区资料线索，它可能用于超级武器或特殊效果逻辑。取值格式仍按原 INI 资料或项目内实际用法确认。该说明仅作为 BuiltIn 宽松兜底，不能替代 ModEnc、Ares 或 Phobos 官方字段页。
Techno,NukeProjectile,Text,Yuri,community-reference-inferred-yuri-20260603,推断型字段：NukeProjectile / Techno 暂未完成官方逐条核验；根据字段名、所属 TechnoType 对象 上下文和既有社区资料线索，它可能用于武器、开火或投射表现，并可能涉及超级武器或特殊效果逻辑。取值格式仍按原 INI 资料或项目内实际用法确认。该说明仅作为 BuiltIn 宽松兜底，不能替代 ModEnc、Ares 或 Phobos 官方字段页。
Techno,NukeTakeOff,Text,Yuri,community-reference-inferred-yuri-20260603,推断型字段：NukeTakeOff / Techno 暂未完成官方逐条核验；根据字段名、所属 TechnoType 对象 上下文和既有社区资料线索，它可能用于图像、动画、炮口坐标或 UI 表现，并可能涉及超级武器或特殊效果逻辑。取值格式仍按原 INI 资料或项目内实际用法确认。该说明仅作为 BuiltIn 宽松兜底，不能替代 ModEnc、Ares 或 Phobos 官方字段页。
Techno,NukeWarhead,Text,Yuri,community-reference-inferred-yuri-20260603,推断型字段：NukeWarhead / Techno 暂未完成官方逐条核验；根据字段名、所属 TechnoType 对象 上下文和既有社区资料线索，它可能用于武器、开火或投射表现，并可能涉及超级武器或特殊效果逻辑。取值格式仍按原 INI 资料或项目内实际用法确认。该说明仅作为 BuiltIn 宽松兜底，不能替代 ModEnc、Ares 或 Phobos 官方字段页。
Techno,NumberImpassableRows,Text,Yuri,community-reference-inferred-yuri-20260603,推断型字段：NumberImpassableRows / Techno 暂未完成官方逐条核验；根据字段名、所属 TechnoType 对象 上下文和既有社区资料线索，它可能用于对象行为、显示或引擎内部规则。取值格式仍按原 INI 资料或项目内实际用法确认。该说明仅作为 BuiltIn 宽松兜底，不能替代 ModEnc、Ares 或 Phobos 官方字段页。
Techno,NumberOfDocks,Text,Yuri,community-reference-inferred-yuri-20260603,推断型字段：NumberOfDocks / Techno 暂未完成官方逐条核验；根据字段名、所属 TechnoType 对象 上下文和既有社区资料线索，它可能用于武器、开火或投射表现，并可能涉及移动、寻路、部署或运动限制。取值格式仍按原 INI 资料或项目内实际用法确认。该说明仅作为 BuiltIn 宽松兜底，不能替代 ModEnc、Ares 或 Phobos 官方字段页。
Techno,NumLoopFrames,Text,Yuri,community-reference-inferred-yuri-20260603,推断型字段：NumLoopFrames / Techno 暂未完成官方逐条核验；根据字段名、所属 TechnoType 对象 上下文和既有社区资料线索，它可能用于图像、动画、炮口坐标或 UI 表现。取值格式仍按原 INI 资料或项目内实际用法确认。该说明仅作为 BuiltIn 宽松兜底，不能替代 ModEnc、Ares 或 Phobos 官方字段页。
Techno,Occupier,Text,Yuri,community-reference-inferred-yuri-20260603,推断型字段：Occupier / Techno 暂未完成官方逐条核验；根据字段名、所属 TechnoType 对象 上下文和既有社区资料线索，它可能用于对象行为、显示或引擎内部规则。取值格式仍按原 INI 资料或项目内实际用法确认。该说明仅作为 BuiltIn 宽松兜底，不能替代 ModEnc、Ares 或 Phobos 官方字段页。
Techno,OneFrameLight,Text,Yuri,community-reference-inferred-yuri-20260603,推断型字段：OneFrameLight / Techno 暂未完成官方逐条核验；根据字段名、所属 TechnoType 对象 上下文和既有社区资料线索，它可能用于图像、动画、炮口坐标或 UI 表现，并可能涉及资源、矿石、回收或经济收益。取值格式仍按原 INI 资料或项目内实际用法确认。该说明仅作为 BuiltIn 宽松兜底，不能替代 ModEnc、Ares 或 Phobos 官方字段页。
Techno,OnFire,Text,Yuri,community-reference-inferred-yuri-20260603,推断型字段：OnFire / Techno 暂未完成官方逐条核验；根据字段名、所属 TechnoType 对象 上下文和既有社区资料线索，它可能用于武器、开火或投射表现，并可能涉及超级武器或特殊效果逻辑。取值格式仍按原 INI 资料或项目内实际用法确认。该说明仅作为 BuiltIn 宽松兜底，不能替代 ModEnc、Ares 或 Phobos 官方字段页。
Techno,Operator,Reference,Ares,community-reference-inferred-ares-20260603,推断型字段：Operator / Techno 暂未完成官方逐条核验；根据字段名、所属 TechnoType 对象 上下文和既有社区资料线索，它可能用于对象行为、显示或引擎内部规则。通常引用另一类 INI 对象或资源 ID。该说明仅作为 BuiltIn 宽松兜底，不能替代 ModEnc、Ares 或 Phobos 官方字段页。
Techno,OptionsChanged,Reference,Yuri,community-reference-inferred-yuri-20260603,推断型字段：OptionsChanged / Techno 暂未完成官方逐条核验；根据字段名、所属 TechnoType 对象 上下文和既有社区资料线索，它可能用于超级武器或特殊效果逻辑。通常引用另一类 INI 对象或资源 ID。该说明仅作为 BuiltIn 宽松兜底，不能替代 ModEnc、Ares 或 Phobos 官方字段页。
Techno,OreGathering.Anims,Reference,Phobos,community-reference-inferred-phobos-20260603,推断型字段：OreGathering.Anims / Techno 暂未完成官方逐条核验；根据字段名、所属 TechnoType 对象 上下文和既有社区资料线索，它可能用于图像、动画、炮口坐标或 UI 表现，并可能涉及资源、矿石、回收或经济收益。通常引用另一类 INI 对象或资源 ID。该说明仅作为 BuiltIn 宽松兜底，不能替代 ModEnc、Ares 或 Phobos 官方字段页。
Techno,OreGathering.Tiberiums,MultiSelect,Phobos,community-reference-inferred-phobos-20260603,推断型字段：OreGathering.Tiberiums / Techno 暂未完成官方逐条核验；根据字段名、所属 TechnoType 对象 上下文和既有社区资料线索，它可能用于资源、矿石、回收或经济收益。通常按逗号分隔的枚举/列表值理解。该说明仅作为 BuiltIn 宽松兜底，不能替代 ModEnc、Ares 或 Phobos 官方字段页。
Techno,OrePurifier,Text,Yuri,community-reference-inferred-yuri-20260603,推断型字段：OrePurifier / Techno 暂未完成官方逐条核验；根据字段名、所属 TechnoType 对象 上下文和既有社区资料线索，它可能用于资源、矿石、回收或经济收益。取值格式仍按原 INI 资料或项目内实际用法确认。该说明仅作为 BuiltIn 宽松兜底，不能替代 ModEnc、Ares 或 Phobos 官方字段页。
Techno,OreTwinkle,Text,Yuri,community-reference-inferred-yuri-20260603,推断型字段：OreTwinkle / Techno 暂未完成官方逐条核验；根据字段名、所属 TechnoType 对象 上下文和既有社区资料线索，它可能用于资源、矿石、回收或经济收益。取值格式仍按原 INI 资料或项目内实际用法确认。该说明仅作为 BuiltIn 宽松兜底，不能替代 ModEnc、Ares 或 Phobos 官方字段页。
Techno,OreTwinkleChance,Text,Yuri,community-reference-inferred-yuri-20260603,推断型字段：OreTwinkleChance / Techno 暂未完成官方逐条核验；根据字段名、所属 TechnoType 对象 上下文和既有社区资料线索，它可能用于资源、矿石、回收或经济收益，并可能涉及数值阈值、间隔、次数或概率参数。取值格式仍按原 INI 资料或项目内实际用法确认。该说明仅作为 BuiltIn 宽松兜底，不能替代 ModEnc、Ares 或 Phobos 官方字段页。
Techno,Organic,Text,Yuri,community-reference-inferred-yuri-20260603,推断型字段：Organic / Techno 暂未完成官方逐条核验；根据字段名、所属 TechnoType 对象 上下文和既有社区资料线索，它可能用于对象行为、显示或引擎内部规则。取值格式仍按原 INI 资料或项目内实际用法确认。该说明仅作为 BuiltIn 宽松兜底，不能替代 ModEnc、Ares 或 Phobos 官方字段页。
Techno,Overload.Count,Integer,Phobos,community-reference-inferred-phobos-20260603,推断型字段：Overload.Count / Techno 暂未完成官方逐条核验；根据字段名、所属 TechnoType 对象 上下文和既有社区资料线索，它可能用于部署、运输、乘员或形态切换，并可能涉及数值阈值、间隔、次数或概率参数。通常按整数参数理解。该说明仅作为 BuiltIn 宽松兜底，不能替代 ModEnc、Ares 或 Phobos 官方字段页。
Techno,Overload.Damage,Integer,Phobos,community-reference-inferred-phobos-20260603,推断型字段：Overload.Damage / Techno 暂未完成官方逐条核验；根据字段名、所属 TechnoType 对象 上下文和既有社区资料线索，它可能用于生命值、护甲、伤害或修理倍率，并可能涉及部署、运输、乘员或形态切换。通常按整数参数理解。该说明仅作为 BuiltIn 宽松兜底，不能替代 ModEnc、Ares 或 Phobos 官方字段页。
Techno,Overload.DeathSound,Reference,Phobos,community-reference-inferred-phobos-20260603,推断型字段：Overload.DeathSound / Techno 暂未完成官方逐条核验；根据字段名、所属 TechnoType 对象 上下文和既有社区资料线索，它可能用于武器、开火或投射表现，并可能涉及部署、运输、乘员或形态切换。通常引用另一类 INI 对象或资源 ID。该说明仅作为 BuiltIn 宽松兜底，不能替代 ModEnc、Ares 或 Phobos 官方字段页。
Techno,Overload.Frames,Integer,Phobos,community-reference-inferred-phobos-20260603,推断型字段：Overload.Frames / Techno 暂未完成官方逐条核验；根据字段名、所属 TechnoType 对象 上下文和既有社区资料线索，它可能用于部署、运输、乘员或形态切换，并可能涉及图像、动画、炮口坐标或 UI 表现。通常按整数参数理解。该说明仅作为 BuiltIn 宽松兜底，不能替代 ModEnc、Ares 或 Phobos 官方字段页。
Techno,Overload.ParticleSys,Text,Phobos,community-reference-inferred-phobos-20260603,推断型字段：Overload.ParticleSys / Techno 暂未完成官方逐条核验；根据字段名、所属 TechnoType 对象 上下文和既有社区资料线索，它可能用于部署、运输、乘员或形态切换。取值格式仍按原 INI 资料或项目内实际用法确认。该说明仅作为 BuiltIn 宽松兜底，不能替代 ModEnc、Ares 或 Phobos 官方字段页。
Techno,Overload.ParticleSysCount,Integer,Phobos,community-reference-inferred-phobos-20260603,推断型字段：Overload.ParticleSysCount / Techno 暂未完成官方逐条核验；根据字段名、所属 TechnoType 对象 上下文和既有社区资料线索，它可能用于部署、运输、乘员或形态切换，并可能涉及数值阈值、间隔、次数或概率参数。通常按整数参数理解。该说明仅作为 BuiltIn 宽松兜底，不能替代 ModEnc、Ares 或 Phobos 官方字段页。
Techno,Overrides,Text,Yuri,community-reference-inferred-yuri-20260603,推断型字段：Overrides / Techno 暂未完成官方逐条核验；根据字段名、所属 TechnoType 对象 上下文和既有社区资料线索，它可能用于对象行为、显示或引擎内部规则。取值格式仍按原 INI 资料或项目内实际用法确认。该说明仅作为 BuiltIn 宽松兜底，不能替代 ModEnc、Ares 或 Phobos 官方字段页。
Techno,PackupSound,Reference,Yuri,community-reference-inferred-yuri-20260603,推断型字段：PackupSound / Techno 暂未完成官方逐条核验；根据字段名、所属 TechnoType 对象 上下文和既有社区资料线索，它可能用于声音、语音或 EVA 提示。通常引用另一类 INI 对象或资源 ID。该说明仅作为 BuiltIn 宽松兜底，不能替代 ModEnc、Ares 或 Phobos 官方字段页。
Techno,PadAircraft,Text,Yuri,community-reference-inferred-yuri-20260603,推断型字段：PadAircraft / Techno 暂未完成官方逐条核验；根据字段名、所属 TechnoType 对象 上下文和既有社区资料线索，它可能用于AI 行为、目标选择或威胁评估。取值格式仍按原 INI 资料或项目内实际用法确认。该说明仅作为 BuiltIn 宽松兜底，不能替代 ModEnc、Ares 或 Phobos 官方字段页。
Techno,Parachute,Text,Yuri,community-reference-inferred-yuri-20260603,推断型字段：Parachute / Techno 暂未完成官方逐条核验；根据字段名、所属 TechnoType 对象 上下文和既有社区资料线索，它可能用于对象行为、显示或引擎内部规则。取值格式仍按原 INI 资料或项目内实际用法确认。该说明仅作为 BuiltIn 宽松兜底，不能替代 ModEnc、Ares 或 Phobos 官方字段页。
Techno,ParachuteMaxFallRate,Text,Yuri,community-reference-inferred-yuri-20260603,推断型字段：ParachuteMaxFallRate / Techno 暂未完成官方逐条核验；根据字段名、所属 TechnoType 对象 上下文和既有社区资料线索，它可能用于数值阈值、间隔、次数或概率参数，并可能涉及移动、寻路、部署或运动限制。取值格式仍按原 INI 资料或项目内实际用法确认。该说明仅作为 BuiltIn 宽松兜底，不能替代 ModEnc、Ares 或 Phobos 官方字段页。
Techno,ParadropMission,Text,Phobos,community-reference-inferred-phobos-20260603,推断型字段：ParadropMission / Techno 暂未完成官方逐条核验；根据字段名、所属 TechnoType 对象 上下文和既有社区资料线索，它可能用于超级武器或特殊效果逻辑。取值格式仍按原 INI 资料或项目内实际用法确认。该说明仅作为 BuiltIn 宽松兜底，不能替代 ModEnc、Ares 或 Phobos 官方字段页。
Techno,ParadropRadius,Text,Yuri,community-reference-inferred-yuri-20260603,推断型字段：ParadropRadius / Techno 暂未完成官方逐条核验；根据字段名、所属 TechnoType 对象 上下文和既有社区资料线索，它可能用于超级武器或特殊效果逻辑。取值格式仍按原 INI 资料或项目内实际用法确认。该说明仅作为 BuiltIn 宽松兜底，不能替代 ModEnc、Ares 或 Phobos 官方字段页。
Techno,Paralyzed,Text,Yuri,community-reference-inferred-yuri-20260603,推断型字段：Paralyzed / Techno 暂未完成官方逐条核验；根据字段名、所属 TechnoType 对象 上下文和既有社区资料线索，它可能用于对象行为、显示或引擎内部规则。取值格式仍按原 INI 资料或项目内实际用法确认。该说明仅作为 BuiltIn 宽松兜底，不能替代 ModEnc、Ares 或 Phobos 官方字段页。
Techno,Paralyzes,Text,Yuri,community-reference-inferred-yuri-20260603,推断型字段：Paralyzes / Techno 暂未完成官方逐条核验；根据字段名、所属 TechnoType 对象 上下文和既有社区资料线索，它可能用于对象行为、显示或引擎内部规则。取值格式仍按原 INI 资料或项目内实际用法确认。该说明仅作为 BuiltIn 宽松兜底，不能替代 ModEnc、Ares 或 Phobos 官方字段页。
Techno,Parasite,Text,Yuri,community-reference-inferred-yuri-20260603,推断型字段：Parasite / Techno 暂未完成官方逐条核验；根据字段名、所属 TechnoType 对象 上下文和既有社区资料线索，它可能用于对象行为、显示或引擎内部规则。取值格式仍按原 INI 资料或项目内实际用法确认。该说明仅作为 BuiltIn 宽松兜底，不能替代 ModEnc、Ares 或 Phobos 官方字段页。
Techno,Parasiteable,Text,Yuri,community-reference-inferred-yuri-20260603,推断型字段：Parasiteable / Techno 暂未完成官方逐条核验；根据字段名、所属 TechnoType 对象 上下文和既有社区资料线索，它可能用于对象行为、显示或引擎内部规则。取值格式仍按原 INI 资料或项目内实际用法确认。该说明仅作为 BuiltIn 宽松兜底，不能替代 ModEnc、Ares 或 Phobos 官方字段页。
Techno,Paratrooper,Text,Yuri,community-reference-inferred-yuri-20260603,推断型字段：Paratrooper / Techno 暂未完成官方逐条核验；根据字段名、所属 TechnoType 对象 上下文和既有社区资料线索，它可能用于对象行为、显示或引擎内部规则。取值格式仍按原 INI 资料或项目内实际用法确认。该说明仅作为 BuiltIn 宽松兜底，不能替代 ModEnc、Ares 或 Phobos 官方字段页。
Techno,Particle,Text,Yuri,community-reference-inferred-yuri-20260603,推断型字段：Particle / Techno 暂未完成官方逐条核验；根据字段名、所属 TechnoType 对象 上下文和既有社区资料线索，它可能用于对象行为、显示或引擎内部规则。取值格式仍按原 INI 资料或项目内实际用法确认。该说明仅作为 BuiltIn 宽松兜底，不能替代 ModEnc、Ares 或 Phobos 官方字段页。
Techno,ParticleCap,Text,Yuri,community-reference-inferred-yuri-20260603,推断型字段：ParticleCap / Techno 暂未完成官方逐条核验；根据字段名、所属 TechnoType 对象 上下文和既有社区资料线索，它可能用于对象行为、显示或引擎内部规则。取值格式仍按原 INI 资料或项目内实际用法确认。该说明仅作为 BuiltIn 宽松兜底，不能替代 ModEnc、Ares 或 Phobos 官方字段页。
Techno,Particles,Text,Yuri,community-reference-inferred-yuri-20260603,推断型字段：Particles / Techno 暂未完成官方逐条核验；根据字段名、所属 TechnoType 对象 上下文和既有社区资料线索，它可能用于对象行为、显示或引擎内部规则。取值格式仍按原 INI 资料或项目内实际用法确认。该说明仅作为 BuiltIn 宽松兜底，不能替代 ModEnc、Ares 或 Phobos 官方字段页。
Techno,ParticlesPerCoord,Text,Yuri,community-reference-inferred-yuri-20260603,推断型字段：ParticlesPerCoord / Techno 暂未完成官方逐条核验；根据字段名、所属 TechnoType 对象 上下文和既有社区资料线索，它可能用于超级武器或特殊效果逻辑，并可能涉及数值阈值、间隔、次数或概率参数。取值格式仍按原 INI 资料或项目内实际用法确认。该说明仅作为 BuiltIn 宽松兜底，不能替代 ModEnc、Ares 或 Phobos 官方字段页。
Techno,ParticleSystem,Text,Yuri,community-reference-inferred-yuri-20260603,推断型字段：ParticleSystem / Techno 暂未完成官方逐条核验；根据字段名、所属 TechnoType 对象 上下文和既有社区资料线索，它可能用于对象行为、显示或引擎内部规则。取值格式仍按原 INI 资料或项目内实际用法确认。该说明仅作为 BuiltIn 宽松兜底，不能替代 ModEnc、Ares 或 Phobos 官方字段页。
Techno,PenetratesTransport.Level,Integer,Phobos,community-reference-inferred-phobos-20260603,推断型字段：PenetratesTransport.Level / Techno 暂未完成官方逐条核验；根据字段名、所属 TechnoType 对象 上下文和既有社区资料线索，它可能用于建造条件、阵营可用性或生产经济，并可能涉及部署、运输、乘员或形态切换。通常按整数参数理解。该说明仅作为 BuiltIn 宽松兜底，不能替代 ModEnc、Ares 或 Phobos 官方字段页。
Techno,Persistant,Text,Yuri,community-reference-inferred-yuri-20260603,推断型字段：Persistant / Techno 暂未完成官方逐条核验；根据字段名、所属 TechnoType 对象 上下文和既有社区资料线索，它可能用于对象行为、显示或引擎内部规则。取值格式仍按原 INI 资料或项目内实际用法确认。该说明仅作为 BuiltIn 宽松兜底，不能替代 ModEnc、Ares 或 Phobos 官方字段页。
Techno,Pilot,Text,Yuri,community-reference-inferred-yuri-20260603,推断型字段：Pilot / Techno 暂未完成官方逐条核验；根据字段名、所属 TechnoType 对象 上下文和既有社区资料线索，它可能用于生成物、乘员、残骸或派生单位。取值格式仍按原 INI 资料或项目内实际用法确认。该说明仅作为 BuiltIn 宽松兜底，不能替代 ModEnc、Ares 或 Phobos 官方字段页。
Techno,Pips.SelfHeal.Buildings,Integer,Phobos,community-reference-inferred-phobos-20260603,推断型字段：Pips.SelfHeal.Buildings / Techno 暂未完成官方逐条核验；根据字段名、所属 TechnoType 对象 上下文和既有社区资料线索，它可能用于生命值、护甲、伤害或修理倍率，并可能涉及建造条件、阵营可用性或生产经济。通常按整数参数理解。该说明仅作为 BuiltIn 宽松兜底，不能替代 ModEnc、Ares 或 Phobos 官方字段页。
Techno,Pips.SelfHeal.Buildings.Offset,Text,Phobos,community-reference-inferred-phobos-20260603,推断型字段：Pips.SelfHeal.Buildings.Offset / Techno 暂未完成官方逐条核验；根据字段名、所属 TechnoType 对象 上下文和既有社区资料线索，它可能用于生命值、护甲、伤害或修理倍率，并可能涉及建造条件、阵营可用性或生产经济。取值格式仍按原 INI 资料或项目内实际用法确认。该说明仅作为 BuiltIn 宽松兜底，不能替代 ModEnc、Ares 或 Phobos 官方字段页。
Techno,Pips.SelfHeal.Infantry,Integer,Phobos,community-reference-inferred-phobos-20260603,推断型字段：Pips.SelfHeal.Infantry / Techno 暂未完成官方逐条核验；根据字段名、所属 TechnoType 对象 上下文和既有社区资料线索，它可能用于生命值、护甲、伤害或修理倍率。通常按整数参数理解。该说明仅作为 BuiltIn 宽松兜底，不能替代 ModEnc、Ares 或 Phobos 官方字段页。
Techno,Pips.SelfHeal.Infantry.Offset,Text,Phobos,community-reference-inferred-phobos-20260603,推断型字段：Pips.SelfHeal.Infantry.Offset / Techno 暂未完成官方逐条核验；根据字段名、所属 TechnoType 对象 上下文和既有社区资料线索，它可能用于生命值、护甲、伤害或修理倍率，并可能涉及图像、动画、炮口坐标或 UI 表现。取值格式仍按原 INI 资料或项目内实际用法确认。该说明仅作为 BuiltIn 宽松兜底，不能替代 ModEnc、Ares 或 Phobos 官方字段页。
Techno,Pips.SelfHeal.Units,Integer,Phobos,community-reference-inferred-phobos-20260603,推断型字段：Pips.SelfHeal.Units / Techno 暂未完成官方逐条核验；根据字段名、所属 TechnoType 对象 上下文和既有社区资料线索，它可能用于生命值、护甲、伤害或修理倍率。通常按整数参数理解。该说明仅作为 BuiltIn 宽松兜底，不能替代 ModEnc、Ares 或 Phobos 官方字段页。
Techno,Pips.SelfHeal.Units.Offset,Text,Phobos,community-reference-inferred-phobos-20260603,推断型字段：Pips.SelfHeal.Units.Offset / Techno 暂未完成官方逐条核验；根据字段名、所属 TechnoType 对象 上下文和既有社区资料线索，它可能用于生命值、护甲、伤害或修理倍率，并可能涉及图像、动画、炮口坐标或 UI 表现。取值格式仍按原 INI 资料或项目内实际用法确认。该说明仅作为 BuiltIn 宽松兜底，不能替代 ModEnc、Ares 或 Phobos 官方字段页。
Techno,PlaceAnywhere,Text,Yuri,community-reference-inferred-yuri-20260603,推断型字段：PlaceAnywhere / Techno 暂未完成官方逐条核验；根据字段名、所属 TechnoType 对象 上下文和既有社区资料线索，它可能用于对象行为、显示或引擎内部规则。取值格式仍按原 INI 资料或项目内实际用法确认。该说明仅作为 BuiltIn 宽松兜底，不能替代 ModEnc、Ares 或 Phobos 官方字段页。
Techno,PlaceBeaconSound,Reference,Yuri,community-reference-inferred-yuri-20260603,推断型字段：PlaceBeaconSound / Techno 暂未完成官方逐条核验；根据字段名、所属 TechnoType 对象 上下文和既有社区资料线索，它可能用于声音、语音或 EVA 提示。通常引用另一类 INI 对象或资源 ID。该说明仅作为 BuiltIn 宽松兜底，不能替代 ModEnc、Ares 或 Phobos 官方字段页。
Techno,PlacementDelay,Text,Yuri,community-reference-inferred-yuri-20260603,推断型字段：PlacementDelay / Techno 暂未完成官方逐条核验；根据字段名、所属 TechnoType 对象 上下文和既有社区资料线索，它可能用于数值阈值、间隔、次数或概率参数。取值格式仍按原 INI 资料或项目内实际用法确认。该说明仅作为 BuiltIn 宽松兜底，不能替代 ModEnc、Ares 或 Phobos 官方字段页。
Techno,PlacementGrid.Translucency,Text,Phobos,community-reference-inferred-phobos-20260603,推断型字段：PlacementGrid.Translucency / Techno 暂未完成官方逐条核验；根据字段名、所属 TechnoType 对象 上下文和既有社区资料线索，它可能用于对象行为、显示或引擎内部规则。取值格式仍按原 INI 资料或项目内实际用法确认。该说明仅作为 BuiltIn 宽松兜底，不能替代 ModEnc、Ares 或 Phobos 官方字段页。
Techno,PlacementGrid.TranslucencyWithPreview,Text,Phobos,community-reference-inferred-phobos-20260603,推断型字段：PlacementGrid.TranslucencyWithPreview / Techno 暂未完成官方逐条核验；根据字段名、所属 TechnoType 对象 上下文和既有社区资料线索，它可能用于对象行为、显示或引擎内部规则。取值格式仍按原 INI 资料或项目内实际用法确认。该说明仅作为 BuiltIn 宽松兜底，不能替代 ModEnc、Ares 或 Phobos 官方字段页。
Techno,PlacementPreview,Boolean,Phobos,community-reference-inferred-phobos-20260603,推断型字段：PlacementPreview / Techno 暂未完成官方逐条核验；根据字段名、所属 TechnoType 对象 上下文和既有社区资料线索，它可能用于对象行为、显示或引擎内部规则。通常按 yes/no 布尔值理解。该说明仅作为 BuiltIn 宽松兜底，不能替代 ModEnc、Ares 或 Phobos 官方字段页。
Techno,PlacementPreview.Translucency,Text,Phobos,community-reference-inferred-phobos-20260603,推断型字段：PlacementPreview.Translucency / Techno 暂未完成官方逐条核验；根据字段名、所属 TechnoType 对象 上下文和既有社区资料线索，它可能用于对象行为、显示或引擎内部规则。取值格式仍按原 INI 资料或项目内实际用法确认。该说明仅作为 BuiltIn 宽松兜底，不能替代 ModEnc、Ares 或 Phobos 官方字段页。
Techno,PlayerAttackMoveTargetingDelay,Integer,Phobos,community-reference-inferred-phobos-20260603,推断型字段：PlayerAttackMoveTargetingDelay / Techno 暂未完成官方逐条核验；根据字段名、所属 TechnoType 对象 上下文和既有社区资料线索，它可能用于移动、寻路、部署或运动限制，并可能涉及AI 行为、目标选择或威胁评估。通常按整数参数理解。该说明仅作为 BuiltIn 宽松兜底，不能替代 ModEnc、Ares 或 Phobos 官方字段页。
Techno,PlayerAutoCrush,Text,Yuri,community-reference-inferred-yuri-20260603,推断型字段：PlayerAutoCrush / Techno 暂未完成官方逐条核验；根据字段名、所属 TechnoType 对象 上下文和既有社区资料线索，它可能用于移动、寻路、部署或运动限制。取值格式仍按原 INI 资料或项目内实际用法确认。该说明仅作为 BuiltIn 宽松兜底，不能替代 ModEnc、Ares 或 Phobos 官方字段页。
Techno,PlayerGuardAreaTargetingDelay,Integer,Phobos,community-reference-inferred-phobos-20260603,推断型字段：PlayerGuardAreaTargetingDelay / Techno 暂未完成官方逐条核验；根据字段名、所属 TechnoType 对象 上下文和既有社区资料线索，它可能用于AI 行为、目标选择或威胁评估，并可能涉及数值阈值、间隔、次数或概率参数。通常按整数参数理解。该说明仅作为 BuiltIn 宽松兜底，不能替代 ModEnc、Ares 或 Phobos 官方字段页。
Techno,PlayerJoined,Reference,Yuri,community-reference-inferred-yuri-20260603,推断型字段：PlayerJoined / Techno 暂未完成官方逐条核验；根据字段名、所属 TechnoType 对象 上下文和既有社区资料线索，它可能用于对象行为、显示或引擎内部规则。通常引用另一类 INI 对象或资源 ID。该说明仅作为 BuiltIn 宽松兜底，不能替代 ModEnc、Ares 或 Phobos 官方字段页。
Techno,PlayerLeft,Reference,Yuri,community-reference-inferred-yuri-20260603,推断型字段：PlayerLeft / Techno 暂未完成官方逐条核验；根据字段名、所属 TechnoType 对象 上下文和既有社区资料线索，它可能用于对象行为、显示或引擎内部规则。通常引用另一类 INI 对象或资源 ID。该说明仅作为 BuiltIn 宽松兜底，不能替代 ModEnc、Ares 或 Phobos 官方字段页。
Techno,PlayerNormalTargetingDelay,Integer,Phobos,community-reference-inferred-phobos-20260603,推断型字段：PlayerNormalTargetingDelay / Techno 暂未完成官方逐条核验；根据字段名、所属 TechnoType 对象 上下文和既有社区资料线索，它可能用于AI 行为、目标选择或威胁评估，并可能涉及数值阈值、间隔、次数或概率参数。通常按整数参数理解。该说明仅作为 BuiltIn 宽松兜底，不能替代 ModEnc、Ares 或 Phobos 官方字段页。
Techno,PlayerReturnFire,Text,Yuri,community-reference-inferred-yuri-20260603,推断型字段：PlayerReturnFire / Techno 暂未完成官方逐条核验；根据字段名、所属 TechnoType 对象 上下文和既有社区资料线索，它可能用于武器、开火或投射表现，并可能涉及移动、寻路、部署或运动限制。取值格式仍按原 INI 资料或项目内实际用法确认。该说明仅作为 BuiltIn 宽松兜底，不能替代 ModEnc、Ares 或 Phobos 官方字段页。
Techno,Players,Text,Yuri,community-reference-inferred-yuri-20260603,推断型字段：Players / Techno 暂未完成官方逐条核验；根据字段名、所属 TechnoType 对象 上下文和既有社区资料线索，它可能用于对象行为、显示或引擎内部规则。取值格式仍按原 INI 资料或项目内实际用法确认。该说明仅作为 BuiltIn 宽松兜底，不能替代 ModEnc、Ares 或 Phobos 官方字段页。
Techno,PlayerScatter,Text,Yuri,community-reference-inferred-yuri-20260603,推断型字段：PlayerScatter / Techno 暂未完成官方逐条核验；根据字段名、所属 TechnoType 对象 上下文和既有社区资料线索，它可能用于对象行为、显示或引擎内部规则。取值格式仍按原 INI 资料或项目内实际用法确认。该说明仅作为 BuiltIn 宽松兜底，不能替代 ModEnc、Ares 或 Phobos 官方字段页。
Techno,PoseDir,Text,Yuri,community-reference-inferred-yuri-20260603,推断型字段：PoseDir / Techno 暂未完成官方逐条核验；根据字段名、所属 TechnoType 对象 上下文和既有社区资料线索，它可能用于对象行为、显示或引擎内部规则。取值格式仍按原 INI 资料或项目内实际用法确认。该说明仅作为 BuiltIn 宽松兜底，不能替代 ModEnc、Ares 或 Phobos 官方字段页。
Techno,PositionPerturbutationCoefficient,Text,Yuri,community-reference-inferred-yuri-20260603,推断型字段：PositionPerturbutationCoefficient / Techno 暂未完成官方逐条核验；根据字段名、所属 TechnoType 对象 上下文和既有社区资料线索，它可能用于超级武器或特殊效果逻辑。取值格式仍按原 INI 资料或项目内实际用法确认。该说明仅作为 BuiltIn 宽松兜底，不能替代 ModEnc、Ares 或 Phobos 官方字段页。
Techno,PowersUpToLevel,Text,Yuri,community-reference-inferred-yuri-20260603,推断型字段：PowersUpToLevel / Techno 暂未完成官方逐条核验；根据字段名、所属 TechnoType 对象 上下文和既有社区资料线索，它可能用于建造条件、阵营可用性或生产经济，并可能涉及移动、寻路、部署或运动限制。取值格式仍按原 INI 资料或项目内实际用法确认。该说明仅作为 BuiltIn 宽松兜底，不能替代 ModEnc、Ares 或 Phobos 官方字段页。
Techno,PowerUpNLocYY,Text,Yuri,community-reference-inferred-yuri-20260603,推断型字段：PowerUpNLocYY / Techno 暂未完成官方逐条核验；根据字段名、所属 TechnoType 对象 上下文和既有社区资料线索，它可能用于部署、运输、乘员或形态切换，并可能涉及数值阈值、间隔、次数或概率参数。取值格式仍按原 INI 资料或项目内实际用法确认。该说明仅作为 BuiltIn 宽松兜底，不能替代 ModEnc、Ares 或 Phobos 官方字段页。
Techno,PParatrooper,Text,Yuri,community-reference-inferred-yuri-20260603,推断型字段：PParatrooper / Techno 暂未完成官方逐条核验；根据字段名、所属 TechnoType 对象 上下文和既有社区资料线索，它可能用于部署、运输、乘员或形态切换，并可能涉及武器、开火或投射表现。取值格式仍按原 INI 资料或项目内实际用法确认。该说明仅作为 BuiltIn 宽松兜底，不能替代 ModEnc、Ares 或 Phobos 官方字段页。
Techno,Prefix,Text,Yuri,community-reference-inferred-yuri-20260603,推断型字段：Prefix / Techno 暂未完成官方逐条核验；根据字段名、所属 TechnoType 对象 上下文和既有社区资料线索，它可能用于对象行为、显示或引擎内部规则。取值格式仍按原 INI 资料或项目内实际用法确认。该说明仅作为 BuiltIn 宽松兜底，不能替代 ModEnc、Ares 或 Phobos 官方字段页。
Techno,PrerequisiteBarracks,Text,Yuri,community-reference-inferred-yuri-20260603,推断型字段：PrerequisiteBarracks / Techno 暂未完成官方逐条核验；根据字段名、所属 TechnoType 对象 上下文和既有社区资料线索，它可能用于建造条件、阵营可用性或生产经济，并可能涉及列表型条件、允许/禁止关系或筛选规则。取值格式仍按原 INI 资料或项目内实际用法确认。该说明仅作为 BuiltIn 宽松兜底，不能替代 ModEnc、Ares 或 Phobos 官方字段页。
Techno,PrerequisiteFactory,Text,Yuri,community-reference-inferred-yuri-20260603,推断型字段：PrerequisiteFactory / Techno 暂未完成官方逐条核验；根据字段名、所属 TechnoType 对象 上下文和既有社区资料线索，它可能用于建造条件、阵营可用性或生产经济，并可能涉及列表型条件、允许/禁止关系或筛选规则。取值格式仍按原 INI 资料或项目内实际用法确认。该说明仅作为 BuiltIn 宽松兜底，不能替代 ModEnc、Ares 或 Phobos 官方字段页。
Techno,PrerequisiteOverride,Text,Yuri,community-reference-inferred-yuri-20260603,推断型字段：PrerequisiteOverride / Techno 暂未完成官方逐条核验；根据字段名、所属 TechnoType 对象 上下文和既有社区资料线索，它可能用于建造条件、阵营可用性或生产经济，并可能涉及列表型条件、允许/禁止关系或筛选规则。取值格式仍按原 INI 资料或项目内实际用法确认。该说明仅作为 BuiltIn 宽松兜底，不能替代 ModEnc、Ares 或 Phobos 官方字段页。
Techno,PrerequisitePower,Text,Yuri,community-reference-inferred-yuri-20260603,推断型字段：PrerequisitePower / Techno 暂未完成官方逐条核验；根据字段名、所属 TechnoType 对象 上下文和既有社区资料线索，它可能用于建造条件、阵营可用性或生产经济，并可能涉及列表型条件、允许/禁止关系或筛选规则。取值格式仍按原 INI 资料或项目内实际用法确认。该说明仅作为 BuiltIn 宽松兜底，不能替代 ModEnc、Ares 或 Phobos 官方字段页。
Techno,PrerequisiteProc,Text,Yuri,community-reference-inferred-yuri-20260603,推断型字段：PrerequisiteProc / Techno 暂未完成官方逐条核验；根据字段名、所属 TechnoType 对象 上下文和既有社区资料线索，它可能用于建造条件、阵营可用性或生产经济，并可能涉及列表型条件、允许/禁止关系或筛选规则。取值格式仍按原 INI 资料或项目内实际用法确认。该说明仅作为 BuiltIn 宽松兜底，不能替代 ModEnc、Ares 或 Phobos 官方字段页。
Techno,PrerequisiteRadar,Text,Yuri,community-reference-inferred-yuri-20260603,推断型字段：PrerequisiteRadar / Techno 暂未完成官方逐条核验；根据字段名、所属 TechnoType 对象 上下文和既有社区资料线索，它可能用于建造条件、阵营可用性或生产经济，并可能涉及侦察、雷达、隐形或伪装。取值格式仍按原 INI 资料或项目内实际用法确认。该说明仅作为 BuiltIn 宽松兜底，不能替代 ModEnc、Ares 或 Phobos 官方字段页。
Techno,PrerequisiteTech,Text,Yuri,community-reference-inferred-yuri-20260603,推断型字段：PrerequisiteTech / Techno 暂未完成官方逐条核验；根据字段名、所属 TechnoType 对象 上下文和既有社区资料线索，它可能用于建造条件、阵营可用性或生产经济，并可能涉及列表型条件、允许/禁止关系或筛选规则。取值格式仍按原 INI 资料或项目内实际用法确认。该说明仅作为 BuiltIn 宽松兜底，不能替代 ModEnc、Ares 或 Phobos 官方字段页。
Techno,PreventAutoDeploy,Text,Yuri,community-reference-inferred-yuri-20260603,推断型字段：PreventAutoDeploy / Techno 暂未完成官方逐条核验；根据字段名、所属 TechnoType 对象 上下文和既有社区资料线索，它可能用于部署、运输、乘员或形态切换。取值格式仍按原 INI 资料或项目内实际用法确认。该说明仅作为 BuiltIn 宽松兜底，不能替代 ModEnc、Ares 或 Phobos 官方字段页。
Techno,PriorityDeployFiltering,Boolean,Phobos,community-reference-inferred-phobos-20260603,推断型字段：PriorityDeployFiltering / Techno 暂未完成官方逐条核验；根据字段名、所属 TechnoType 对象 上下文和既有社区资料线索，它可能用于部署、运输、乘员或形态切换。通常按 yes/no 布尔值理解。该说明仅作为 BuiltIn 宽松兜底，不能替代 ModEnc、Ares 或 Phobos 官方字段页。
Techno,PrioritySelectionFiltering,Boolean,Phobos,community-reference-inferred-phobos-20260603,推断型字段：PrioritySelectionFiltering / Techno 暂未完成官方逐条核验；根据字段名、所属 TechnoType 对象 上下文和既有社区资料线索，它可能用于超级武器或特殊效果逻辑。通常按 yes/no 布尔值理解。该说明仅作为 BuiltIn 宽松兜底，不能替代 ModEnc、Ares 或 Phobos 官方字段页。
Techno,PrismSupportDelay,Text,Yuri,community-reference-inferred-yuri-20260603,推断型字段：PrismSupportDelay / Techno 暂未完成官方逐条核验；根据字段名、所属 TechnoType 对象 上下文和既有社区资料线索，它可能用于数值阈值、间隔、次数或概率参数。取值格式仍按原 INI 资料或项目内实际用法确认。该说明仅作为 BuiltIn 宽松兜底，不能替代 ModEnc、Ares 或 Phobos 官方字段页。
Techno,PrismSupportDuration,Text,Yuri,community-reference-inferred-yuri-20260603,推断型字段：PrismSupportDuration / Techno 暂未完成官方逐条核验；根据字段名、所属 TechnoType 对象 上下文和既有社区资料线索，它可能用于超级武器或特殊效果逻辑，并可能涉及数值阈值、间隔、次数或概率参数。取值格式仍按原 INI 资料或项目内实际用法确认。该说明仅作为 BuiltIn 宽松兜底，不能替代 ModEnc、Ares 或 Phobos 官方字段页。
Techno,PrismSupportHeight,Text,Yuri,community-reference-inferred-yuri-20260603,推断型字段：PrismSupportHeight / Techno 暂未完成官方逐条核验；根据字段名、所属 TechnoType 对象 上下文和既有社区资料线索，它可能用于对象行为、显示或引擎内部规则。取值格式仍按原 INI 资料或项目内实际用法确认。该说明仅作为 BuiltIn 宽松兜底，不能替代 ModEnc、Ares 或 Phobos 官方字段页。
Techno,PrismSupportMax,Text,Yuri,community-reference-inferred-yuri-20260603,推断型字段：PrismSupportMax / Techno 暂未完成官方逐条核验；根据字段名、所属 TechnoType 对象 上下文和既有社区资料线索，它可能用于数值阈值、间隔、次数或概率参数。取值格式仍按原 INI 资料或项目内实际用法确认。该说明仅作为 BuiltIn 宽松兜底，不能替代 ModEnc、Ares 或 Phobos 官方字段页。
Techno,PrismSupportModifier,Text,Yuri,community-reference-inferred-yuri-20260603,推断型字段：PrismSupportModifier / Techno 暂未完成官方逐条核验；根据字段名、所属 TechnoType 对象 上下文和既有社区资料线索，它可能用于对象行为、显示或引擎内部规则。取值格式仍按原 INI 资料或项目内实际用法确认。该说明仅作为 BuiltIn 宽松兜底，不能替代 ModEnc、Ares 或 Phobos 官方字段页。
Techno,PrismType,Text,Yuri,community-reference-inferred-yuri-20260603,推断型字段：PrismType / Techno 暂未完成官方逐条核验；根据字段名、所属 TechnoType 对象 上下文和既有社区资料线索，它可能用于对象行为、显示或引擎内部规则。取值格式仍按原 INI 资料或项目内实际用法确认。该说明仅作为 BuiltIn 宽松兜底，不能替代 ModEnc、Ares 或 Phobos 官方字段页。
Techno,ProduceCashAmount,Text,Yuri,community-reference-inferred-yuri-20260603,推断型字段：ProduceCashAmount / Techno 暂未完成官方逐条核验；根据字段名、所属 TechnoType 对象 上下文和既有社区资料线索，它可能用于数值阈值、间隔、次数或概率参数。取值格式仍按原 INI 资料或项目内实际用法确认。该说明仅作为 BuiltIn 宽松兜底，不能替代 ModEnc、Ares 或 Phobos 官方字段页。
Techno,ProduceCashDelay,Text,Yuri,community-reference-inferred-yuri-20260603,推断型字段：ProduceCashDelay / Techno 暂未完成官方逐条核验；根据字段名、所属 TechnoType 对象 上下文和既有社区资料线索，它可能用于数值阈值、间隔、次数或概率参数。取值格式仍按原 INI 资料或项目内实际用法确认。该说明仅作为 BuiltIn 宽松兜底，不能替代 ModEnc、Ares 或 Phobos 官方字段页。
Techno,ProduceCashStartup,Text,Yuri,community-reference-inferred-yuri-20260603,推断型字段：ProduceCashStartup / Techno 暂未完成官方逐条核验；根据字段名、所属 TechnoType 对象 上下文和既有社区资料线索，它可能用于对象行为、显示或引擎内部规则。取值格式仍按原 INI 资料或项目内实际用法确认。该说明仅作为 BuiltIn 宽松兜底，不能替代 ModEnc、Ares 或 Phobos 官方字段页。
Techno,Production,Text,Yuri,community-reference-inferred-yuri-20260603,推断型字段：Production / Techno 暂未完成官方逐条核验；根据字段名、所属 TechnoType 对象 上下文和既有社区资料线索，它可能用于超级武器或特殊效果逻辑。取值格式仍按原 INI 资料或项目内实际用法确认。该说明仅作为 BuiltIn 宽松兜底，不能替代 ModEnc、Ares 或 Phobos 官方字段页。
Techno,Promote.EliteAnimation,Reference,Phobos,community-reference-inferred-phobos-20260603,推断型字段：Promote.EliteAnimation / Techno 暂未完成官方逐条核验；根据字段名、所属 TechnoType 对象 上下文和既有社区资料线索，它可能用于图像、动画、炮口坐标或 UI 表现，并可能涉及武器、开火或投射表现。通常引用另一类 INI 对象或资源 ID。该说明仅作为 BuiltIn 宽松兜底，不能替代 ModEnc、Ares 或 Phobos 官方字段页。
Techno,Promote.IncludeSpawns,Boolean,Phobos,community-reference-inferred-phobos-20260603,推断型字段：Promote.IncludeSpawns / Techno 暂未完成官方逐条核验；根据字段名、所属 TechnoType 对象 上下文和既有社区资料线索，它可能用于生成物、乘员、残骸或派生单位。通常按 yes/no 布尔值理解。该说明仅作为 BuiltIn 宽松兜底，不能替代 ModEnc、Ares 或 Phobos 官方字段页。
Techno,Promote.VeteranAnimation,Reference,Phobos,community-reference-inferred-phobos-20260603,推断型字段：Promote.VeteranAnimation / Techno 暂未完成官方逐条核验；根据字段名、所属 TechnoType 对象 上下文和既有社区资料线索，它可能用于图像、动画、炮口坐标或 UI 表现，并可能涉及生命值、护甲、伤害或修理倍率。通常引用另一类 INI 对象或资源 ID。该说明仅作为 BuiltIn 宽松兜底，不能替代 ModEnc、Ares 或 Phobos 官方字段页。
Techno,ProtectedDriver,Boolean,Ares,community-reference-inferred-ares-20260603,推断型字段：ProtectedDriver / Techno 暂未完成官方逐条核验；根据字段名、所属 TechnoType 对象 上下文和既有社区资料线索，它可能用于移动、寻路、部署或运动限制。通常按 yes/no 布尔值理解。该说明仅作为 BuiltIn 宽松兜底，不能替代 ModEnc、Ares 或 Phobos 官方字段页。
Techno,ProtectWithWall,Text,Yuri,community-reference-inferred-yuri-20260603,推断型字段：ProtectWithWall / Techno 暂未完成官方逐条核验；根据字段名、所属 TechnoType 对象 上下文和既有社区资料线索，它可能用于移动、寻路、部署或运动限制。取值格式仍按原 INI 资料或项目内实际用法确认。该说明仅作为 BuiltIn 宽松兜底，不能替代 ModEnc、Ares 或 Phobos 官方字段页。
Techno,PsychicDamage,Text,Yuri,community-reference-inferred-yuri-20260603,推断型字段：PsychicDamage / Techno 暂未完成官方逐条核验；根据字段名、所属 TechnoType 对象 上下文和既有社区资料线索，它可能用于生命值、护甲、伤害或修理倍率，并可能涉及超级武器或特殊效果逻辑。取值格式仍按原 INI 资料或项目内实际用法确认。该说明仅作为 BuiltIn 宽松兜底，不能替代 ModEnc、Ares 或 Phobos 官方字段页。
Techno,PsychicDetectionRadius,Text,Yuri,community-reference-inferred-yuri-20260603,推断型字段：PsychicDetectionRadius / Techno 暂未完成官方逐条核验；根据字段名、所属 TechnoType 对象 上下文和既有社区资料线索，它可能用于超级武器或特殊效果逻辑，并可能涉及侦察、雷达、隐形或伪装。取值格式仍按原 INI 资料或项目内实际用法确认。该说明仅作为 BuiltIn 宽松兜底，不能替代 ModEnc、Ares 或 Phobos 官方字段页。
Techno,PsychicSensorDetectAttach,Reference,Yuri,community-reference-inferred-yuri-20260603,推断型字段：PsychicSensorDetectAttach / Techno 暂未完成官方逐条核验；根据字段名、所属 TechnoType 对象 上下文和既有社区资料线索，它可能用于侦察、雷达、隐形或伪装，并可能涉及超级武器或特殊效果逻辑。通常引用另一类 INI 对象或资源 ID。该说明仅作为 BuiltIn 宽松兜底，不能替代 ModEnc、Ares 或 Phobos 官方字段页。
Techno,PsychicSensorDetectSound,Text,Yuri,community-reference-inferred-yuri-20260603,推断型字段：PsychicSensorDetectSound / Techno 暂未完成官方逐条核验；根据字段名、所属 TechnoType 对象 上下文和既有社区资料线索，它可能用于侦察、雷达、隐形或伪装，并可能涉及声音、语音或 EVA 提示。取值格式仍按原 INI 资料或项目内实际用法确认。该说明仅作为 BuiltIn 宽松兜底，不能替代 ModEnc、Ares 或 Phobos 官方字段页。
Techno,PurifierBonus,Text,Yuri,community-reference-inferred-yuri-20260603,推断型字段：PurifierBonus / Techno 暂未完成官方逐条核验；根据字段名、所属 TechnoType 对象 上下文和既有社区资料线索，它可能用于对象行为、显示或引擎内部规则。取值格式仍按原 INI 资料或项目内实际用法确认。该说明仅作为 BuiltIn 宽松兜底，不能替代 ModEnc、Ares 或 Phobos 官方字段页。
Techno,RadApplicationDelay,Text,Yuri,community-reference-inferred-yuri-20260603,推断型字段：RadApplicationDelay / Techno 暂未完成官方逐条核验；根据字段名、所属 TechnoType 对象 上下文和既有社区资料线索，它可能用于超级武器或特殊效果逻辑，并可能涉及侦察、雷达、隐形或伪装。取值格式仍按原 INI 资料或项目内实际用法确认。该说明仅作为 BuiltIn 宽松兜底，不能替代 ModEnc、Ares 或 Phobos 官方字段页。
Techno,RadarColor,Text,Yuri,community-reference-inferred-yuri-20260603,推断型字段：RadarColor / Techno 暂未完成官方逐条核验；根据字段名、所属 TechnoType 对象 上下文和既有社区资料线索，它可能用于侦察、雷达、隐形或伪装，并可能涉及颜色、光照或视觉着色。取值格式仍按原 INI 资料或项目内实际用法确认。该说明仅作为 BuiltIn 宽松兜底，不能替代 ModEnc、Ares 或 Phobos 官方字段页。
Techno,RadarCombatFlashTime,Text,Yuri,community-reference-inferred-yuri-20260603,推断型字段：RadarCombatFlashTime / Techno 暂未完成官方逐条核验；根据字段名、所属 TechnoType 对象 上下文和既有社区资料线索，它可能用于数值阈值、间隔、次数或概率参数，并可能涉及侦察、雷达、隐形或伪装。取值格式仍按原 INI 资料或项目内实际用法确认。该说明仅作为 BuiltIn 宽松兜底，不能替代 ModEnc、Ares 或 Phobos 官方字段页。
Techno,RadarEventColorSpeed,Text,Yuri,community-reference-inferred-yuri-20260603,推断型字段：RadarEventColorSpeed / Techno 暂未完成官方逐条核验；根据字段名、所属 TechnoType 对象 上下文和既有社区资料线索，它可能用于移动、寻路、部署或运动限制，并可能涉及侦察、雷达、隐形或伪装。取值格式仍按原 INI 资料或项目内实际用法确认。该说明仅作为 BuiltIn 宽松兜底，不能替代 ModEnc、Ares 或 Phobos 官方字段页。
Techno,RadarEventDurations,Text,Yuri,community-reference-inferred-yuri-20260603,推断型字段：RadarEventDurations / Techno 暂未完成官方逐条核验；根据字段名、所属 TechnoType 对象 上下文和既有社区资料线索，它可能用于侦察、雷达、隐形或伪装，并可能涉及超级武器或特殊效果逻辑。取值格式仍按原 INI 资料或项目内实际用法确认。该说明仅作为 BuiltIn 宽松兜底，不能替代 ModEnc、Ares 或 Phobos 官方字段页。
Techno,RadarEventMinRadius,Text,Yuri,community-reference-inferred-yuri-20260603,推断型字段：RadarEventMinRadius / Techno 暂未完成官方逐条核验；根据字段名、所属 TechnoType 对象 上下文和既有社区资料线索，它可能用于侦察、雷达、隐形或伪装，并可能涉及数值阈值、间隔、次数或概率参数。取值格式仍按原 INI 资料或项目内实际用法确认。该说明仅作为 BuiltIn 宽松兜底，不能替代 ModEnc、Ares 或 Phobos 官方字段页。
Techno,RadarEventRotationSpeed,Text,Yuri,community-reference-inferred-yuri-20260603,推断型字段：RadarEventRotationSpeed / Techno 暂未完成官方逐条核验；根据字段名、所属 TechnoType 对象 上下文和既有社区资料线索，它可能用于移动、寻路、部署或运动限制，并可能涉及侦察、雷达、隐形或伪装。取值格式仍按原 INI 资料或项目内实际用法确认。该说明仅作为 BuiltIn 宽松兜底，不能替代 ModEnc、Ares 或 Phobos 官方字段页。
Techno,RadarEventSpeed,Text,Yuri,community-reference-inferred-yuri-20260603,推断型字段：RadarEventSpeed / Techno 暂未完成官方逐条核验；根据字段名、所属 TechnoType 对象 上下文和既有社区资料线索，它可能用于移动、寻路、部署或运动限制，并可能涉及侦察、雷达、隐形或伪装。取值格式仍按原 INI 资料或项目内实际用法确认。该说明仅作为 BuiltIn 宽松兜底，不能替代 ModEnc、Ares 或 Phobos 官方字段页。
Techno,RadarEventSuppressionDistances,Text,Yuri,community-reference-inferred-yuri-20260603,推断型字段：RadarEventSuppressionDistances / Techno 暂未完成官方逐条核验；根据字段名、所属 TechnoType 对象 上下文和既有社区资料线索，它可能用于侦察、雷达、隐形或伪装，并可能涉及超级武器或特殊效果逻辑。取值格式仍按原 INI 资料或项目内实际用法确认。该说明仅作为 BuiltIn 宽松兜底，不能替代 ModEnc、Ares 或 Phobos 官方字段页。
Techno,RadarEventVisibilityDurations,Text,Yuri,community-reference-inferred-yuri-20260603,推断型字段：RadarEventVisibilityDurations / Techno 暂未完成官方逐条核验；根据字段名、所属 TechnoType 对象 上下文和既有社区资料线索，它可能用于侦察、雷达、隐形或伪装，并可能涉及超级武器或特殊效果逻辑。取值格式仍按原 INI 资料或项目内实际用法确认。该说明仅作为 BuiltIn 宽松兜底，不能替代 ModEnc、Ares 或 Phobos 官方字段页。
Techno,RadarInvisibleToHouse,Enum,Phobos,community-reference-inferred-phobos-20260603,推断型字段：RadarInvisibleToHouse / Techno 暂未完成官方逐条核验；根据字段名、所属 TechnoType 对象 上下文和既有社区资料线索，它可能用于建造条件、阵营可用性或生产经济，并可能涉及侦察、雷达、隐形或伪装。通常按固定枚举值理解。该说明仅作为 BuiltIn 宽松兜底，不能替代 ModEnc、Ares 或 Phobos 官方字段页。
Techno,RadarJamAffect,Reference,Phobos,community-reference-inferred-phobos-20260603,推断型字段：RadarJamAffect / Techno 暂未完成官方逐条核验；根据字段名、所属 TechnoType 对象 上下文和既有社区资料线索，它可能用于侦察、雷达、隐形或伪装。通常引用另一类 INI 对象或资源 ID。该说明仅作为 BuiltIn 宽松兜底，不能替代 ModEnc、Ares 或 Phobos 官方字段页。
Techno,RadarJamDelay,Integer,Phobos,community-reference-inferred-phobos-20260603,推断型字段：RadarJamDelay / Techno 暂未完成官方逐条核验；根据字段名、所属 TechnoType 对象 上下文和既有社区资料线索，它可能用于侦察、雷达、隐形或伪装，并可能涉及数值阈值、间隔、次数或概率参数。通常按整数参数理解。该说明仅作为 BuiltIn 宽松兜底，不能替代 ModEnc、Ares 或 Phobos 官方字段页。
Techno,RadarJamHouses,MultiSelect,Phobos,community-reference-inferred-phobos-20260603,推断型字段：RadarJamHouses / Techno 暂未完成官方逐条核验；根据字段名、所属 TechnoType 对象 上下文和既有社区资料线索，它可能用于建造条件、阵营可用性或生产经济，并可能涉及侦察、雷达、隐形或伪装。通常按逗号分隔的枚举/列表值理解。该说明仅作为 BuiltIn 宽松兜底，不能替代 ModEnc、Ares 或 Phobos 官方字段页。
Techno,RadarJamIgnore,Reference,Phobos,community-reference-inferred-phobos-20260603,推断型字段：RadarJamIgnore / Techno 暂未完成官方逐条核验；根据字段名、所属 TechnoType 对象 上下文和既有社区资料线索，它可能用于侦察、雷达、隐形或伪装，并可能涉及资源、矿石、回收或经济收益。通常引用另一类 INI 对象或资源 ID。该说明仅作为 BuiltIn 宽松兜底，不能替代 ModEnc、Ares 或 Phobos 官方字段页。
Techno,RadarJamRadius,Integer,Ares,community-reference-inferred-ares-20260603,推断型字段：RadarJamRadius / Techno 暂未完成官方逐条核验；根据字段名、所属 TechnoType 对象 上下文和既有社区资料线索，它可能用于侦察、雷达、隐形或伪装。通常按整数参数理解。该说明仅作为 BuiltIn 宽松兜底，不能替代 ModEnc、Ares 或 Phobos 官方字段页。
Techno,RadarOff,Reference,Yuri,community-reference-inferred-yuri-20260603,推断型字段：RadarOff / Techno 暂未完成官方逐条核验；根据字段名、所属 TechnoType 对象 上下文和既有社区资料线索，它可能用于侦察、雷达、隐形或伪装，并可能涉及图像、动画、炮口坐标或 UI 表现。通常引用另一类 INI 对象或资源 ID。该说明仅作为 BuiltIn 宽松兜底，不能替代 ModEnc、Ares 或 Phobos 官方字段页。
Techno,RadarOn,Reference,Yuri,community-reference-inferred-yuri-20260603,推断型字段：RadarOn / Techno 暂未完成官方逐条核验；根据字段名、所属 TechnoType 对象 上下文和既有社区资料线索，它可能用于武器、开火或投射表现，并可能涉及超级武器或特殊效果逻辑。通常引用另一类 INI 对象或资源 ID。该说明仅作为 BuiltIn 宽松兜底，不能替代 ModEnc、Ares 或 Phobos 官方字段页。
Techno,RadarVisible,Text,Yuri,community-reference-inferred-yuri-20260603,推断型字段：RadarVisible / Techno 暂未完成官方逐条核验；根据字段名、所属 TechnoType 对象 上下文和既有社区资料线索，它可能用于侦察、雷达、隐形或伪装。取值格式仍按原 INI 资料或项目内实际用法确认。该说明仅作为 BuiltIn 宽松兜底，不能替代 ModEnc、Ares 或 Phobos 官方字段页。
Techno,RadColor,Text,Yuri,community-reference-inferred-yuri-20260603,推断型字段：RadColor / Techno 暂未完成官方逐条核验；根据字段名、所属 TechnoType 对象 上下文和既有社区资料线索，它可能用于侦察、雷达、隐形或伪装，并可能涉及超级武器或特殊效果逻辑。取值格式仍按原 INI 资料或项目内实际用法确认。该说明仅作为 BuiltIn 宽松兜底，不能替代 ModEnc、Ares 或 Phobos 官方字段页。
Techno,RadDurationMultiple,Text,Yuri,community-reference-inferred-yuri-20260603,推断型字段：RadDurationMultiple / Techno 暂未完成官方逐条核验；根据字段名、所属 TechnoType 对象 上下文和既有社区资料线索，它可能用于超级武器或特殊效果逻辑，并可能涉及侦察、雷达、隐形或伪装。取值格式仍按原 INI 资料或项目内实际用法确认。该说明仅作为 BuiltIn 宽松兜底，不能替代 ModEnc、Ares 或 Phobos 官方字段页。
Techno,RadialColor,Text,Yuri,community-reference-inferred-yuri-20260603,推断型字段：RadialColor / Techno 暂未完成官方逐条核验；根据字段名、所属 TechnoType 对象 上下文和既有社区资料线索，它可能用于颜色、光照或视觉着色。取值格式仍按原 INI 资料或项目内实际用法确认。该说明仅作为 BuiltIn 宽松兜底，不能替代 ModEnc、Ares 或 Phobos 官方字段页。
Techno,RadialFireSegments,Text,Yuri,community-reference-inferred-yuri-20260603,推断型字段：RadialFireSegments / Techno 暂未完成官方逐条核验；根据字段名、所属 TechnoType 对象 上下文和既有社区资料线索，它可能用于武器、开火或投射表现。取值格式仍按原 INI 资料或项目内实际用法确认。该说明仅作为 BuiltIn 宽松兜底，不能替代 ModEnc、Ares 或 Phobos 官方字段页。
Techno,RadialIndicatorVisibility,MultiSelect,Phobos,community-reference-inferred-phobos-20260603,推断型字段：RadialIndicatorVisibility / Techno 暂未完成官方逐条核验；根据字段名、所属 TechnoType 对象 上下文和既有社区资料线索，它可能用于对象行为、显示或引擎内部规则。通常按逗号分隔的枚举/列表值理解。该说明仅作为 BuiltIn 宽松兜底，不能替代 ModEnc、Ares 或 Phobos 官方字段页。
Techno,Radiation,Text,Yuri,community-reference-inferred-yuri-20260603,推断型字段：Radiation / Techno 暂未完成官方逐条核验；根据字段名、所属 TechnoType 对象 上下文和既有社区资料线索，它可能用于超级武器或特殊效果逻辑。取值格式仍按原 INI 资料或项目内实际用法确认。该说明仅作为 BuiltIn 宽松兜底，不能替代 ModEnc、Ares 或 Phobos 官方字段页。
Techno,Radius,Text,Yuri,community-reference-inferred-yuri-20260603,推断型字段：Radius / Techno 暂未完成官方逐条核验；根据字段名、所属 TechnoType 对象 上下文和既有社区资料线索，它可能用于对象行为、显示或引擎内部规则。取值格式仍按原 INI 资料或项目内实际用法确认。该说明仅作为 BuiltIn 宽松兜底，不能替代 ModEnc、Ares 或 Phobos 官方字段页。
Techno,RadLevel,Text,Yuri,community-reference-inferred-yuri-20260603,推断型字段：RadLevel / Techno 暂未完成官方逐条核验；根据字段名、所属 TechnoType 对象 上下文和既有社区资料线索，它可能用于建造条件、阵营可用性或生产经济，并可能涉及侦察、雷达、隐形或伪装。取值格式仍按原 INI 资料或项目内实际用法确认。该说明仅作为 BuiltIn 宽松兜底，不能替代 ModEnc、Ares 或 Phobos 官方字段页。
Techno,RadLevelDelay,Text,Yuri,community-reference-inferred-yuri-20260603,推断型字段：RadLevelDelay / Techno 暂未完成官方逐条核验；根据字段名、所属 TechnoType 对象 上下文和既有社区资料线索，它可能用于建造条件、阵营可用性或生产经济，并可能涉及侦察、雷达、隐形或伪装。取值格式仍按原 INI 资料或项目内实际用法确认。该说明仅作为 BuiltIn 宽松兜底，不能替代 ModEnc、Ares 或 Phobos 官方字段页。
Techno,RadLevelFactor,Text,Yuri,community-reference-inferred-yuri-20260603,推断型字段：RadLevelFactor / Techno 暂未完成官方逐条核验；根据字段名、所属 TechnoType 对象 上下文和既有社区资料线索，它可能用于建造条件、阵营可用性或生产经济，并可能涉及侦察、雷达、隐形或伪装。取值格式仍按原 INI 资料或项目内实际用法确认。该说明仅作为 BuiltIn 宽松兜底，不能替代 ModEnc、Ares 或 Phobos 官方字段页。
Techno,RadLevelMax,Text,Yuri,community-reference-inferred-yuri-20260603,推断型字段：RadLevelMax / Techno 暂未完成官方逐条核验；根据字段名、所属 TechnoType 对象 上下文和既有社区资料线索，它可能用于建造条件、阵营可用性或生产经济，并可能涉及侦察、雷达、隐形或伪装。取值格式仍按原 INI 资料或项目内实际用法确认。该说明仅作为 BuiltIn 宽松兜底，不能替代 ModEnc、Ares 或 Phobos 官方字段页。
Techno,RadLightDelay,Text,Yuri,community-reference-inferred-yuri-20260603,推断型字段：RadLightDelay / Techno 暂未完成官方逐条核验；根据字段名、所属 TechnoType 对象 上下文和既有社区资料线索，它可能用于侦察、雷达、隐形或伪装，并可能涉及超级武器或特殊效果逻辑。取值格式仍按原 INI 资料或项目内实际用法确认。该说明仅作为 BuiltIn 宽松兜底，不能替代 ModEnc、Ares 或 Phobos 官方字段页。
Techno,RadLightFactor,Text,Yuri,community-reference-inferred-yuri-20260603,推断型字段：RadLightFactor / Techno 暂未完成官方逐条核验；根据字段名、所属 TechnoType 对象 上下文和既有社区资料线索，它可能用于建造条件、阵营可用性或生产经济，并可能涉及侦察、雷达、隐形或伪装。取值格式仍按原 INI 资料或项目内实际用法确认。该说明仅作为 BuiltIn 宽松兜底，不能替代 ModEnc、Ares 或 Phobos 官方字段页。
Techno,RadSiteWarhead,Text,Yuri,community-reference-inferred-yuri-20260603,推断型字段：RadSiteWarhead / Techno 暂未完成官方逐条核验；根据字段名、所属 TechnoType 对象 上下文和既有社区资料线索，它可能用于建造条件、阵营可用性或生产经济，并可能涉及武器、开火或投射表现。取值格式仍按原 INI 资料或项目内实际用法确认。该说明仅作为 BuiltIn 宽松兜底，不能替代 ModEnc、Ares 或 Phobos 官方字段页。
Techno,RadTintFactor,Text,Yuri,community-reference-inferred-yuri-20260603,推断型字段：RadTintFactor / Techno 暂未完成官方逐条核验；根据字段名、所属 TechnoType 对象 上下文和既有社区资料线索，它可能用于建造条件、阵营可用性或生产经济，并可能涉及侦察、雷达、隐形或伪装。取值格式仍按原 INI 资料或项目内实际用法确认。该说明仅作为 BuiltIn 宽松兜底，不能替代 ModEnc、Ares 或 Phobos 官方字段页。
Techno,RailgunDamageRadius,Text,Yuri,community-reference-inferred-yuri-20260603,推断型字段：RailgunDamageRadius / Techno 暂未完成官方逐条核验；根据字段名、所属 TechnoType 对象 上下文和既有社区资料线索，它可能用于AI 行为、目标选择或威胁评估，并可能涉及生命值、护甲、伤害或修理倍率。取值格式仍按原 INI 资料或项目内实际用法确认。该说明仅作为 BuiltIn 宽松兜底，不能替代 ModEnc、Ares 或 Phobos 官方字段页。
Techno,RateDown.Cover.AmmoBelow,Integer,Phobos,community-reference-inferred-phobos-20260603,推断型字段：RateDown.Cover.AmmoBelow / Techno 暂未完成官方逐条核验；根据字段名、所属 TechnoType 对象 上下文和既有社区资料线索，它可能用于移动、寻路、部署或运动限制，并可能涉及数值阈值、间隔、次数或概率参数。通常按整数参数理解。该说明仅作为 BuiltIn 宽松兜底，不能替代 ModEnc、Ares 或 Phobos 官方字段页。
Techno,RateDown.Cover.Value,Integer,Phobos,community-reference-inferred-phobos-20260603,推断型字段：RateDown.Cover.Value / Techno 暂未完成官方逐条核验；根据字段名、所属 TechnoType 对象 上下文和既有社区资料线索，它可能用于移动、寻路、部署或运动限制，并可能涉及数值阈值、间隔、次数或概率参数。通常按整数参数理解。该说明仅作为 BuiltIn 宽松兜底，不能替代 ModEnc、Ares 或 Phobos 官方字段页。
Techno,RateDown.Delay,Integer,Phobos,community-reference-inferred-phobos-20260603,推断型字段：RateDown.Delay / Techno 暂未完成官方逐条核验；根据字段名、所属 TechnoType 对象 上下文和既有社区资料线索，它可能用于数值阈值、间隔、次数或概率参数，并可能涉及移动、寻路、部署或运动限制。通常按整数参数理解。该说明仅作为 BuiltIn 宽松兜底，不能替代 ModEnc、Ares 或 Phobos 官方字段页。
Techno,RateDown.Reset,Boolean,Phobos,community-reference-inferred-phobos-20260603,推断型字段：RateDown.Reset / Techno 暂未完成官方逐条核验；根据字段名、所属 TechnoType 对象 上下文和既有社区资料线索，它可能用于移动、寻路、部署或运动限制，并可能涉及数值阈值、间隔、次数或概率参数。通常按 yes/no 布尔值理解。该说明仅作为 BuiltIn 宽松兜底，不能替代 ModEnc、Ares 或 Phobos 官方字段页。
Techno,ReadinessReductionMultiplier,Text,Yuri,community-reference-inferred-yuri-20260603,推断型字段：ReadinessReductionMultiplier / Techno 暂未完成官方逐条核验；根据字段名、所属 TechnoType 对象 上下文和既有社区资料线索，它可能用于生命值、护甲、伤害或修理倍率，并可能涉及超级武器或特殊效果逻辑。取值格式仍按原 INI 资料或项目内实际用法确认。该说明仅作为 BuiltIn 宽松兜底，不能替代 ModEnc、Ares 或 Phobos 官方字段页。
Techno,RechargeTime,Text,Yuri,community-reference-inferred-yuri-20260603,推断型字段：RechargeTime / Techno 暂未完成官方逐条核验；根据字段名、所属 TechnoType 对象 上下文和既有社区资料线索，它可能用于数值阈值、间隔、次数或概率参数。取值格式仍按原 INI 资料或项目内实际用法确认。该说明仅作为 BuiltIn 宽松兜底，不能替代 ModEnc、Ares 或 Phobos 官方字段页。
Techno,RecountBurst,Boolean,Phobos,community-reference-inferred-phobos-20260603,推断型字段：RecountBurst / Techno 暂未完成官方逐条核验；根据字段名、所属 TechnoType 对象 上下文和既有社区资料线索，它可能用于武器、开火或投射表现，并可能涉及数值阈值、间隔、次数或概率参数。通常按 yes/no 布尔值理解。该说明仅作为 BuiltIn 宽松兜底，不能替代 ModEnc、Ares 或 Phobos 官方字段页。
Techno,Recruitable,Text,Yuri,community-reference-inferred-yuri-20260603,推断型字段：Recruitable / Techno 暂未完成官方逐条核验；根据字段名、所属 TechnoType 对象 上下文和既有社区资料线索，它可能用于对象行为、显示或引擎内部规则。取值格式仍按原 INI 资料或项目内实际用法确认。该说明仅作为 BuiltIn 宽松兜底，不能替代 ModEnc、Ares 或 Phobos 官方字段页。
Techno,RefnSmokeOffsetOne,Text,Yuri,community-reference-inferred-yuri-20260603,推断型字段：RefnSmokeOffsetOne / Techno 暂未完成官方逐条核验；根据字段名、所属 TechnoType 对象 上下文和既有社区资料线索，它可能用于图像、动画、炮口坐标或 UI 表现，并可能涉及资源、矿石、回收或经济收益。取值格式仍按原 INI 资料或项目内实际用法确认。该说明仅作为 BuiltIn 宽松兜底，不能替代 ModEnc、Ares 或 Phobos 官方字段页。
Techno,RefnSmokeOffsetTwo,Text,Yuri,community-reference-inferred-yuri-20260603,推断型字段：RefnSmokeOffsetTwo / Techno 暂未完成官方逐条核验；根据字段名、所属 TechnoType 对象 上下文和既有社区资料线索，它可能用于图像、动画、炮口坐标或 UI 表现。取值格式仍按原 INI 资料或项目内实际用法确认。该说明仅作为 BuiltIn 宽松兜底，不能替代 ModEnc、Ares 或 Phobos 官方字段页。
Techno,RefundPercent,Text,Yuri,community-reference-inferred-yuri-20260603,推断型字段：RefundPercent / Techno 暂未完成官方逐条核验；根据字段名、所属 TechnoType 对象 上下文和既有社区资料线索，它可能用于数值阈值、间隔、次数或概率参数。取值格式仍按原 INI 资料或项目内实际用法确认。该说明仅作为 BuiltIn 宽松兜底，不能替代 ModEnc、Ares 或 Phobos 官方字段页。
Techno,RejoinTeamIfLimboed,Text,Yuri,community-reference-inferred-yuri-20260603,推断型字段：RejoinTeamIfLimboed / Techno 暂未完成官方逐条核验；根据字段名、所属 TechnoType 对象 上下文和既有社区资料线索，它可能用于对象行为、显示或引擎内部规则。取值格式仍按原 INI 资料或项目内实际用法确认。该说明仅作为 BuiltIn 宽松兜底，不能替代 ModEnc、Ares 或 Phobos 官方字段页。
Techno,ReloadIncrement,Text,Yuri,community-reference-inferred-yuri-20260603,推断型字段：ReloadIncrement / Techno 暂未完成官方逐条核验；根据字段名、所属 TechnoType 对象 上下文和既有社区资料线索，它可能用于部署、运输、乘员或形态切换。取值格式仍按原 INI 资料或项目内实际用法确认。该说明仅作为 BuiltIn 宽松兜底，不能替代 ModEnc、Ares 或 Phobos 官方字段页。
Techno,ReloadRate,Text,Yuri,community-reference-inferred-yuri-20260603,推断型字段：ReloadRate / Techno 暂未完成官方逐条核验；根据字段名、所属 TechnoType 对象 上下文和既有社区资料线索，它可能用于移动、寻路、部署或运动限制，并可能涉及部署、运输、乘员或形态切换。取值格式仍按原 INI 资料或项目内实际用法确认。该说明仅作为 BuiltIn 宽松兜底，不能替代 ModEnc、Ares 或 Phobos 官方字段页。
Techno,RepairBay,Text,Yuri,community-reference-inferred-yuri-20260603,推断型字段：RepairBay / Techno 暂未完成官方逐条核验；根据字段名、所属 TechnoType 对象 上下文和既有社区资料线索，它可能用于AI 行为、目标选择或威胁评估，并可能涉及生命值、护甲、伤害或修理倍率。取值格式仍按原 INI 资料或项目内实际用法确认。该说明仅作为 BuiltIn 宽松兜底，不能替代 ModEnc、Ares 或 Phobos 官方字段页。
Techno,RepairDelay,Text,Yuri,community-reference-inferred-yuri-20260603,推断型字段：RepairDelay / Techno 暂未完成官方逐条核验；根据字段名、所属 TechnoType 对象 上下文和既有社区资料线索，它可能用于AI 行为、目标选择或威胁评估，并可能涉及生命值、护甲、伤害或修理倍率。取值格式仍按原 INI 资料或项目内实际用法确认。该说明仅作为 BuiltIn 宽松兜底，不能替代 ModEnc、Ares 或 Phobos 官方字段页。
Techno,RepairPercent,Text,Yuri,community-reference-inferred-yuri-20260603,推断型字段：RepairPercent / Techno 暂未完成官方逐条核验；根据字段名、所属 TechnoType 对象 上下文和既有社区资料线索，它可能用于AI 行为、目标选择或威胁评估，并可能涉及生命值、护甲、伤害或修理倍率。取值格式仍按原 INI 资料或项目内实际用法确认。该说明仅作为 BuiltIn 宽松兜底，不能替代 ModEnc、Ares 或 Phobos 官方字段页。
Techno,RepairRate,Text,Yuri,community-reference-inferred-yuri-20260603,推断型字段：RepairRate / Techno 暂未完成官方逐条核验；根据字段名、所属 TechnoType 对象 上下文和既有社区资料线索，它可能用于AI 行为、目标选择或威胁评估，并可能涉及生命值、护甲、伤害或修理倍率。取值格式仍按原 INI 资料或项目内实际用法确认。该说明仅作为 BuiltIn 宽松兜底，不能替代 ModEnc、Ares 或 Phobos 官方字段页。
Techno,RepairSell,Text,Yuri,community-reference-inferred-yuri-20260603,推断型字段：RepairSell / Techno 暂未完成官方逐条核验；根据字段名、所属 TechnoType 对象 上下文和既有社区资料线索，它可能用于AI 行为、目标选择或威胁评估，并可能涉及生命值、护甲、伤害或修理倍率。取值格式仍按原 INI 资料或项目内实际用法确认。该说明仅作为 BuiltIn 宽松兜底，不能替代 ModEnc、Ares 或 Phobos 官方字段页。
Techno,RepairStep,Text,Yuri,community-reference-inferred-yuri-20260603,推断型字段：RepairStep / Techno 暂未完成官方逐条核验；根据字段名、所属 TechnoType 对象 上下文和既有社区资料线索，它可能用于AI 行为、目标选择或威胁评估，并可能涉及生命值、护甲、伤害或修理倍率。取值格式仍按原 INI 资料或项目内实际用法确认。该说明仅作为 BuiltIn 宽松兜底，不能替代 ModEnc、Ares 或 Phobos 官方字段页。
Techno,RequiresStolenAlliedTech,Text,Yuri,community-reference-inferred-yuri-20260603,推断型字段：RequiresStolenAlliedTech / Techno 暂未完成官方逐条核验；根据字段名、所属 TechnoType 对象 上下文和既有社区资料线索，它可能用于建造条件、阵营可用性或生产经济。取值格式仍按原 INI 资料或项目内实际用法确认。该说明仅作为 BuiltIn 宽松兜底，不能替代 ModEnc、Ares 或 Phobos 官方字段页。
Techno,RequiresStolenSovietTech,Text,Yuri,community-reference-inferred-yuri-20260603,推断型字段：RequiresStolenSovietTech / Techno 暂未完成官方逐条核验；根据字段名、所属 TechnoType 对象 上下文和既有社区资料线索，它可能用于建造条件、阵营可用性或生产经济。取值格式仍按原 INI 资料或项目内实际用法确认。该说明仅作为 BuiltIn 宽松兜底，不能替代 ModEnc、Ares 或 Phobos 官方字段页。
Techno,ReselectIfLimboed,Text,Yuri,community-reference-inferred-yuri-20260603,推断型字段：ReselectIfLimboed / Techno 暂未完成官方逐条核验；根据字段名、所属 TechnoType 对象 上下文和既有社区资料线索，它可能用于对象行为、显示或引擎内部规则。取值格式仍按原 INI 资料或项目内实际用法确认。该说明仅作为 BuiltIn 宽松兜底，不能替代 ModEnc、Ares 或 Phobos 官方字段页。
Techno,Retaliate,Text,Yuri,community-reference-inferred-yuri-20260603,推断型字段：Retaliate / Techno 暂未完成官方逐条核验；根据字段名、所属 TechnoType 对象 上下文和既有社区资料线索，它可能用于对象行为、显示或引擎内部规则。取值格式仍按原 INI 资料或项目内实际用法确认。该说明仅作为 BuiltIn 宽松兜底，不能替代 ModEnc、Ares 或 Phobos 官方字段页。
Techno,Reveal,Text,Yuri,community-reference-inferred-yuri-20260603,推断型字段：Reveal / Techno 暂未完成官方逐条核验；根据字段名、所属 TechnoType 对象 上下文和既有社区资料线索，它可能用于侦察、雷达、隐形或伪装。取值格式仍按原 INI 资料或项目内实际用法确认。该说明仅作为 BuiltIn 宽松兜底，不能替代 ModEnc、Ares 或 Phobos 官方字段页。
Techno,RevealByHeight,Text,Yuri,community-reference-inferred-yuri-20260603,推断型字段：RevealByHeight / Techno 暂未完成官方逐条核验；根据字段名、所属 TechnoType 对象 上下文和既有社区资料线索，它可能用于侦察、雷达、隐形或伪装。取值格式仍按原 INI 资料或项目内实际用法确认。该说明仅作为 BuiltIn 宽松兜底，不能替代 ModEnc、Ares 或 Phobos 官方字段页。
Techno,RevealToAll,Text,Yuri,community-reference-inferred-yuri-20260603,推断型字段：RevealToAll / Techno 暂未完成官方逐条核验；根据字段名、所属 TechnoType 对象 上下文和既有社区资料线索，它可能用于列表型条件、允许/禁止关系或筛选规则，并可能涉及建造条件、阵营可用性或生产经济。取值格式仍按原 INI 资料或项目内实际用法确认。该说明仅作为 BuiltIn 宽松兜底，不能替代 ModEnc、Ares 或 Phobos 官方字段页。
Techno,RevealTriggerRadius,Text,Yuri,community-reference-inferred-yuri-20260603,推断型字段：RevealTriggerRadius / Techno 暂未完成官方逐条核验；根据字段名、所属 TechnoType 对象 上下文和既有社区资料线索，它可能用于侦察、雷达、隐形或伪装。取值格式仍按原 INI 资料或项目内实际用法确认。该说明仅作为 BuiltIn 宽松兜底，不能替代 ModEnc、Ares 或 Phobos 官方字段页。
Techno,RevengeWeapon.AffectsHouse,MultiSelect,Phobos,community-reference-inferred-phobos-20260603,推断型字段：RevengeWeapon.AffectsHouse / Techno 暂未完成官方逐条核验；根据字段名、所属 TechnoType 对象 上下文和既有社区资料线索，它可能用于武器、开火或投射表现，并可能涉及建造条件、阵营可用性或生产经济。通常按逗号分隔的枚举/列表值理解。该说明仅作为 BuiltIn 宽松兜底，不能替代 ModEnc、Ares 或 Phobos 官方字段页。
Techno,RollAngle,Text,Yuri,community-reference-inferred-yuri-20260603,推断型字段：RollAngle / Techno 暂未完成官方逐条核验；根据字段名、所属 TechnoType 对象 上下文和既有社区资料线索，它可能用于对象行为、显示或引擎内部规则。取值格式仍按原 INI 资料或项目内实际用法确认。该说明仅作为 BuiltIn 宽松兜底，不能替代 ModEnc、Ares 或 Phobos 官方字段页。
Techno,Rotates,Text,Yuri,community-reference-inferred-yuri-20260603,推断型字段：Rotates / Techno 暂未完成官方逐条核验；根据字段名、所属 TechnoType 对象 上下文和既有社区资料线索，它可能用于移动、寻路、部署或运动限制。取值格式仍按原 INI 资料或项目内实际用法确认。该说明仅作为 BuiltIn 宽松兜底，不能替代 ModEnc、Ares 或 Phobos 官方字段页。
Techno,SabotageCursor,Text,Yuri,community-reference-inferred-yuri-20260603,推断型字段：SabotageCursor / Techno 暂未完成官方逐条核验；根据字段名、所属 TechnoType 对象 上下文和既有社区资料线索，它可能用于对象行为、显示或引擎内部规则。取值格式仍按原 INI 资料或项目内实际用法确认。该说明仅作为 BuiltIn 宽松兜底，不能替代 ModEnc、Ares 或 Phobos 官方字段页。
Techno,SavourDelay,Text,Yuri,community-reference-inferred-yuri-20260603,推断型字段：SavourDelay / Techno 暂未完成官方逐条核验；根据字段名、所属 TechnoType 对象 上下文和既有社区资料线索，它可能用于数值阈值、间隔、次数或概率参数。取值格式仍按原 INI 资料或项目内实际用法确认。该说明仅作为 BuiltIn 宽松兜底，不能替代 ModEnc、Ares 或 Phobos 官方字段页。
Techno,Scatter,Text,Yuri,community-reference-inferred-yuri-20260603,推断型字段：Scatter / Techno 暂未完成官方逐条核验；根据字段名、所属 TechnoType 对象 上下文和既有社区资料线索，它可能用于对象行为、显示或引擎内部规则。取值格式仍按原 INI 资料或项目内实际用法确认。该说明仅作为 BuiltIn 宽松兜底，不能替代 ModEnc、Ares 或 Phobos 官方字段页。
Techno,ScatterSound,Reference,Yuri,community-reference-inferred-yuri-20260603,推断型字段：ScatterSound / Techno 暂未完成官方逐条核验；根据字段名、所属 TechnoType 对象 上下文和既有社区资料线索，它可能用于声音、语音或 EVA 提示。通常引用另一类 INI 对象或资源 ID。该说明仅作为 BuiltIn 宽松兜底，不能替代 ModEnc、Ares 或 Phobos 官方字段页。
Techno,ScoldSound,Reference,Yuri,community-reference-inferred-yuri-20260603,推断型字段：ScoldSound / Techno 暂未完成官方逐条核验；根据字段名、所属 TechnoType 对象 上下文和既有社区资料线索，它可能用于声音、语音或 EVA 提示。通常引用另一类 INI 对象或资源 ID。该说明仅作为 BuiltIn 宽松兜底，不能替代 ModEnc、Ares 或 Phobos 官方字段页。
Techno,Scorches,Text,Yuri,community-reference-inferred-yuri-20260603,推断型字段：Scorches / Techno 暂未完成官方逐条核验；根据字段名、所属 TechnoType 对象 上下文和既有社区资料线索，它可能用于对象行为、显示或引擎内部规则。取值格式仍按原 INI 资料或项目内实际用法确认。该说明仅作为 BuiltIn 宽松兜底，不能替代 ModEnc、Ares 或 Phobos 官方字段页。
Techno,Scorches1,Text,Yuri,community-reference-inferred-yuri-20260603,推断型字段：Scorches1 / Techno 暂未完成官方逐条核验；根据字段名、所属 TechnoType 对象 上下文和既有社区资料线索，它可能用于对象行为、显示或引擎内部规则。取值格式仍按原 INI 资料或项目内实际用法确认。该说明仅作为 BuiltIn 宽松兜底，不能替代 ModEnc、Ares 或 Phobos 官方字段页。
Techno,Scorches2,Text,Yuri,community-reference-inferred-yuri-20260603,推断型字段：Scorches2 / Techno 暂未完成官方逐条核验；根据字段名、所属 TechnoType 对象 上下文和既有社区资料线索，它可能用于对象行为、显示或引擎内部规则。取值格式仍按原 INI 资料或项目内实际用法确认。该说明仅作为 BuiltIn 宽松兜底，不能替代 ModEnc、Ares 或 Phobos 官方字段页。
Techno,Scorches3,Text,Yuri,community-reference-inferred-yuri-20260603,推断型字段：Scorches3 / Techno 暂未完成官方逐条核验；根据字段名、所属 TechnoType 对象 上下文和既有社区资料线索，它可能用于对象行为、显示或引擎内部规则。取值格式仍按原 INI 资料或项目内实际用法确认。该说明仅作为 BuiltIn 宽松兜底，不能替代 ModEnc、Ares 或 Phobos 官方字段页。
Techno,Scorches4,Text,Yuri,community-reference-inferred-yuri-20260603,推断型字段：Scorches4 / Techno 暂未完成官方逐条核验；根据字段名、所属 TechnoType 对象 上下文和既有社区资料线索，它可能用于对象行为、显示或引擎内部规则。取值格式仍按原 INI 资料或项目内实际用法确认。该说明仅作为 BuiltIn 宽松兜底，不能替代 ModEnc、Ares 或 Phobos 官方字段页。
Techno,ScoreAnimSound,Reference,Yuri,community-reference-inferred-yuri-20260603,推断型字段：ScoreAnimSound / Techno 暂未完成官方逐条核验；根据字段名、所属 TechnoType 对象 上下文和既有社区资料线索，它可能用于图像、动画、炮口坐标或 UI 表现，并可能涉及声音、语音或 EVA 提示。通常引用另一类 INI 对象或资源 ID。该说明仅作为 BuiltIn 宽松兜底，不能替代 ModEnc、Ares 或 Phobos 官方字段页。
Techno,ScrapVoxelDebris,Text,Yuri,community-reference-inferred-yuri-20260603,推断型字段：ScrapVoxelDebris / Techno 暂未完成官方逐条核验；根据字段名、所属 TechnoType 对象 上下文和既有社区资料线索，它可能用于图像、动画、炮口坐标或 UI 表现。取值格式仍按原 INI 资料或项目内实际用法确认。该说明仅作为 BuiltIn 宽松兜底，不能替代 ModEnc、Ares 或 Phobos 官方字段页。
Techno,ScrollMultiplier,Text,Yuri,community-reference-inferred-yuri-20260603,推断型字段：ScrollMultiplier / Techno 暂未完成官方逐条核验；根据字段名、所属 TechnoType 对象 上下文和既有社区资料线索，它可能用于生命值、护甲、伤害或修理倍率。取值格式仍按原 INI 资料或项目内实际用法确认。该说明仅作为 BuiltIn 宽松兜底，不能替代 ModEnc、Ares 或 Phobos 官方字段页。
Techno,SecretBuildings,Text,Yuri,community-reference-inferred-yuri-20260603,推断型字段：SecretBuildings / Techno 暂未完成官方逐条核验；根据字段名、所属 TechnoType 对象 上下文和既有社区资料线索，它可能用于建造条件、阵营可用性或生产经济。取值格式仍按原 INI 资料或项目内实际用法确认。该说明仅作为 BuiltIn 宽松兜底，不能替代 ModEnc、Ares 或 Phobos 官方字段页。
Techno,SecretLab,Text,Yuri,community-reference-inferred-yuri-20260603,推断型字段：SecretLab / Techno 暂未完成官方逐条核验；根据字段名、所属 TechnoType 对象 上下文和既有社区资料线索，它可能用于对象行为、显示或引擎内部规则。取值格式仍按原 INI 资料或项目内实际用法确认。该说明仅作为 BuiltIn 宽松兜底，不能替代 ModEnc、Ares 或 Phobos 官方字段页。
Techno,SelectionFlashDuration,Integer,Phobos,community-reference-inferred-phobos-20260603,推断型字段：SelectionFlashDuration / Techno 暂未完成官方逐条核验；根据字段名、所属 TechnoType 对象 上下文和既有社区资料线索，它可能用于超级武器或特殊效果逻辑，并可能涉及数值阈值、间隔、次数或概率参数。通常按整数参数理解。该说明仅作为 BuiltIn 宽松兜底，不能替代 ModEnc、Ares 或 Phobos 官方字段页。
Techno,SelfHealGainType,Enum,Phobos,community-reference-inferred-phobos-20260603,推断型字段：SelfHealGainType / Techno 暂未完成官方逐条核验；根据字段名、所属 TechnoType 对象 上下文和既有社区资料线索，它可能用于生命值、护甲、伤害或修理倍率，并可能涉及AI 行为、目标选择或威胁评估。通常按固定枚举值理解。该说明仅作为 BuiltIn 宽松兜底，不能替代 ModEnc、Ares 或 Phobos 官方字段页。
Techno,SelfHealInfantryAmount,Text,Yuri,community-reference-inferred-yuri-20260603,推断型字段：SelfHealInfantryAmount / Techno 暂未完成官方逐条核验；根据字段名、所属 TechnoType 对象 上下文和既有社区资料线索，它可能用于生命值、护甲、伤害或修理倍率，并可能涉及数值阈值、间隔、次数或概率参数。取值格式仍按原 INI 资料或项目内实际用法确认。该说明仅作为 BuiltIn 宽松兜底，不能替代 ModEnc、Ares 或 Phobos 官方字段页。
Techno,SelfHealInfantryFrames,Text,Yuri,community-reference-inferred-yuri-20260603,推断型字段：SelfHealInfantryFrames / Techno 暂未完成官方逐条核验；根据字段名、所属 TechnoType 对象 上下文和既有社区资料线索，它可能用于生命值、护甲、伤害或修理倍率，并可能涉及图像、动画、炮口坐标或 UI 表现。取值格式仍按原 INI 资料或项目内实际用法确认。该说明仅作为 BuiltIn 宽松兜底，不能替代 ModEnc、Ares 或 Phobos 官方字段页。
Techno,SelfHealUnitAmount,Text,Yuri,community-reference-inferred-yuri-20260603,推断型字段：SelfHealUnitAmount / Techno 暂未完成官方逐条核验；根据字段名、所属 TechnoType 对象 上下文和既有社区资料线索，它可能用于生命值、护甲、伤害或修理倍率，并可能涉及数值阈值、间隔、次数或概率参数。取值格式仍按原 INI 资料或项目内实际用法确认。该说明仅作为 BuiltIn 宽松兜底，不能替代 ModEnc、Ares 或 Phobos 官方字段页。
Techno,SelfHealUnitFrames,Text,Yuri,community-reference-inferred-yuri-20260603,推断型字段：SelfHealUnitFrames / Techno 暂未完成官方逐条核验；根据字段名、所属 TechnoType 对象 上下文和既有社区资料线索，它可能用于生命值、护甲、伤害或修理倍率，并可能涉及图像、动画、炮口坐标或 UI 表现。取值格式仍按原 INI 资料或项目内实际用法确认。该说明仅作为 BuiltIn 宽松兜底，不能替代 ModEnc、Ares 或 Phobos 官方字段页。
Techno,SellBack,Text,Yuri,community-reference-inferred-yuri-20260603,推断型字段：SellBack / Techno 暂未完成官方逐条核验；根据字段名、所属 TechnoType 对象 上下文和既有社区资料线索，它可能用于对象行为、显示或引擎内部规则。取值格式仍按原 INI 资料或项目内实际用法确认。该说明仅作为 BuiltIn 宽松兜底，不能替代 ModEnc、Ares 或 Phobos 官方字段页。
Techno,SellSound,Reference,Yuri,community-reference-inferred-yuri-20260603,推断型字段：SellSound / Techno 暂未完成官方逐条核验；根据字段名、所属 TechnoType 对象 上下文和既有社区资料线索，它可能用于声音、语音或 EVA 提示。通常引用另一类 INI 对象或资源 ID。该说明仅作为 BuiltIn 宽松兜底，不能替代 ModEnc、Ares 或 Phobos 官方字段页。
Techno,Semi-persistant,Text,Yuri,community-reference-inferred-yuri-20260603,推断型字段：Semi-persistant / Techno 暂未完成官方逐条核验；根据字段名、所属 TechnoType 对象 上下文和既有社区资料线索，它可能用于对象行为、显示或引擎内部规则。取值格式仍按原 INI 资料或项目内实际用法确认。该说明仅作为 BuiltIn 宽松兜底，不能替代 ModEnc、Ares 或 Phobos 官方字段页。
Techno,SensorArray,Text,Yuri,community-reference-inferred-yuri-20260603,推断型字段：SensorArray / Techno 暂未完成官方逐条核验；根据字段名、所属 TechnoType 对象 上下文和既有社区资料线索，它可能用于侦察、雷达、隐形或伪装。取值格式仍按原 INI 资料或项目内实际用法确认。该说明仅作为 BuiltIn 宽松兜底，不能替代 ModEnc、Ares 或 Phobos 官方字段页。
Techno,SeparateAircraft,Text,Yuri,community-reference-inferred-yuri-20260603,推断型字段：SeparateAircraft / Techno 暂未完成官方逐条核验；根据字段名、所属 TechnoType 对象 上下文和既有社区资料线索，它可能用于AI 行为、目标选择或威胁评估，并可能涉及数值阈值、间隔、次数或概率参数。取值格式仍按原 INI 资料或项目内实际用法确认。该说明仅作为 BuiltIn 宽松兜底，不能替代 ModEnc、Ares 或 Phobos 官方字段页。
Techno,ShadowGrow,Text,Yuri,community-reference-inferred-yuri-20260603,推断型字段：ShadowGrow / Techno 暂未完成官方逐条核验；根据字段名、所属 TechnoType 对象 上下文和既有社区资料线索，它可能用于图像、动画、炮口坐标或 UI 表现。取值格式仍按原 INI 资料或项目内实际用法确认。该说明仅作为 BuiltIn 宽松兜底，不能替代 ModEnc、Ares 或 Phobos 官方字段页。
Techno,ShadowIndex.Frame,Integer,Phobos,community-reference-inferred-phobos-20260603,推断型字段：ShadowIndex.Frame / Techno 暂未完成官方逐条核验；根据字段名、所属 TechnoType 对象 上下文和既有社区资料线索，它可能用于图像、动画、炮口坐标或 UI 表现。通常按整数参数理解。该说明仅作为 BuiltIn 宽松兜底，不能替代 ModEnc、Ares 或 Phobos 官方字段页。
Techno,ShadowIndices,Integer,Phobos,community-reference-inferred-phobos-20260603,推断型字段：ShadowIndices / Techno 暂未完成官方逐条核验；根据字段名、所属 TechnoType 对象 上下文和既有社区资料线索，它可能用于图像、动画、炮口坐标或 UI 表现。通常按整数参数理解。该说明仅作为 BuiltIn 宽松兜底，不能替代 ModEnc、Ares 或 Phobos 官方字段页。
Techno,ShadowIndices.Frame,Integer,Phobos,community-reference-inferred-phobos-20260603,推断型字段：ShadowIndices.Frame / Techno 暂未完成官方逐条核验；根据字段名、所属 TechnoType 对象 上下文和既有社区资料线索，它可能用于图像、动画、炮口坐标或 UI 表现。通常按整数参数理解。该说明仅作为 BuiltIn 宽松兜底，不能替代 ModEnc、Ares 或 Phobos 官方字段页。
Techno,ShadowSizeCharacteristicHeight,Integer,Phobos,community-reference-inferred-phobos-20260603,推断型字段：ShadowSizeCharacteristicHeight / Techno 暂未完成官方逐条核验；根据字段名、所属 TechnoType 对象 上下文和既有社区资料线索，它可能用于图像、动画、炮口坐标或 UI 表现。通常按整数参数理解。该说明仅作为 BuiltIn 宽松兜底，不能替代 ModEnc、Ares 或 Phobos 官方字段页。
Techno,ShakeScreen,Text,Yuri,community-reference-inferred-yuri-20260603,推断型字段：ShakeScreen / Techno 暂未完成官方逐条核验；根据字段名、所属 TechnoType 对象 上下文和既有社区资料线索，它可能用于对象行为、显示或引擎内部规则。取值格式仍按原 INI 资料或项目内实际用法确认。该说明仅作为 BuiltIn 宽松兜底，不能替代 ModEnc、Ares 或 Phobos 官方字段页。
Techno,ShareBarrelData,Text,Yuri,community-reference-inferred-yuri-20260603,推断型字段：ShareBarrelData / Techno 暂未完成官方逐条核验；根据字段名、所属 TechnoType 对象 上下文和既有社区资料线索，它可能用于图像、动画、炮口坐标或 UI 表现。取值格式仍按原 INI 资料或项目内实际用法确认。该说明仅作为 BuiltIn 宽松兜底，不能替代 ModEnc、Ares 或 Phobos 官方字段页。
Techno,ShareBodyData,Text,Yuri,community-reference-inferred-yuri-20260603,推断型字段：ShareBodyData / Techno 暂未完成官方逐条核验；根据字段名、所属 TechnoType 对象 上下文和既有社区资料线索，它可能用于对象行为、显示或引擎内部规则。取值格式仍按原 INI 资料或项目内实际用法确认。该说明仅作为 BuiltIn 宽松兜底，不能替代 ModEnc、Ares 或 Phobos 官方字段页。
Techno,ShareSource,Text,Yuri,community-reference-inferred-yuri-20260603,推断型字段：ShareSource / Techno 暂未完成官方逐条核验；根据字段名、所属 TechnoType 对象 上下文和既有社区资料线索，它可能用于资源、矿石、回收或经济收益。取值格式仍按原 INI 资料或项目内实际用法确认。该说明仅作为 BuiltIn 宽松兜底，不能替代 ModEnc、Ares 或 Phobos 官方字段页。
Techno,ShareTurretData,Text,Yuri,community-reference-inferred-yuri-20260603,推断型字段：ShareTurretData / Techno 暂未完成官方逐条核验；根据字段名、所属 TechnoType 对象 上下文和既有社区资料线索，它可能用于图像、动画、炮口坐标或 UI 表现。取值格式仍按原 INI 资料或项目内实际用法确认。该说明仅作为 BuiltIn 宽松兜底，不能替代 ModEnc、Ares 或 Phobos 官方字段页。
Techno,ShellButtonSlideSound,Reference,Yuri,community-reference-inferred-yuri-20260603,推断型字段：ShellButtonSlideSound / Techno 暂未完成官方逐条核验；根据字段名、所属 TechnoType 对象 上下文和既有社区资料线索，它可能用于声音、语音或 EVA 提示。通常引用另一类 INI 对象或资源 ID。该说明仅作为 BuiltIn 宽松兜底，不能替代 ModEnc、Ares 或 Phobos 官方字段页。
Techno,ShieldType,Text,Phobos,community-reference-inferred-phobos-20260603,推断型字段：ShieldType / Techno 暂未完成官方逐条核验；根据字段名、所属 TechnoType 对象 上下文和既有社区资料线索，它可能用于对象行为、显示或引擎内部规则。取值格式仍按原 INI 资料或项目内实际用法确认。该说明仅作为 BuiltIn 宽松兜底，不能替代 ModEnc、Ares 或 Phobos 官方字段页。
Techno,ShipLocomotorMakesWake,Boolean,Phobos,community-reference-inferred-phobos-20260603,推断型字段：ShipLocomotorMakesWake / Techno 暂未完成官方逐条核验；根据字段名、所属 TechnoType 对象 上下文和既有社区资料线索，它可能用于移动、寻路、部署或运动限制。通常按 yes/no 布尔值理解。该说明仅作为 BuiltIn 宽松兜底，不能替代 ModEnc、Ares 或 Phobos 官方字段页。
Techno,ShipSinkingWeight,Reference,Yuri,community-reference-inferred-yuri-20260603,推断型字段：ShipSinkingWeight / Techno 暂未完成官方逐条核验；根据字段名、所属 TechnoType 对象 上下文和既有社区资料线索，它可能用于对象行为、显示或引擎内部规则。通常引用另一类 INI 对象或资源 ID。该说明仅作为 BuiltIn 宽松兜底，不能替代 ModEnc、Ares 或 Phobos 官方字段页。
Techno,Shipyard,Text,Yuri,community-reference-inferred-yuri-20260603,推断型字段：Shipyard / Techno 暂未完成官方逐条核验；根据字段名、所属 TechnoType 对象 上下文和既有社区资料线索，它可能用于对象行为、显示或引擎内部规则。取值格式仍按原 INI 资料或项目内实际用法确认。该说明仅作为 BuiltIn 宽松兜底，不能替代 ModEnc、Ares 或 Phobos 官方字段页。
Techno,ShortGame,Text,Yuri,community-reference-inferred-yuri-20260603,推断型字段：ShortGame / Techno 暂未完成官方逐条核验；根据字段名、所属 TechnoType 对象 上下文和既有社区资料线索，它可能用于对象行为、显示或引擎内部规则。取值格式仍按原 INI 资料或项目内实际用法确认。该说明仅作为 BuiltIn 宽松兜底，不能替代 ModEnc、Ares 或 Phobos 官方字段页。
Techno,ShowDesignatorRange,Boolean,Phobos,community-reference-inferred-phobos-20260603,推断型字段：ShowDesignatorRange / Techno 暂未完成官方逐条核验；根据字段名、所属 TechnoType 对象 上下文和既有社区资料线索，它可能用于武器、开火或投射表现。通常按 yes/no 布尔值理解。该说明仅作为 BuiltIn 宽松兜底，不能替代 ModEnc、Ares 或 Phobos 官方字段页。
Techno,ShowFlashOnSelecting,Boolean,Phobos,community-reference-inferred-phobos-20260603,推断型字段：ShowFlashOnSelecting / Techno 暂未完成官方逐条核验；根据字段名、所属 TechnoType 对象 上下文和既有社区资料线索，它可能用于武器、开火或投射表现，并可能涉及超级武器或特殊效果逻辑。通常按 yes/no 布尔值理解。该说明仅作为 BuiltIn 宽松兜底，不能替代 ModEnc、Ares 或 Phobos 官方字段页。
Techno,ShowOccupantPips,Text,Yuri,community-reference-inferred-yuri-20260603,推断型字段：ShowOccupantPips / Techno 暂未完成官方逐条核验；根据字段名、所属 TechnoType 对象 上下文和既有社区资料线索，它可能用于对象行为、显示或引擎内部规则。取值格式仍按原 INI 资料或项目内实际用法确认。该说明仅作为 BuiltIn 宽松兜底，不能替代 ModEnc、Ares 或 Phobos 官方字段页。
Techno,ShowSpawnsPips,Boolean,Phobos,community-reference-inferred-phobos-20260603,推断型字段：ShowSpawnsPips / Techno 暂未完成官方逐条核验；根据字段名、所属 TechnoType 对象 上下文和既有社区资料线索，它可能用于生成物、乘员、残骸或派生单位。通常按 yes/no 布尔值理解。该说明仅作为 BuiltIn 宽松兜底，不能替代 ModEnc、Ares 或 Phobos 官方字段页。
Techno,Shroud,Text,Yuri,community-reference-inferred-yuri-20260603,推断型字段：Shroud / Techno 暂未完成官方逐条核验；根据字段名、所属 TechnoType 对象 上下文和既有社区资料线索，它可能用于侦察、雷达、隐形或伪装。取值格式仍按原 INI 资料或项目内实际用法确认。该说明仅作为 BuiltIn 宽松兜底，不能替代 ModEnc、Ares 或 Phobos 官方字段页。
Techno,ShroudGrow,Text,Yuri,community-reference-inferred-yuri-20260603,推断型字段：ShroudGrow / Techno 暂未完成官方逐条核验；根据字段名、所属 TechnoType 对象 上下文和既有社区资料线索，它可能用于侦察、雷达、隐形或伪装。取值格式仍按原 INI 资料或项目内实际用法确认。该说明仅作为 BuiltIn 宽松兜底，不能替代 ModEnc、Ares 或 Phobos 官方字段页。
Techno,ShroudRate,Text,Yuri,community-reference-inferred-yuri-20260603,推断型字段：ShroudRate / Techno 暂未完成官方逐条核验；根据字段名、所属 TechnoType 对象 上下文和既有社区资料线索，它可能用于移动、寻路、部署或运动限制，并可能涉及侦察、雷达、隐形或伪装。取值格式仍按原 INI 资料或项目内实际用法确认。该说明仅作为 BuiltIn 宽松兜底，不能替代 ModEnc、Ares 或 Phobos 官方字段页。
Techno,Side,Text,Yuri,community-reference-inferred-yuri-20260603,推断型字段：Side / Techno 暂未完成官方逐条核验；根据字段名、所属 TechnoType 对象 上下文和既有社区资料线索，它可能用于对象行为、显示或引擎内部规则。取值格式仍按原 INI 资料或项目内实际用法确认。该说明仅作为 BuiltIn 宽松兜底，不能替代 ModEnc、Ares 或 Phobos 官方字段页。
Techno,SideBarImage,Text,Yuri,community-reference-inferred-yuri-20260603,推断型字段：SideBarImage / Techno 暂未完成官方逐条核验；根据字段名、所属 TechnoType 对象 上下文和既有社区资料线索，它可能用于图像、动画、炮口坐标或 UI 表现。取值格式仍按原 INI 资料或项目内实际用法确认。该说明仅作为 BuiltIn 宽松兜底，不能替代 ModEnc、Ares 或 Phobos 官方字段页。
Techno,SilverCrate,Text,Yuri,community-reference-inferred-yuri-20260603,推断型字段：SilverCrate / Techno 暂未完成官方逐条核验；根据字段名、所属 TechnoType 对象 上下文和既有社区资料线索，它可能用于数值阈值、间隔、次数或概率参数。取值格式仍按原 INI 资料或项目内实际用法确认。该说明仅作为 BuiltIn 宽松兜底，不能替代 ModEnc、Ares 或 Phobos 官方字段页。
Techno,SinkingSound,Reference,Yuri,community-reference-inferred-yuri-20260603,推断型字段：SinkingSound / Techno 暂未完成官方逐条核验；根据字段名、所属 TechnoType 对象 上下文和既有社区资料线索，它可能用于声音、语音或 EVA 提示。通常引用另一类 INI 对象或资源 ID。该说明仅作为 BuiltIn 宽松兜底，不能替代 ModEnc、Ares 或 Phobos 官方字段页。
Techno,SkirmishUnlimitedColors,Boolean,Phobos,community-reference-inferred-phobos-20260603,推断型字段：SkirmishUnlimitedColors / Techno 暂未完成官方逐条核验；根据字段名、所属 TechnoType 对象 上下文和既有社区资料线索，它可能用于颜色、光照或视觉着色，并可能涉及数值阈值、间隔、次数或概率参数。通常按 yes/no 布尔值理解。该说明仅作为 BuiltIn 宽松兜底，不能替代 ModEnc、Ares 或 Phobos 官方字段页。
Techno,Slowdown,Text,Yuri,community-reference-inferred-yuri-20260603,推断型字段：Slowdown / Techno 暂未完成官方逐条核验；根据字段名、所属 TechnoType 对象 上下文和既有社区资料线索，它可能用于对象行为、显示或引擎内部规则。取值格式仍按原 INI 资料或项目内实际用法确认。该说明仅作为 BuiltIn 宽松兜底，不能替代 ModEnc、Ares 或 Phobos 官方字段页。
Techno,SmallFire,Text,Yuri,community-reference-inferred-yuri-20260603,推断型字段：SmallFire / Techno 暂未完成官方逐条核验；根据字段名、所属 TechnoType 对象 上下文和既有社区资料线索，它可能用于武器、开火或投射表现。取值格式仍按原 INI 资料或项目内实际用法确认。该说明仅作为 BuiltIn 宽松兜底，不能替代 ModEnc、Ares 或 Phobos 官方字段页。
Techno,SmallVisceroid,Text,Yuri,community-reference-inferred-yuri-20260603,推断型字段：SmallVisceroid / Techno 暂未完成官方逐条核验；根据字段名、所属 TechnoType 对象 上下文和既有社区资料线索，它可能用于对象行为、显示或引擎内部规则。取值格式仍按原 INI 资料或项目内实际用法确认。该说明仅作为 BuiltIn 宽松兜底，不能替代 ModEnc、Ares 或 Phobos 官方字段页。
Techno,SmartAI,Text,Yuri,community-reference-inferred-yuri-20260603,推断型字段：SmartAI / Techno 暂未完成官方逐条核验；根据字段名、所属 TechnoType 对象 上下文和既有社区资料线索，它可能用于AI 行为、目标选择或威胁评估，并可能涉及生命值、护甲、伤害或修理倍率。取值格式仍按原 INI 资料或项目内实际用法确认。该说明仅作为 BuiltIn 宽松兜底，不能替代 ModEnc、Ares 或 Phobos 官方字段页。
Techno,SnowOccupationBits,Text,Yuri,community-reference-inferred-yuri-20260603,推断型字段：SnowOccupationBits / Techno 暂未完成官方逐条核验；根据字段名、所属 TechnoType 对象 上下文和既有社区资料线索，它可能用于超级武器或特殊效果逻辑。取值格式仍按原 INI 资料或项目内实际用法确认。该说明仅作为 BuiltIn 宽松兜底，不能替代 ModEnc、Ares 或 Phobos 官方字段页。
Techno,SoloCrateMoney,Text,Yuri,community-reference-inferred-yuri-20260603,推断型字段：SoloCrateMoney / Techno 暂未完成官方逐条核验；根据字段名、所属 TechnoType 对象 上下文和既有社区资料线索，它可能用于资源、矿石、回收或经济收益，并可能涉及数值阈值、间隔、次数或概率参数。取值格式仍按原 INI 资料或项目内实际用法确认。该说明仅作为 BuiltIn 宽松兜底，不能替代 ModEnc、Ares 或 Phobos 官方字段页。
Techno,Sonic,Text,Yuri,community-reference-inferred-yuri-20260603,推断型字段：Sonic / Techno 暂未完成官方逐条核验；根据字段名、所属 TechnoType 对象 上下文和既有社区资料线索，它可能用于对象行为、显示或引擎内部规则。取值格式仍按原 INI 资料或项目内实际用法确认。该说明仅作为 BuiltIn 宽松兜底，不能替代 ModEnc、Ares 或 Phobos 官方字段页。
Techno,SovietCrew,Text,Yuri,community-reference-inferred-yuri-20260603,推断型字段：SovietCrew / Techno 暂未完成官方逐条核验；根据字段名、所属 TechnoType 对象 上下文和既有社区资料线索，它可能用于生成物、乘员、残骸或派生单位。取值格式仍按原 INI 资料或项目内实际用法确认。该说明仅作为 BuiltIn 宽松兜底，不能替代 ModEnc、Ares 或 Phobos 官方字段页。
Techno,SovietDisguise,Text,Yuri,community-reference-inferred-yuri-20260603,推断型字段：SovietDisguise / Techno 暂未完成官方逐条核验；根据字段名、所属 TechnoType 对象 上下文和既有社区资料线索，它可能用于侦察、雷达、隐形或伪装。取值格式仍按原 INI 资料或项目内实际用法确认。该说明仅作为 BuiltIn 宽松兜底，不能替代 ModEnc、Ares 或 Phobos 官方字段页。
Techno,SovietLoad,Text,Yuri,community-reference-inferred-yuri-20260603,推断型字段：SovietLoad / Techno 暂未完成官方逐条核验；根据字段名、所属 TechnoType 对象 上下文和既有社区资料线索，它可能用于部署、运输、乘员或形态切换。取值格式仍按原 INI 资料或项目内实际用法确认。该说明仅作为 BuiltIn 宽松兜底，不能替代 ModEnc、Ares 或 Phobos 官方字段页。
Techno,SovietSurvivorDivisor,Text,Yuri,community-reference-inferred-yuri-20260603,推断型字段：SovietSurvivorDivisor / Techno 暂未完成官方逐条核验；根据字段名、所属 TechnoType 对象 上下文和既有社区资料线索，它可能用于生成物、乘员、残骸或派生单位。取值格式仍按原 INI 资料或项目内实际用法确认。该说明仅作为 BuiltIn 宽松兜底，不能替代 ModEnc、Ares 或 Phobos 官方字段页。
Techno,SovParaDropInf,Text,Yuri,community-reference-inferred-yuri-20260603,推断型字段：SovParaDropInf / Techno 暂未完成官方逐条核验；根据字段名、所属 TechnoType 对象 上下文和既有社区资料线索，它可能用于超级武器或特殊效果逻辑。取值格式仍按原 INI 资料或项目内实际用法确认。该说明仅作为 BuiltIn 宽松兜底，不能替代 ModEnc、Ares 或 Phobos 官方字段页。
Techno,SovParaDropNum,Text,Yuri,community-reference-inferred-yuri-20260603,推断型字段：SovParaDropNum / Techno 暂未完成官方逐条核验；根据字段名、所属 TechnoType 对象 上下文和既有社区资料线索，它可能用于超级武器或特殊效果逻辑。取值格式仍按原 INI 资料或项目内实际用法确认。该说明仅作为 BuiltIn 宽松兜底，不能替代 ModEnc、Ares 或 Phobos 官方字段页。
Techno,SparkSpawnFrames,Text,Yuri,community-reference-inferred-yuri-20260603,推断型字段：SparkSpawnFrames / Techno 暂未完成官方逐条核验；根据字段名、所属 TechnoType 对象 上下文和既有社区资料线索，它可能用于生成物、乘员、残骸或派生单位，并可能涉及图像、动画、炮口坐标或 UI 表现。取值格式仍按原 INI 资料或项目内实际用法确认。该说明仅作为 BuiltIn 宽松兜底，不能替代 ModEnc、Ares 或 Phobos 官方字段页。
Techno,SpawnCutoff,Text,Yuri,community-reference-inferred-yuri-20260603,推断型字段：SpawnCutoff / Techno 暂未完成官方逐条核验；根据字段名、所属 TechnoType 对象 上下文和既有社区资料线索，它可能用于生成物、乘员、残骸或派生单位。取值格式仍按原 INI 资料或项目内实际用法确认。该说明仅作为 BuiltIn 宽松兜底，不能替代 ModEnc、Ares 或 Phobos 官方字段页。
Techno,SpawnDirection,Text,Yuri,community-reference-inferred-yuri-20260603,推断型字段：SpawnDirection / Techno 暂未完成官方逐条核验；根据字段名、所属 TechnoType 对象 上下文和既有社区资料线索，它可能用于生成物、乘员、残骸或派生单位，并可能涉及超级武器或特殊效果逻辑。取值格式仍按原 INI 资料或项目内实际用法确认。该说明仅作为 BuiltIn 宽松兜底，不能替代 ModEnc、Ares 或 Phobos 官方字段页。
Techno,Spawner,Text,Yuri,community-reference-inferred-yuri-20260603,推断型字段：Spawner / Techno 暂未完成官方逐条核验；根据字段名、所属 TechnoType 对象 上下文和既有社区资料线索，它可能用于生成物、乘员、残骸或派生单位。取值格式仍按原 INI 资料或项目内实际用法确认。该说明仅作为 BuiltIn 宽松兜底，不能替代 ModEnc、Ares 或 Phobos 官方字段页。
Techno,SpawnFrames,Text,Yuri,community-reference-inferred-yuri-20260603,推断型字段：SpawnFrames / Techno 暂未完成官方逐条核验；根据字段名、所属 TechnoType 对象 上下文和既有社区资料线索，它可能用于生成物、乘员、残骸或派生单位，并可能涉及图像、动画、炮口坐标或 UI 表现。取值格式仍按原 INI 资料或项目内实际用法确认。该说明仅作为 BuiltIn 宽松兜底，不能替代 ModEnc、Ares 或 Phobos 官方字段页。
Techno,SpawnRadius,Text,Yuri,community-reference-inferred-yuri-20260603,推断型字段：SpawnRadius / Techno 暂未完成官方逐条核验；根据字段名、所属 TechnoType 对象 上下文和既有社区资料线索，它可能用于生成物、乘员、残骸或派生单位。取值格式仍按原 INI 资料或项目内实际用法确认。该说明仅作为 BuiltIn 宽松兜底，不能替代 ModEnc、Ares 或 Phobos 官方字段页。
Techno,Spawns.Queue,MultiSelect,Phobos,community-reference-inferred-phobos-20260603,推断型字段：Spawns.Queue / Techno 暂未完成官方逐条核验；根据字段名、所属 TechnoType 对象 上下文和既有社区资料线索，它可能用于生成物、乘员、残骸或派生单位。通常按逗号分隔的枚举/列表值理解。该说明仅作为 BuiltIn 宽松兜底，不能替代 ModEnc、Ares 或 Phobos 官方字段页。
Techno,SpawnSparkPercentage,Text,Yuri,community-reference-inferred-yuri-20260603,推断型字段：SpawnSparkPercentage / Techno 暂未完成官方逐条核验；根据字段名、所属 TechnoType 对象 上下文和既有社区资料线索，它可能用于生成物、乘员、残骸或派生单位，并可能涉及数值阈值、间隔、次数或概率参数。取值格式仍按原 INI 资料或项目内实际用法确认。该说明仅作为 BuiltIn 宽松兜底，不能替代 ModEnc、Ares 或 Phobos 官方字段页。
Techno,SpawnsPipFrame,Integer,Phobos,community-reference-inferred-phobos-20260603,推断型字段：SpawnsPipFrame / Techno 暂未完成官方逐条核验；根据字段名、所属 TechnoType 对象 上下文和既有社区资料线索，它可能用于生成物、乘员、残骸或派生单位，并可能涉及图像、动画、炮口坐标或 UI 表现。通常按整数参数理解。该说明仅作为 BuiltIn 宽松兜底，不能替代 ModEnc、Ares 或 Phobos 官方字段页。
Techno,SpawnsPipOffset,Text,Phobos,community-reference-inferred-phobos-20260603,推断型字段：SpawnsPipOffset / Techno 暂未完成官方逐条核验；根据字段名、所属 TechnoType 对象 上下文和既有社区资料线索，它可能用于生成物、乘员、残骸或派生单位，并可能涉及图像、动画、炮口坐标或 UI 表现。取值格式仍按原 INI 资料或项目内实际用法确认。该说明仅作为 BuiltIn 宽松兜底，不能替代 ModEnc、Ares 或 Phobos 官方字段页。
Techno,SpawnsPipSize,Text,Phobos,community-reference-inferred-phobos-20260603,推断型字段：SpawnsPipSize / Techno 暂未完成官方逐条核验；根据字段名、所属 TechnoType 对象 上下文和既有社区资料线索，它可能用于生成物、乘员、残骸或派生单位。取值格式仍按原 INI 资料或项目内实际用法确认。该说明仅作为 BuiltIn 宽松兜底，不能替代 ModEnc、Ares 或 Phobos 官方字段页。
Techno,SpawnsTiberium,Text,Yuri,community-reference-inferred-yuri-20260603,推断型字段：SpawnsTiberium / Techno 暂未完成官方逐条核验；根据字段名、所属 TechnoType 对象 上下文和既有社区资料线索，它可能用于生成物、乘员、残骸或派生单位，并可能涉及资源、矿石、回收或经济收益。取值格式仍按原 INI 资料或项目内实际用法确认。该说明仅作为 BuiltIn 宽松兜底，不能替代 ModEnc、Ares 或 Phobos 官方字段页。
Techno,SpawnTranslucencyCutoff,Text,Yuri,community-reference-inferred-yuri-20260603,推断型字段：SpawnTranslucencyCutoff / Techno 暂未完成官方逐条核验；根据字段名、所属 TechnoType 对象 上下文和既有社区资料线索，它可能用于生成物、乘员、残骸或派生单位。取值格式仍按原 INI 资料或项目内实际用法确认。该说明仅作为 BuiltIn 宽松兜底，不能替代 ModEnc、Ares 或 Phobos 官方字段页。
Techno,SpeakDelay,Text,Yuri,community-reference-inferred-yuri-20260603,推断型字段：SpeakDelay / Techno 暂未完成官方逐条核验；根据字段名、所属 TechnoType 对象 上下文和既有社区资料线索，它可能用于数值阈值、间隔、次数或概率参数。取值格式仍按原 INI 资料或项目内实际用法确认。该说明仅作为 BuiltIn 宽松兜底，不能替代 ModEnc、Ares 或 Phobos 官方字段页。
Techno,SpeedAircraftMult,Text,Yuri,community-reference-inferred-yuri-20260603,推断型字段：SpeedAircraftMult / Techno 暂未完成官方逐条核验；根据字段名、所属 TechnoType 对象 上下文和既有社区资料线索，它可能用于AI 行为、目标选择或威胁评估，并可能涉及生命值、护甲、伤害或修理倍率。取值格式仍按原 INI 资料或项目内实际用法确认。该说明仅作为 BuiltIn 宽松兜底，不能替代 ModEnc、Ares 或 Phobos 官方字段页。
Techno,SpeedTypes,Text,Yuri,community-reference-inferred-yuri-20260603,推断型字段：SpeedTypes / Techno 暂未完成官方逐条核验；根据字段名、所属 TechnoType 对象 上下文和既有社区资料线索，它可能用于移动、寻路、部署或运动限制。取值格式仍按原 INI 资料或项目内实际用法确认。该说明仅作为 BuiltIn 宽松兜底，不能替代 ModEnc、Ares 或 Phobos 官方字段页。
Techno,SpiralDeltaPerCoord,Text,Yuri,community-reference-inferred-yuri-20260603,推断型字段：SpiralDeltaPerCoord / Techno 暂未完成官方逐条核验；根据字段名、所属 TechnoType 对象 上下文和既有社区资料线索，它可能用于超级武器或特殊效果逻辑，并可能涉及数值阈值、间隔、次数或概率参数。取值格式仍按原 INI 资料或项目内实际用法确认。该说明仅作为 BuiltIn 宽松兜底，不能替代 ModEnc、Ares 或 Phobos 官方字段页。
Techno,SpiralRadius,Text,Yuri,community-reference-inferred-yuri-20260603,推断型字段：SpiralRadius / Techno 暂未完成官方逐条核验；根据字段名、所属 TechnoType 对象 上下文和既有社区资料线索，它可能用于对象行为、显示或引擎内部规则。取值格式仍按原 INI 资料或项目内实际用法确认。该说明仅作为 BuiltIn 宽松兜底，不能替代 ModEnc、Ares 或 Phobos 官方字段页。
Techno,SpotlightAcceleration,Text,Yuri,community-reference-inferred-yuri-20260603,推断型字段：SpotlightAcceleration / Techno 暂未完成官方逐条核验；根据字段名、所属 TechnoType 对象 上下文和既有社区资料线索，它可能用于超级武器或特殊效果逻辑，并可能涉及颜色、光照或视觉着色。取值格式仍按原 INI 资料或项目内实际用法确认。该说明仅作为 BuiltIn 宽松兜底，不能替代 ModEnc、Ares 或 Phobos 官方字段页。
Techno,SpotlightAngle,Text,Yuri,community-reference-inferred-yuri-20260603,推断型字段：SpotlightAngle / Techno 暂未完成官方逐条核验；根据字段名、所属 TechnoType 对象 上下文和既有社区资料线索，它可能用于颜色、光照或视觉着色。取值格式仍按原 INI 资料或项目内实际用法确认。该说明仅作为 BuiltIn 宽松兜底，不能替代 ModEnc、Ares 或 Phobos 官方字段页。
Techno,SpotlightLocationRadius,Text,Yuri,community-reference-inferred-yuri-20260603,推断型字段：SpotlightLocationRadius / Techno 暂未完成官方逐条核验；根据字段名、所属 TechnoType 对象 上下文和既有社区资料线索，它可能用于超级武器或特殊效果逻辑，并可能涉及颜色、光照或视觉着色。取值格式仍按原 INI 资料或项目内实际用法确认。该说明仅作为 BuiltIn 宽松兜底，不能替代 ModEnc、Ares 或 Phobos 官方字段页。
Techno,SpotlightMovementRadius,Text,Yuri,community-reference-inferred-yuri-20260603,推断型字段：SpotlightMovementRadius / Techno 暂未完成官方逐条核验；根据字段名、所属 TechnoType 对象 上下文和既有社区资料线索，它可能用于移动、寻路、部署或运动限制，并可能涉及颜色、光照或视觉着色。取值格式仍按原 INI 资料或项目内实际用法确认。该说明仅作为 BuiltIn 宽松兜底，不能替代 ModEnc、Ares 或 Phobos 官方字段页。
Techno,SpotlightRadius,Text,Yuri,community-reference-inferred-yuri-20260603,推断型字段：SpotlightRadius / Techno 暂未完成官方逐条核验；根据字段名、所属 TechnoType 对象 上下文和既有社区资料线索，它可能用于颜色、光照或视觉着色。取值格式仍按原 INI 资料或项目内实际用法确认。该说明仅作为 BuiltIn 宽松兜底，不能替代 ModEnc、Ares 或 Phobos 官方字段页。
Techno,SpotlightSpeed,Text,Yuri,community-reference-inferred-yuri-20260603,推断型字段：SpotlightSpeed / Techno 暂未完成官方逐条核验；根据字段名、所属 TechnoType 对象 上下文和既有社区资料线索，它可能用于移动、寻路、部署或运动限制，并可能涉及颜色、光照或视觉着色。取值格式仍按原 INI 资料或项目内实际用法确认。该说明仅作为 BuiltIn 宽松兜底，不能替代 ModEnc、Ares 或 Phobos 官方字段页。
Techno,Spread,Text,Yuri,community-reference-inferred-yuri-20260603,推断型字段：Spread / Techno 暂未完成官方逐条核验；根据字段名、所属 TechnoType 对象 上下文和既有社区资料线索，它可能用于对象行为、显示或引擎内部规则。取值格式仍按原 INI 资料或项目内实际用法确认。该说明仅作为 BuiltIn 宽松兜底，不能替代 ModEnc、Ares 或 Phobos 官方字段页。
Techno,SpreadPercentage,Text,Yuri,community-reference-inferred-yuri-20260603,推断型字段：SpreadPercentage / Techno 暂未完成官方逐条核验；根据字段名、所属 TechnoType 对象 上下文和既有社区资料线索，它可能用于数值阈值、间隔、次数或概率参数。取值格式仍按原 INI 资料或项目内实际用法确认。该说明仅作为 BuiltIn 宽松兜底，不能替代 ModEnc、Ares 或 Phobos 官方字段页。
Techno,SpyCameraFrames,Reference,Yuri,community-reference-inferred-yuri-20260603,推断型字段：SpyCameraFrames / Techno 暂未完成官方逐条核验；根据字段名、所属 TechnoType 对象 上下文和既有社区资料线索，它可能用于图像、动画、炮口坐标或 UI 表现。通常引用另一类 INI 对象或资源 ID。该说明仅作为 BuiltIn 宽松兜底，不能替代 ModEnc、Ares 或 Phobos 官方字段页。
Techno,SpyMoneyStealPercent,Text,Yuri,community-reference-inferred-yuri-20260603,推断型字段：SpyMoneyStealPercent / Techno 暂未完成官方逐条核验；根据字段名、所属 TechnoType 对象 上下文和既有社区资料线索，它可能用于资源、矿石、回收或经济收益，并可能涉及数值阈值、间隔、次数或概率参数。取值格式仍按原 INI 资料或项目内实际用法确认。该说明仅作为 BuiltIn 宽松兜底，不能替代 ModEnc、Ares 或 Phobos 官方字段页。
Techno,SpyPlaneCamera,Reference,Yuri,community-reference-inferred-yuri-20260603,推断型字段：SpyPlaneCamera / Techno 暂未完成官方逐条核验；根据字段名、所属 TechnoType 对象 上下文和既有社区资料线索，它可能用于对象行为、显示或引擎内部规则。通常引用另一类 INI 对象或资源 ID。该说明仅作为 BuiltIn 宽松兜底，不能替代 ModEnc、Ares 或 Phobos 官方字段页。
Techno,SpyPowerBlackout,Text,Yuri,community-reference-inferred-yuri-20260603,推断型字段：SpyPowerBlackout / Techno 暂未完成官方逐条核验；根据字段名、所属 TechnoType 对象 上下文和既有社区资料线索，它可能用于建造条件、阵营可用性或生产经济。取值格式仍按原 INI 资料或项目内实际用法确认。该说明仅作为 BuiltIn 宽松兜底，不能替代 ModEnc、Ares 或 Phobos 官方字段页。
Techno,SpySatActivationSound,Reference,Yuri,community-reference-inferred-yuri-20260603,推断型字段：SpySatActivationSound / Techno 暂未完成官方逐条核验；根据字段名、所属 TechnoType 对象 上下文和既有社区资料线索，它可能用于声音、语音或 EVA 提示，并可能涉及超级武器或特殊效果逻辑。通常引用另一类 INI 对象或资源 ID。该说明仅作为 BuiltIn 宽松兜底，不能替代 ModEnc、Ares 或 Phobos 官方字段页。
Techno,SpySatDeactivationSound,Reference,Yuri,community-reference-inferred-yuri-20260603,推断型字段：SpySatDeactivationSound / Techno 暂未完成官方逐条核验；根据字段名、所属 TechnoType 对象 上下文和既有社区资料线索，它可能用于声音、语音或 EVA 提示，并可能涉及超级武器或特殊效果逻辑。通常引用另一类 INI 对象或资源 ID。该说明仅作为 BuiltIn 宽松兜底，不能替代 ModEnc、Ares 或 Phobos 官方字段页。
Techno,Squad,Text,Yuri,community-reference-inferred-yuri-20260603,推断型字段：Squad / Techno 暂未完成官方逐条核验；根据字段名、所属 TechnoType 对象 上下文和既有社区资料线索，它可能用于对象行为、显示或引擎内部规则。取值格式仍按原 INI 资料或项目内实际用法确认。该说明仅作为 BuiltIn 宽松兜底，不能替代 ModEnc、Ares 或 Phobos 官方字段页。
Techno,StartColor1,Text,Yuri,community-reference-inferred-yuri-20260603,推断型字段：StartColor1 / Techno 暂未完成官方逐条核验；根据字段名、所属 TechnoType 对象 上下文和既有社区资料线索，它可能用于颜色、光照或视觉着色。取值格式仍按原 INI 资料或项目内实际用法确认。该说明仅作为 BuiltIn 宽松兜底，不能替代 ModEnc、Ares 或 Phobos 官方字段页。
Techno,StartColor2,Text,Yuri,community-reference-inferred-yuri-20260603,推断型字段：StartColor2 / Techno 暂未完成官方逐条核验；根据字段名、所属 TechnoType 对象 上下文和既有社区资料线索，它可能用于颜色、光照或视觉着色。取值格式仍按原 INI 资料或项目内实际用法确认。该说明仅作为 BuiltIn 宽松兜底，不能替代 ModEnc、Ares 或 Phobos 官方字段页。
Techno,StartFrame,Text,Yuri,community-reference-inferred-yuri-20260603,推断型字段：StartFrame / Techno 暂未完成官方逐条核验；根据字段名、所属 TechnoType 对象 上下文和既有社区资料线索，它可能用于图像、动画、炮口坐标或 UI 表现。取值格式仍按原 INI 资料或项目内实际用法确认。该说明仅作为 BuiltIn 宽松兜底，不能替代 ModEnc、Ares 或 Phobos 官方字段页。
Techno,StartPlanningModeSound,Reference,Yuri,community-reference-inferred-yuri-20260603,推断型字段：StartPlanningModeSound / Techno 暂未完成官方逐条核验；根据字段名、所属 TechnoType 对象 上下文和既有社区资料线索，它可能用于声音、语音或 EVA 提示。通常引用另一类 INI 对象或资源 ID。该说明仅作为 BuiltIn 宽松兜底，不能替代 ModEnc、Ares 或 Phobos 官方字段页。
Techno,StartSound,Text,Yuri,community-reference-inferred-yuri-20260603,推断型字段：StartSound / Techno 暂未完成官方逐条核验；根据字段名、所属 TechnoType 对象 上下文和既有社区资料线索，它可能用于声音、语音或 EVA 提示。取值格式仍按原 INI 资料或项目内实际用法确认。该说明仅作为 BuiltIn 宽松兜底，不能替代 ModEnc、Ares 或 Phobos 官方字段页。
Techno,StartStateAI,Text,Yuri,community-reference-inferred-yuri-20260603,推断型字段：StartStateAI / Techno 暂未完成官方逐条核验；根据字段名、所属 TechnoType 对象 上下文和既有社区资料线索，它可能用于AI 行为、目标选择或威胁评估，并可能涉及生命值、护甲、伤害或修理倍率。取值格式仍按原 INI 资料或项目内实际用法确认。该说明仅作为 BuiltIn 宽松兜底，不能替代 ModEnc、Ares 或 Phobos 官方字段页。
Techno,StateAIAdvance,Text,Yuri,community-reference-inferred-yuri-20260603,推断型字段：StateAIAdvance / Techno 暂未完成官方逐条核验；根据字段名、所属 TechnoType 对象 上下文和既有社区资料线索，它可能用于AI 行为、目标选择或威胁评估，并可能涉及生命值、护甲、伤害或修理倍率。取值格式仍按原 INI 资料或项目内实际用法确认。该说明仅作为 BuiltIn 宽松兜底，不能替代 ModEnc、Ares 或 Phobos 官方字段页。
Techno,StopSound,Reference,Yuri,community-reference-inferred-yuri-20260603,推断型字段：StopSound / Techno 暂未完成官方逐条核验；根据字段名、所属 TechnoType 对象 上下文和既有社区资料线索，它可能用于声音、语音或 EVA 提示。通常引用另一类 INI 对象或资源 ID。该说明仅作为 BuiltIn 宽松兜底，不能替代 ModEnc、Ares 或 Phobos 官方字段页。
Techno,StormSound,Text,Yuri,community-reference-inferred-yuri-20260603,推断型字段：StormSound / Techno 暂未完成官方逐条核验；根据字段名、所属 TechnoType 对象 上下文和既有社区资料线索，它可能用于声音、语音或 EVA 提示。取值格式仍按原 INI 资料或项目内实际用法确认。该说明仅作为 BuiltIn 宽松兜底，不能替代 ModEnc、Ares 或 Phobos 官方字段页。
Techno,StupidHunt,Text,Yuri,community-reference-inferred-yuri-20260603,推断型字段：StupidHunt / Techno 暂未完成官方逐条核验；根据字段名、所属 TechnoType 对象 上下文和既有社区资料线索，它可能用于AI 行为、目标选择或威胁评估。取值格式仍按原 INI 资料或项目内实际用法确认。该说明仅作为 BuiltIn 宽松兜底，不能替代 ModEnc、Ares 或 Phobos 官方字段页。
Techno,SubterraneanHeight,Integer,Phobos,community-reference-inferred-phobos-20260603,推断型字段：SubterraneanHeight / Techno 暂未完成官方逐条核验；根据字段名、所属 TechnoType 对象 上下文和既有社区资料线索，它可能用于对象行为、显示或引擎内部规则。通常按整数参数理解。该说明仅作为 BuiltIn 宽松兜底，不能替代 ModEnc、Ares 或 Phobos 官方字段页。
Techno,SubterraneanSpeed,Integer,Phobos,community-reference-inferred-phobos-20260603,推断型字段：SubterraneanSpeed / Techno 暂未完成官方逐条核验；根据字段名、所属 TechnoType 对象 上下文和既有社区资料线索，它可能用于移动、寻路、部署或运动限制。通常按整数参数理解。该说明仅作为 BuiltIn 宽松兜底，不能替代 ModEnc、Ares 或 Phobos 官方字段页。
Techno,Suffix,Text,Yuri,community-reference-inferred-yuri-20260603,推断型字段：Suffix / Techno 暂未完成官方逐条核验；根据字段名、所属 TechnoType 对象 上下文和既有社区资料线索，它可能用于对象行为、显示或引擎内部规则。取值格式仍按原 INI 资料或项目内实际用法确认。该说明仅作为 BuiltIn 宽松兜底，不能替代 ModEnc、Ares 或 Phobos 官方字段页。
Techno,SuperAnim,Text,Yuri,community-reference-inferred-yuri-20260603,推断型字段：SuperAnim / Techno 暂未完成官方逐条核验；根据字段名、所属 TechnoType 对象 上下文和既有社区资料线索，它可能用于图像、动画、炮口坐标或 UI 表现，并可能涉及超级武器或特殊效果逻辑。取值格式仍按原 INI 资料或项目内实际用法确认。该说明仅作为 BuiltIn 宽松兜底，不能替代 ModEnc、Ares 或 Phobos 官方字段页。
Techno,SuperGapRadiusInCells,Text,Yuri,community-reference-inferred-yuri-20260603,推断型字段：SuperGapRadiusInCells / Techno 暂未完成官方逐条核验；根据字段名、所属 TechnoType 对象 上下文和既有社区资料线索，它可能用于资源、矿石、回收或经济收益，并可能涉及数值阈值、间隔、次数或概率参数。取值格式仍按原 INI 资料或项目内实际用法确认。该说明仅作为 BuiltIn 宽松兜底，不能替代 ModEnc、Ares 或 Phobos 官方字段页。
Techno,SuperWeaponsAllowed,Text,Yuri,community-reference-inferred-yuri-20260603,推断型字段：SuperWeaponsAllowed / Techno 暂未完成官方逐条核验；根据字段名、所属 TechnoType 对象 上下文和既有社区资料线索，它可能用于列表型条件、允许/禁止关系或筛选规则，并可能涉及武器、开火或投射表现。取值格式仍按原 INI 资料或项目内实际用法确认。该说明仅作为 BuiltIn 宽松兜底，不能替代 ModEnc、Ares 或 Phobos 官方字段页。
Techno,SuppressionThreshold,Text,Yuri,community-reference-inferred-yuri-20260603,推断型字段：SuppressionThreshold / Techno 暂未完成官方逐条核验；根据字段名、所属 TechnoType 对象 上下文和既有社区资料线索，它可能用于超级武器或特殊效果逻辑。取值格式仍按原 INI 资料或项目内实际用法确认。该说明仅作为 BuiltIn 宽松兜底，不能替代 ModEnc、Ares 或 Phobos 官方字段页。
Techno,SuppressKillWeapons,Boolean,Phobos,community-reference-inferred-phobos-20260603,推断型字段：SuppressKillWeapons / Techno 暂未完成官方逐条核验；根据字段名、所属 TechnoType 对象 上下文和既有社区资料线索，它可能用于武器、开火或投射表现。通常按 yes/no 布尔值理解。该说明仅作为 BuiltIn 宽松兜底，不能替代 ModEnc、Ares 或 Phobos 官方字段页。
Techno,SuppressKillWeapons.Types,Reference,Phobos,community-reference-inferred-phobos-20260603,推断型字段：SuppressKillWeapons.Types / Techno 暂未完成官方逐条核验；根据字段名、所属 TechnoType 对象 上下文和既有社区资料线索，它可能用于武器、开火或投射表现。通常引用另一类 INI 对象或资源 ID。该说明仅作为 BuiltIn 宽松兜底，不能替代 ModEnc、Ares 或 Phobos 官方字段页。
Techno,Supress,Text,Yuri,community-reference-inferred-yuri-20260603,推断型字段：Supress / Techno 暂未完成官方逐条核验；根据字段名、所属 TechnoType 对象 上下文和既有社区资料线索，它可能用于对象行为、显示或引擎内部规则。取值格式仍按原 INI 资料或项目内实际用法确认。该说明仅作为 BuiltIn 宽松兜底，不能替代 ModEnc、Ares 或 Phobos 官方字段页。
Techno,SurvivorRate,Text,Yuri,community-reference-inferred-yuri-20260603,推断型字段：SurvivorRate / Techno 暂未完成官方逐条核验；根据字段名、所属 TechnoType 对象 上下文和既有社区资料线索，它可能用于移动、寻路、部署或运动限制，并可能涉及生成物、乘员、残骸或派生单位。取值格式仍按原 INI 资料或项目内实际用法确认。该说明仅作为 BuiltIn 宽松兜底，不能替代 ModEnc、Ares 或 Phobos 官方字段页。
Techno,SuspendDelay,Text,Yuri,community-reference-inferred-yuri-20260603,推断型字段：SuspendDelay / Techno 暂未完成官方逐条核验；根据字段名、所属 TechnoType 对象 上下文和既有社区资料线索，它可能用于数值阈值、间隔、次数或概率参数。取值格式仍按原 INI 资料或项目内实际用法确认。该说明仅作为 BuiltIn 宽松兜底，不能替代 ModEnc、Ares 或 Phobos 官方字段页。
Techno,SuspendPriority,Text,Yuri,community-reference-inferred-yuri-20260603,推断型字段：SuspendPriority / Techno 暂未完成官方逐条核验；根据字段名、所属 TechnoType 对象 上下文和既有社区资料线索，它可能用于对象行为、显示或引擎内部规则。取值格式仍按原 INI 资料或项目内实际用法确认。该说明仅作为 BuiltIn 宽松兜底，不能替代 ModEnc、Ares 或 Phobos 官方字段页。
Techno,SystemError,Reference,Yuri,community-reference-inferred-yuri-20260603,推断型字段：SystemError / Techno 暂未完成官方逐条核验；根据字段名、所属 TechnoType 对象 上下文和既有社区资料线索，它可能用于对象行为、显示或引擎内部规则。通常引用另一类 INI 对象或资源 ID。该说明仅作为 BuiltIn 宽松兜底，不能替代 ModEnc、Ares 或 Phobos 官方字段页。
Techno,TalkBubbleTime,Text,Yuri,community-reference-inferred-yuri-20260603,推断型字段：TalkBubbleTime / Techno 暂未完成官方逐条核验；根据字段名、所属 TechnoType 对象 上下文和既有社区资料线索，它可能用于数值阈值、间隔、次数或概率参数。取值格式仍按原 INI 资料或项目内实际用法确认。该说明仅作为 BuiltIn 宽松兜底，不能替代 ModEnc、Ares 或 Phobos 官方字段页。
Techno,TargetCoordOffset,Text,Yuri,community-reference-inferred-yuri-20260603,推断型字段：TargetCoordOffset / Techno 暂未完成官方逐条核验；根据字段名、所属 TechnoType 对象 上下文和既有社区资料线索，它可能用于AI 行为、目标选择或威胁评估，并可能涉及图像、动画、炮口坐标或 UI 表现。取值格式仍按原 INI 资料或项目内实际用法确认。该说明仅作为 BuiltIn 宽松兜底，不能替代 ModEnc、Ares 或 Phobos 官方字段页。
Techno,TargetDistanceCoefficientDefault,Text,Yuri,community-reference-inferred-yuri-20260603,推断型字段：TargetDistanceCoefficientDefault / Techno 暂未完成官方逐条核验；根据字段名、所属 TechnoType 对象 上下文和既有社区资料线索，它可能用于AI 行为、目标选择或威胁评估。取值格式仍按原 INI 资料或项目内实际用法确认。该说明仅作为 BuiltIn 宽松兜底，不能替代 ModEnc、Ares 或 Phobos 官方字段页。
Techno,TargetEffectivenessCoefficientDefault,Text,Yuri,community-reference-inferred-yuri-20260603,推断型字段：TargetEffectivenessCoefficientDefault / Techno 暂未完成官方逐条核验；根据字段名、所属 TechnoType 对象 上下文和既有社区资料线索，它可能用于AI 行为、目标选择或威胁评估。取值格式仍按原 INI 资料或项目内实际用法确认。该说明仅作为 BuiltIn 宽松兜底，不能替代 ModEnc、Ares 或 Phobos 官方字段页。
Techno,TargetLaser,Text,Yuri,community-reference-inferred-yuri-20260603,推断型字段：TargetLaser / Techno 暂未完成官方逐条核验；根据字段名、所属 TechnoType 对象 上下文和既有社区资料线索，它可能用于AI 行为、目标选择或威胁评估，并可能涉及武器、开火或投射表现。取值格式仍按原 INI 资料或项目内实际用法确认。该说明仅作为 BuiltIn 宽松兜底，不能替代 ModEnc、Ares 或 Phobos 官方字段页。
Techno,TargetSpecialThreatCoefficientDefault,Text,Yuri,community-reference-inferred-yuri-20260603,推断型字段：TargetSpecialThreatCoefficientDefault / Techno 暂未完成官方逐条核验；根据字段名、所属 TechnoType 对象 上下文和既有社区资料线索，它可能用于AI 行为、目标选择或威胁评估。取值格式仍按原 INI 资料或项目内实际用法确认。该说明仅作为 BuiltIn 宽松兜底，不能替代 ModEnc、Ares 或 Phobos 官方字段页。
Techno,TargetStrengthCoefficientDefault,Text,Yuri,community-reference-inferred-yuri-20260603,推断型字段：TargetStrengthCoefficientDefault / Techno 暂未完成官方逐条核验；根据字段名、所属 TechnoType 对象 上下文和既有社区资料线索，它可能用于AI 行为、目标选择或威胁评估，并可能涉及生命值、护甲、伤害或修理倍率。取值格式仍按原 INI 资料或项目内实际用法确认。该说明仅作为 BuiltIn 宽松兜底，不能替代 ModEnc、Ares 或 Phobos 官方字段页。
Techno,TargetZoneScanType,Enum,Phobos,community-reference-inferred-phobos-20260603,推断型字段：TargetZoneScanType / Techno 暂未完成官方逐条核验；根据字段名、所属 TechnoType 对象 上下文和既有社区资料线索，它可能用于AI 行为、目标选择或威胁评估。通常按固定枚举值理解。该说明仅作为 BuiltIn 宽松兜底，不能替代 ModEnc、Ares 或 Phobos 官方字段页。
Techno,TeamMember.ConsideredAs,Reference,Phobos,community-reference-inferred-phobos-20260603,推断型字段：TeamMember.ConsideredAs / Techno 暂未完成官方逐条核验；根据字段名、所属 TechnoType 对象 上下文和既有社区资料线索，它可能用于武器、开火或投射表现，并可能涉及部署、运输、乘员或形态切换。通常引用另一类 INI 对象或资源 ID。该说明仅作为 BuiltIn 宽松兜底，不能替代 ModEnc、Ares 或 Phobos 官方字段页。
Techno,Technician,Text,Yuri,community-reference-inferred-yuri-20260603,推断型字段：Technician / Techno 暂未完成官方逐条核验；根据字段名、所属 TechnoType 对象 上下文和既有社区资料线索，它可能用于对象行为、显示或引擎内部规则。取值格式仍按原 INI 资料或项目内实际用法确认。该说明仅作为 BuiltIn 宽松兜底，不能替代 ModEnc、Ares 或 Phobos 官方字段页。
Techno,Teleporter,Text,Yuri,community-reference-inferred-yuri-20260603,推断型字段：Teleporter / Techno 暂未完成官方逐条核验；根据字段名、所属 TechnoType 对象 上下文和既有社区资料线索，它可能用于对象行为、显示或引擎内部规则。取值格式仍按原 INI 资料或项目内实际用法确认。该说明仅作为 BuiltIn 宽松兜底，不能替代 ModEnc、Ares 或 Phobos 官方字段页。
Techno,TemperateOccupationBits,Text,Yuri,community-reference-inferred-yuri-20260603,推断型字段：TemperateOccupationBits / Techno 暂未完成官方逐条核验；根据字段名、所属 TechnoType 对象 上下文和既有社区资料线索，它可能用于超级武器或特殊效果逻辑，并可能涉及数值阈值、间隔、次数或概率参数。取值格式仍按原 INI 资料或项目内实际用法确认。该说明仅作为 BuiltIn 宽松兜底，不能替代 ModEnc、Ares 或 Phobos 官方字段页。
Techno,Temporal,Text,Yuri,community-reference-inferred-yuri-20260603,推断型字段：Temporal / Techno 暂未完成官方逐条核验；根据字段名、所属 TechnoType 对象 上下文和既有社区资料线索，它可能用于超级武器或特殊效果逻辑。取值格式仍按原 INI 资料或项目内实际用法确认。该说明仅作为 BuiltIn 宽松兜底，不能替代 ModEnc、Ares 或 Phobos 官方字段页。
Techno,TerrainFire,Text,Yuri,community-reference-inferred-yuri-20260603,推断型字段：TerrainFire / Techno 暂未完成官方逐条核验；根据字段名、所属 TechnoType 对象 上下文和既有社区资料线索，它可能用于AI 行为、目标选择或威胁评估，并可能涉及武器、开火或投射表现。取值格式仍按原 INI 资料或项目内实际用法确认。该说明仅作为 BuiltIn 宽松兜底，不能替代 ModEnc、Ares 或 Phobos 官方字段页。
Techno,TeslaCharge,Reference,Yuri,community-reference-inferred-yuri-20260603,推断型字段：TeslaCharge / Techno 暂未完成官方逐条核验；根据字段名、所属 TechnoType 对象 上下文和既有社区资料线索，它可能用于对象行为、显示或引擎内部规则。通常引用另一类 INI 对象或资源 ID。该说明仅作为 BuiltIn 宽松兜底，不能替代 ModEnc、Ares 或 Phobos 官方字段页。
Techno,TeslaZap,Text,Yuri,community-reference-inferred-yuri-20260603,推断型字段：TeslaZap / Techno 暂未完成官方逐条核验；根据字段名、所属 TechnoType 对象 上下文和既有社区资料线索，它可能用于对象行为、显示或引擎内部规则。取值格式仍按原 INI 资料或项目内实际用法确认。该说明仅作为 BuiltIn 宽松兜底，不能替代 ModEnc、Ares 或 Phobos 官方字段页。
Techno,Thief,Text,Yuri,community-reference-inferred-yuri-20260603,推断型字段：Thief / Techno 暂未完成官方逐条核验；根据字段名、所属 TechnoType 对象 上下文和既有社区资料线索，它可能用于对象行为、显示或引擎内部规则。取值格式仍按原 INI 资料或项目内实际用法确认。该说明仅作为 BuiltIn 宽松兜底，不能替代 ModEnc、Ares 或 Phobos 官方字段页。
Techno,ThreatPerOccupant,Text,Yuri,community-reference-inferred-yuri-20260603,推断型字段：ThreatPerOccupant / Techno 暂未完成官方逐条核验；根据字段名、所属 TechnoType 对象 上下文和既有社区资料线索，它可能用于AI 行为、目标选择或威胁评估，并可能涉及超级武器或特殊效果逻辑。取值格式仍按原 INI 资料或项目内实际用法确认。该说明仅作为 BuiltIn 宽松兜底，不能替代 ModEnc、Ares 或 Phobos 官方字段页。
Techno,TiberiumExplosionDamage,Text,Yuri,community-reference-inferred-yuri-20260603,推断型字段：TiberiumExplosionDamage / Techno 暂未完成官方逐条核验；根据字段名、所属 TechnoType 对象 上下文和既有社区资料线索，它可能用于生命值、护甲、伤害或修理倍率，并可能涉及超级武器或特殊效果逻辑。取值格式仍按原 INI 资料或项目内实际用法确认。该说明仅作为 BuiltIn 宽松兜底，不能替代 ModEnc、Ares 或 Phobos 官方字段页。
Techno,TiberiumExplosive,Text,Yuri,community-reference-inferred-yuri-20260603,推断型字段：TiberiumExplosive / Techno 暂未完成官方逐条核验；根据字段名、所属 TechnoType 对象 上下文和既有社区资料线索，它可能用于资源、矿石、回收或经济收益。取值格式仍按原 INI 资料或项目内实际用法确认。该说明仅作为 BuiltIn 宽松兜底，不能替代 ModEnc、Ares 或 Phobos 官方字段页。
Techno,TiberiumFarScan,Text,Yuri,community-reference-inferred-yuri-20260603,推断型字段：TiberiumFarScan / Techno 暂未完成官方逐条核验；根据字段名、所属 TechnoType 对象 上下文和既有社区资料线索，它可能用于资源、矿石、回收或经济收益。取值格式仍按原 INI 资料或项目内实际用法确认。该说明仅作为 BuiltIn 宽松兜底，不能替代 ModEnc、Ares 或 Phobos 官方字段页。
Techno,TiberiumGrows,Text,Yuri,community-reference-inferred-yuri-20260603,推断型字段：TiberiumGrows / Techno 暂未完成官方逐条核验；根据字段名、所属 TechnoType 对象 上下文和既有社区资料线索，它可能用于资源、矿石、回收或经济收益。取值格式仍按原 INI 资料或项目内实际用法确认。该说明仅作为 BuiltIn 宽松兜底，不能替代 ModEnc、Ares 或 Phobos 官方字段页。
Techno,TiberiumNearScan,Text,Yuri,community-reference-inferred-yuri-20260603,推断型字段：TiberiumNearScan / Techno 暂未完成官方逐条核验；根据字段名、所属 TechnoType 对象 上下文和既有社区资料线索，它可能用于资源、矿石、回收或经济收益。取值格式仍按原 INI 资料或项目内实际用法确认。该说明仅作为 BuiltIn 宽松兜底，不能替代 ModEnc、Ares 或 Phobos 官方字段页。
Techno,TiberiumProof,Text,Yuri,community-reference-inferred-yuri-20260603,推断型字段：TiberiumProof / Techno 暂未完成官方逐条核验；根据字段名、所属 TechnoType 对象 上下文和既有社区资料线索，它可能用于资源、矿石、回收或经济收益。取值格式仍按原 INI 资料或项目内实际用法确认。该说明仅作为 BuiltIn 宽松兜底，不能替代 ModEnc、Ares 或 Phobos 官方字段页。
Techno,TiberiumStrength,Text,Yuri,community-reference-inferred-yuri-20260603,推断型字段：TiberiumStrength / Techno 暂未完成官方逐条核验；根据字段名、所属 TechnoType 对象 上下文和既有社区资料线索，它可能用于生命值、护甲、伤害或修理倍率，并可能涉及资源、矿石、回收或经济收益。取值格式仍按原 INI 资料或项目内实际用法确认。该说明仅作为 BuiltIn 宽松兜底，不能替代 ModEnc、Ares 或 Phobos 官方字段页。
Techno,TiberiumTransmogrify,Text,Yuri,community-reference-inferred-yuri-20260603,推断型字段：TiberiumTransmogrify / Techno 暂未完成官方逐条核验；根据字段名、所属 TechnoType 对象 上下文和既有社区资料线索，它可能用于资源、矿石、回收或经济收益。取值格式仍按原 INI 资料或项目内实际用法确认。该说明仅作为 BuiltIn 宽松兜底，不能替代 ModEnc、Ares 或 Phobos 官方字段页。
Techno,TickTank,Text,Yuri,community-reference-inferred-yuri-20260603,推断型字段：TickTank / Techno 暂未完成官方逐条核验；根据字段名、所属 TechnoType 对象 上下文和既有社区资料线索，它可能用于对象行为、显示或引擎内部规则。取值格式仍按原 INI 资料或项目内实际用法确认。该说明仅作为 BuiltIn 宽松兜底，不能替代 ModEnc、Ares 或 Phobos 官方字段页。
Techno,TiltsWhenCrushes,Text,Yuri,community-reference-inferred-yuri-20260603,推断型字段：TiltsWhenCrushes / Techno 暂未完成官方逐条核验；根据字段名、所属 TechnoType 对象 上下文和既有社区资料线索，它可能用于移动、寻路、部署或运动限制。取值格式仍按原 INI 资料或项目内实际用法确认。该说明仅作为 BuiltIn 宽松兜底，不能替代 ModEnc、Ares 或 Phobos 官方字段页。
Techno,TimerWarning,Text,Yuri,community-reference-inferred-yuri-20260603,推断型字段：TimerWarning / Techno 暂未完成官方逐条核验；根据字段名、所属 TechnoType 对象 上下文和既有社区资料线索，它可能用于数值阈值、间隔、次数或概率参数。取值格式仍按原 INI 资料或项目内实际用法确认。该说明仅作为 BuiltIn 宽松兜底，不能替代 ModEnc、Ares 或 Phobos 官方字段页。
Techno,TireVoxelDebris,Text,Yuri,community-reference-inferred-yuri-20260603,推断型字段：TireVoxelDebris / Techno 暂未完成官方逐条核验；根据字段名、所属 TechnoType 对象 上下文和既有社区资料线索，它可能用于图像、动画、炮口坐标或 UI 表现。取值格式仍按原 INI 资料或项目内实际用法确认。该说明仅作为 BuiltIn 宽松兜底，不能替代 ModEnc、Ares 或 Phobos 官方字段页。
Techno,TogglePower,Text,Yuri,community-reference-inferred-yuri-20260603,推断型字段：TogglePower / Techno 暂未完成官方逐条核验；根据字段名、所属 TechnoType 对象 上下文和既有社区资料线索，它可能用于建造条件、阵营可用性或生产经济。取值格式仍按原 INI 资料或项目内实际用法确认。该说明仅作为 BuiltIn 宽松兜底，不能替代 ModEnc、Ares 或 Phobos 官方字段页。
Techno,TooBigToFitUnderBridge,Text,Yuri,community-reference-inferred-yuri-20260603,推断型字段：TooBigToFitUnderBridge / Techno 暂未完成官方逐条核验；根据字段名、所属 TechnoType 对象 上下文和既有社区资料线索，它可能用于建造条件、阵营可用性或生产经济，并可能涉及移动、寻路、部署或运动限制。取值格式仍按原 INI 资料或项目内实际用法确认。该说明仅作为 BuiltIn 宽松兜底，不能替代 ModEnc、Ares 或 Phobos 官方字段页。
Techno,TopYellow,Text,Yuri,community-reference-inferred-yuri-20260603,推断型字段：TopYellow / Techno 暂未完成官方逐条核验；根据字段名、所属 TechnoType 对象 上下文和既有社区资料线索，它可能用于部署、运输、乘员或形态切换。取值格式仍按原 INI 资料或项目内实际用法确认。该说明仅作为 BuiltIn 宽松兜底，不能替代 ModEnc、Ares 或 Phobos 官方字段页。
Techno,ToTile,Text,Yuri,community-reference-inferred-yuri-20260603,推断型字段：ToTile / Techno 暂未完成官方逐条核验；根据字段名、所属 TechnoType 对象 上下文和既有社区资料线索，它可能用于建造条件、阵营可用性或生产经济，并可能涉及武器、开火或投射表现。取值格式仍按原 INI 资料或项目内实际用法确认。该说明仅作为 BuiltIn 宽松兜底，不能替代 ModEnc、Ares 或 Phobos 官方字段页。
Techno,Track,Text,Yuri,community-reference-inferred-yuri-20260603,推断型字段：Track / Techno 暂未完成官方逐条核验；根据字段名、所属 TechnoType 对象 上下文和既有社区资料线索，它可能用于对象行为、显示或引擎内部规则。取值格式仍按原 INI 资料或项目内实际用法确认。该说明仅作为 BuiltIn 宽松兜底，不能替代 ModEnc、Ares 或 Phobos 官方字段页。
Techno,TrackedDownhill,Text,Yuri,community-reference-inferred-yuri-20260603,推断型字段：TrackedDownhill / Techno 暂未完成官方逐条核验；根据字段名、所属 TechnoType 对象 上下文和既有社区资料线索，它可能用于对象行为、显示或引擎内部规则。取值格式仍按原 INI 资料或项目内实际用法确认。该说明仅作为 BuiltIn 宽松兜底，不能替代 ModEnc、Ares 或 Phobos 官方字段页。
Techno,TrackedUphill,Text,Yuri,community-reference-inferred-yuri-20260603,推断型字段：TrackedUphill / Techno 暂未完成官方逐条核验；根据字段名、所属 TechnoType 对象 上下文和既有社区资料线索，它可能用于对象行为、显示或引擎内部规则。取值格式仍按原 INI 资料或项目内实际用法确认。该说明仅作为 BuiltIn 宽松兜底，不能替代 ModEnc、Ares 或 Phobos 官方字段页。
Techno,Translucent25State,Text,Yuri,community-reference-inferred-yuri-20260603,推断型字段：Translucent25State / Techno 暂未完成官方逐条核验；根据字段名、所属 TechnoType 对象 上下文和既有社区资料线索，它可能用于对象行为、显示或引擎内部规则。取值格式仍按原 INI 资料或项目内实际用法确认。该说明仅作为 BuiltIn 宽松兜底，不能替代 ModEnc、Ares 或 Phobos 官方字段页。
Techno,Translucent50State,Text,Yuri,community-reference-inferred-yuri-20260603,推断型字段：Translucent50State / Techno 暂未完成官方逐条核验；根据字段名、所属 TechnoType 对象 上下文和既有社区资料线索，它可能用于对象行为、显示或引擎内部规则。取值格式仍按原 INI 资料或项目内实际用法确认。该说明仅作为 BuiltIn 宽松兜底，不能替代 ModEnc、Ares 或 Phobos 官方字段页。
Techno,TreeFire,Text,Yuri,community-reference-inferred-yuri-20260603,推断型字段：TreeFire / Techno 暂未完成官方逐条核验；根据字段名、所属 TechnoType 对象 上下文和既有社区资料线索，它可能用于武器、开火或投射表现。取值格式仍按原 INI 资料或项目内实际用法确认。该说明仅作为 BuiltIn 宽松兜底，不能替代 ModEnc、Ares 或 Phobos 官方字段页。
Techno,TreeFlammability,Text,Yuri,community-reference-inferred-yuri-20260603,推断型字段：TreeFlammability / Techno 暂未完成官方逐条核验；根据字段名、所属 TechnoType 对象 上下文和既有社区资料线索，它可能用于对象行为、显示或引擎内部规则。取值格式仍按原 INI 资料或项目内实际用法确认。该说明仅作为 BuiltIn 宽松兜底，不能替代 ModEnc、Ares 或 Phobos 官方字段页。
Techno,TreeStrength,Text,Yuri,community-reference-inferred-yuri-20260603,推断型字段：TreeStrength / Techno 暂未完成官方逐条核验；根据字段名、所属 TechnoType 对象 上下文和既有社区资料线索，它可能用于生命值、护甲、伤害或修理倍率。取值格式仍按原 INI 资料或项目内实际用法确认。该说明仅作为 BuiltIn 宽松兜底，不能替代 ModEnc、Ares 或 Phobos 官方字段页。
Techno,TreeTargeting,Text,Yuri,community-reference-inferred-yuri-20260603,推断型字段：TreeTargeting / Techno 暂未完成官方逐条核验；根据字段名、所属 TechnoType 对象 上下文和既有社区资料线索，它可能用于AI 行为、目标选择或威胁评估。取值格式仍按原 INI 资料或项目内实际用法确认。该说明仅作为 BuiltIn 宽松兜底，不能替代 ModEnc、Ares 或 Phobos 官方字段页。
Techno,TunnelSpeed,Text,Yuri,community-reference-inferred-yuri-20260603,推断型字段：TunnelSpeed / Techno 暂未完成官方逐条核验；根据字段名、所属 TechnoType 对象 上下文和既有社区资料线索，它可能用于移动、寻路、部署或运动限制。取值格式仍按原 INI 资料或项目内实际用法确认。该说明仅作为 BuiltIn 宽松兜底，不能替代 ModEnc、Ares 或 Phobos 官方字段页。
Techno,TurnRate,Text,Yuri,community-reference-inferred-yuri-20260603,推断型字段：TurnRate / Techno 暂未完成官方逐条核验；根据字段名、所属 TechnoType 对象 上下文和既有社区资料线索，它可能用于移动、寻路、部署或运动限制，并可能涉及数值阈值、间隔、次数或概率参数。取值格式仍按原 INI 资料或项目内实际用法确认。该说明仅作为 BuiltIn 宽松兜底，不能替代 ModEnc、Ares 或 Phobos 官方字段页。
Techno,TurretAnim,Text,Yuri,community-reference-inferred-yuri-20260603,推断型字段：TurretAnim / Techno 暂未完成官方逐条核验；根据字段名、所属 TechnoType 对象 上下文和既有社区资料线索，它可能用于图像、动画、炮口坐标或 UI 表现。取值格式仍按原 INI 资料或项目内实际用法确认。该说明仅作为 BuiltIn 宽松兜底，不能替代 ModEnc、Ares 或 Phobos 官方字段页。
Techno,TurretAnimDamaged,Text,Yuri,community-reference-inferred-yuri-20260603,推断型字段：TurretAnimDamaged / Techno 暂未完成官方逐条核验；根据字段名、所属 TechnoType 对象 上下文和既有社区资料线索，它可能用于图像、动画、炮口坐标或 UI 表现，并可能涉及生命值、护甲、伤害或修理倍率。取值格式仍按原 INI 资料或项目内实际用法确认。该说明仅作为 BuiltIn 宽松兜底，不能替代 ModEnc、Ares 或 Phobos 官方字段页。
Techno,TurretAnimGarrisoned,Text,Yuri,community-reference-inferred-yuri-20260603,推断型字段：TurretAnimGarrisoned / Techno 暂未完成官方逐条核验；根据字段名、所属 TechnoType 对象 上下文和既有社区资料线索，它可能用于图像、动画、炮口坐标或 UI 表现。取值格式仍按原 INI 资料或项目内实际用法确认。该说明仅作为 BuiltIn 宽松兜底，不能替代 ModEnc、Ares 或 Phobos 官方字段页。
Techno,TurretAnimIsVoxel,Text,Yuri,community-reference-inferred-yuri-20260603,推断型字段：TurretAnimIsVoxel / Techno 暂未完成官方逐条核验；根据字段名、所属 TechnoType 对象 上下文和既有社区资料线索，它可能用于图像、动画、炮口坐标或 UI 表现，并可能涉及侦察、雷达、隐形或伪装。取值格式仍按原 INI 资料或项目内实际用法确认。该说明仅作为 BuiltIn 宽松兜底，不能替代 ModEnc、Ares 或 Phobos 官方字段页。
Techno,TurretAnimX,Text,Yuri,community-reference-inferred-yuri-20260603,推断型字段：TurretAnimX / Techno 暂未完成官方逐条核验；根据字段名、所属 TechnoType 对象 上下文和既有社区资料线索，它可能用于图像、动画、炮口坐标或 UI 表现，并可能涉及数值阈值、间隔、次数或概率参数。取值格式仍按原 INI 资料或项目内实际用法确认。该说明仅作为 BuiltIn 宽松兜底，不能替代 ModEnc、Ares 或 Phobos 官方字段页。
Techno,TurretAnimY,Text,Yuri,community-reference-inferred-yuri-20260603,推断型字段：TurretAnimY / Techno 暂未完成官方逐条核验；根据字段名、所属 TechnoType 对象 上下文和既有社区资料线索，它可能用于图像、动画、炮口坐标或 UI 表现，并可能涉及武器、开火或投射表现。取值格式仍按原 INI 资料或项目内实际用法确认。该说明仅作为 BuiltIn 宽松兜底，不能替代 ModEnc、Ares 或 Phobos 官方字段页。
Techno,TurretAnimYSort,Text,Yuri,community-reference-inferred-yuri-20260603,推断型字段：TurretAnimYSort / Techno 暂未完成官方逐条核验；根据字段名、所属 TechnoType 对象 上下文和既有社区资料线索，它可能用于图像、动画、炮口坐标或 UI 表现，并可能涉及武器、开火或投射表现。取值格式仍按原 INI 资料或项目内实际用法确认。该说明仅作为 BuiltIn 宽松兜底，不能替代 ModEnc、Ares 或 Phobos 官方字段页。
Techno,TurretAnimZAdjust,Text,Yuri,community-reference-inferred-yuri-20260603,推断型字段：TurretAnimZAdjust / Techno 暂未完成官方逐条核验；根据字段名、所属 TechnoType 对象 上下文和既有社区资料线索，它可能用于图像、动画、炮口坐标或 UI 表现。取值格式仍按原 INI 资料或项目内实际用法确认。该说明仅作为 BuiltIn 宽松兜底，不能替代 ModEnc、Ares 或 Phobos 官方字段页。
Techno,TurretCount,Text,Yuri,community-reference-inferred-yuri-20260603,推断型字段：TurretCount / Techno 暂未完成官方逐条核验；根据字段名、所属 TechnoType 对象 上下文和既有社区资料线索，它可能用于图像、动画、炮口坐标或 UI 表现，并可能涉及数值阈值、间隔、次数或概率参数。取值格式仍按原 INI 资料或项目内实际用法确认。该说明仅作为 BuiltIn 宽松兜底，不能替代 ModEnc、Ares 或 Phobos 官方字段页。
Techno,TurretRotateSound,Reference,Yuri,community-reference-inferred-yuri-20260603,推断型字段：TurretRotateSound / Techno 暂未完成官方逐条核验；根据字段名、所属 TechnoType 对象 上下文和既有社区资料线索，它可能用于移动、寻路、部署或运动限制，并可能涉及图像、动画、炮口坐标或 UI 表现。通常引用另一类 INI 对象或资源 ID。该说明仅作为 BuiltIn 宽松兜底，不能替代 ModEnc、Ares 或 Phobos 官方字段页。
Techno,TurretSpins,Text,Yuri,community-reference-inferred-yuri-20260603,推断型字段：TurretSpins / Techno 暂未完成官方逐条核验；根据字段名、所属 TechnoType 对象 上下文和既有社区资料线索，它可能用于图像、动画、炮口坐标或 UI 表现。取值格式仍按原 INI 资料或项目内实际用法确认。该说明仅作为 BuiltIn 宽松兜底，不能替代 ModEnc、Ares 或 Phobos 官方字段页。
Techno,Type,Text,Yuri,community-reference-inferred-yuri-20260603,推断型字段：Type / Techno 暂未完成官方逐条核验；根据字段名、所属 TechnoType 对象 上下文和既有社区资料线索，它可能用于对象行为、显示或引擎内部规则。取值格式仍按原 INI 资料或项目内实际用法确认。该说明仅作为 BuiltIn 宽松兜底，不能替代 ModEnc、Ares 或 Phobos 官方字段页。
Techno,UndeployDelay,Text,Yuri,community-reference-inferred-yuri-20260603,推断型字段：UndeployDelay / Techno 暂未完成官方逐条核验；根据字段名、所属 TechnoType 对象 上下文和既有社区资料线索，它可能用于部署、运输、乘员或形态切换，并可能涉及数值阈值、间隔、次数或概率参数。取值格式仍按原 INI 资料或项目内实际用法确认。该说明仅作为 BuiltIn 宽松兜底，不能替代 ModEnc、Ares 或 Phobos 官方字段页。
Techno,UndeploySound,Reference,Yuri,community-reference-inferred-yuri-20260603,推断型字段：UndeploySound / Techno 暂未完成官方逐条核验；根据字段名、所属 TechnoType 对象 上下文和既有社区资料线索，它可能用于部署、运输、乘员或形态切换，并可能涉及声音、语音或 EVA 提示。通常引用另一类 INI 对象或资源 ID。该说明仅作为 BuiltIn 宽松兜底，不能替代 ModEnc、Ares 或 Phobos 官方字段页。
Techno,Underground,Text,Yuri,community-reference-inferred-yuri-20260603,推断型字段：Underground / Techno 暂未完成官方逐条核验；根据字段名、所属 TechnoType 对象 上下文和既有社区资料线索，它可能用于对象行为、显示或引擎内部规则。取值格式仍按原 INI 资料或项目内实际用法确认。该说明仅作为 BuiltIn 宽松兜底，不能替代 ModEnc、Ares 或 Phobos 官方字段页。
Techno,Unit,Text,Yuri,community-reference-inferred-yuri-20260603,推断型字段：Unit / Techno 暂未完成官方逐条核验；根据字段名、所属 TechnoType 对象 上下文和既有社区资料线索，它可能用于对象行为、显示或引擎内部规则。取值格式仍按原 INI 资料或项目内实际用法确认。该说明仅作为 BuiltIn 宽松兜底，不能替代 ModEnc、Ares 或 Phobos 官方字段页。
Techno,UnitCount,Text,Yuri,community-reference-inferred-yuri-20260603,推断型字段：UnitCount / Techno 暂未完成官方逐条核验；根据字段名、所属 TechnoType 对象 上下文和既有社区资料线索，它可能用于数值阈值、间隔、次数或概率参数。取值格式仍按原 INI 资料或项目内实际用法确认。该说明仅作为 BuiltIn 宽松兜底，不能替代 ModEnc、Ares 或 Phobos 官方字段页。
Techno,UnitCrateType,Text,Yuri,community-reference-inferred-yuri-20260603,推断型字段：UnitCrateType / Techno 暂未完成官方逐条核验；根据字段名、所属 TechnoType 对象 上下文和既有社区资料线索，它可能用于数值阈值、间隔、次数或概率参数。取值格式仍按原 INI 资料或项目内实际用法确认。该说明仅作为 BuiltIn 宽松兜底，不能替代 ModEnc、Ares 或 Phobos 官方字段页。
Techno,UnitEnterSound,Reference,Yuri,community-reference-inferred-yuri-20260603,推断型字段：UnitEnterSound / Techno 暂未完成官方逐条核验；根据字段名、所属 TechnoType 对象 上下文和既有社区资料线索，它可能用于声音、语音或 EVA 提示。通常引用另一类 INI 对象或资源 ID。该说明仅作为 BuiltIn 宽松兜底，不能替代 ModEnc、Ares 或 Phobos 官方字段页。
Techno,UnitExitSound,Reference,Yuri,community-reference-inferred-yuri-20260603,推断型字段：UnitExitSound / Techno 暂未完成官方逐条核验；根据字段名、所属 TechnoType 对象 上下文和既有社区资料线索，它可能用于声音、语音或 EVA 提示。通常引用另一类 INI 对象或资源 ID。该说明仅作为 BuiltIn 宽松兜底，不能替代 ModEnc、Ares 或 Phobos 官方字段页。
Techno,UnitPowerDrain,Boolean,Phobos,community-reference-inferred-phobos-20260603,推断型字段：UnitPowerDrain / Techno 暂未完成官方逐条核验；根据字段名、所属 TechnoType 对象 上下文和既有社区资料线索，它可能用于AI 行为、目标选择或威胁评估，并可能涉及建造条件、阵营可用性或生产经济。通常按 yes/no 布尔值理解。该说明仅作为 BuiltIn 宽松兜底，不能替代 ModEnc、Ares 或 Phobos 官方字段页。
Techno,UnitReload,Text,Yuri,community-reference-inferred-yuri-20260603,推断型字段：UnitReload / Techno 暂未完成官方逐条核验；根据字段名、所属 TechnoType 对象 上下文和既有社区资料线索，它可能用于部署、运输、乘员或形态切换。取值格式仍按原 INI 资料或项目内实际用法确认。该说明仅作为 BuiltIn 宽松兜底，不能替代 ModEnc、Ares 或 Phobos 官方字段页。
Techno,UnitsGainSelfHeal,Text,Yuri,community-reference-inferred-yuri-20260603,推断型字段：UnitsGainSelfHeal / Techno 暂未完成官方逐条核验；根据字段名、所属 TechnoType 对象 上下文和既有社区资料线索，它可能用于生命值、护甲、伤害或修理倍率，并可能涉及AI 行为、目标选择或威胁评估。取值格式仍按原 INI 资料或项目内实际用法确认。该说明仅作为 BuiltIn 宽松兜底，不能替代 ModEnc、Ares 或 Phobos 官方字段页。
Techno,UnitsGainSelfHealCap,Integer,Phobos,community-reference-inferred-phobos-20260603,推断型字段：UnitsGainSelfHealCap / Techno 暂未完成官方逐条核验；根据字段名、所属 TechnoType 对象 上下文和既有社区资料线索，它可能用于生命值、护甲、伤害或修理倍率，并可能涉及AI 行为、目标选择或威胁评估。通常按整数参数理解。该说明仅作为 BuiltIn 宽松兜底，不能替代 ModEnc、Ares 或 Phobos 官方字段页。
Techno,UnloadingClass,Text,Yuri,community-reference-inferred-yuri-20260603,推断型字段：UnloadingClass / Techno 暂未完成官方逐条核验；根据字段名、所属 TechnoType 对象 上下文和既有社区资料线索，它可能用于部署、运输、乘员或形态切换。取值格式仍按原 INI 资料或项目内实际用法确认。该说明仅作为 BuiltIn 宽松兜底，不能替代 ModEnc、Ares 或 Phobos 官方字段页。
Techno,UnloadingHarvester,Text,Yuri,community-reference-inferred-yuri-20260603,推断型字段：UnloadingHarvester / Techno 暂未完成官方逐条核验；根据字段名、所属 TechnoType 对象 上下文和既有社区资料线索，它可能用于部署、运输、乘员或形态切换，并可能涉及资源、矿石、回收或经济收益。取值格式仍按原 INI 资料或项目内实际用法确认。该说明仅作为 BuiltIn 宽松兜底，不能替代 ModEnc、Ares 或 Phobos 官方字段页。
Techno,UpgradeEliteSound,Reference,Yuri,community-reference-inferred-yuri-20260603,推断型字段：UpgradeEliteSound / Techno 暂未完成官方逐条核验；根据字段名、所属 TechnoType 对象 上下文和既有社区资料线索，它可能用于武器、开火或投射表现，并可能涉及声音、语音或 EVA 提示。通常引用另一类 INI 对象或资源 ID。该说明仅作为 BuiltIn 宽松兜底，不能替代 ModEnc、Ares 或 Phobos 官方字段页。
Techno,Upgrades,Text,Yuri,community-reference-inferred-yuri-20260603,推断型字段：Upgrades / Techno 暂未完成官方逐条核验；根据字段名、所属 TechnoType 对象 上下文和既有社区资料线索，它可能用于对象行为、显示或引擎内部规则。取值格式仍按原 INI 资料或项目内实际用法确认。该说明仅作为 BuiltIn 宽松兜底，不能替代 ModEnc、Ares 或 Phobos 官方字段页。
Techno,UpgradeVeteranSound,Reference,Yuri,community-reference-inferred-yuri-20260603,推断型字段：UpgradeVeteranSound / Techno 暂未完成官方逐条核验；根据字段名、所属 TechnoType 对象 上下文和既有社区资料线索，它可能用于生命值、护甲、伤害或修理倍率，并可能涉及声音、语音或 EVA 提示。通常引用另一类 INI 对象或资源 ID。该说明仅作为 BuiltIn 宽松兜底，不能替代 ModEnc、Ares 或 Phobos 官方字段页。
Techno,URepairRate,Text,Yuri,community-reference-inferred-yuri-20260603,推断型字段：URepairRate / Techno 暂未完成官方逐条核验；根据字段名、所属 TechnoType 对象 上下文和既有社区资料线索，它可能用于建造条件、阵营可用性或生产经济，并可能涉及移动、寻路、部署或运动限制。取值格式仍按原 INI 资料或项目内实际用法确认。该说明仅作为 BuiltIn 宽松兜底，不能替代 ModEnc、Ares 或 Phobos 官方字段页。
Techno,UseChargeDrain,Text,Yuri,community-reference-inferred-yuri-20260603,推断型字段：UseChargeDrain / Techno 暂未完成官方逐条核验；根据字段名、所属 TechnoType 对象 上下文和既有社区资料线索，它可能用于AI 行为、目标选择或威胁评估，并可能涉及建造条件、阵营可用性或生产经济。取值格式仍按原 INI 资料或项目内实际用法确认。该说明仅作为 BuiltIn 宽松兜底，不能替代 ModEnc、Ares 或 Phobos 官方字段页。
Techno,UseDisguiseMovementSpeed,Boolean,Phobos,community-reference-inferred-phobos-20260603,推断型字段：UseDisguiseMovementSpeed / Techno 暂未完成官方逐条核验；根据字段名、所属 TechnoType 对象 上下文和既有社区资料线索，它可能用于移动、寻路、部署或运动限制，并可能涉及建造条件、阵营可用性或生产经济。通常按 yes/no 布尔值理解。该说明仅作为 BuiltIn 宽松兜底，不能替代 ModEnc、Ares 或 Phobos 官方字段页。
Techno,UseMinDefenseRule,Text,Yuri,community-reference-inferred-yuri-20260603,推断型字段：UseMinDefenseRule / Techno 暂未完成官方逐条核验；根据字段名、所属 TechnoType 对象 上下文和既有社区资料线索，它可能用于建造条件、阵营可用性或生产经济，并可能涉及数值阈值、间隔、次数或概率参数。取值格式仍按原 INI 资料或项目内实际用法确认。该说明仅作为 BuiltIn 宽松兜底，不能替代 ModEnc、Ares 或 Phobos 官方字段页。
Techno,UseSparkParticles,Text,Yuri,community-reference-inferred-yuri-20260603,推断型字段：UseSparkParticles / Techno 暂未完成官方逐条核验；根据字段名、所属 TechnoType 对象 上下文和既有社区资料线索，它可能用于建造条件、阵营可用性或生产经济。取值格式仍按原 INI 资料或项目内实际用法确认。该说明仅作为 BuiltIn 宽松兜底，不能替代 ModEnc、Ares 或 Phobos 官方字段页。
Techno,V3EliteWarhead,Text,Yuri,community-reference-inferred-yuri-20260603,推断型字段：V3EliteWarhead / Techno 暂未完成官方逐条核验；根据字段名、所属 TechnoType 对象 上下文和既有社区资料线索，它可能用于移动、寻路、部署或运动限制，并可能涉及武器、开火或投射表现。取值格式仍按原 INI 资料或项目内实际用法确认。该说明仅作为 BuiltIn 宽松兜底，不能替代 ModEnc、Ares 或 Phobos 官方字段页。
Techno,V3RocketAcceleration,Text,Yuri,community-reference-inferred-yuri-20260603,推断型字段：V3RocketAcceleration / Techno 暂未完成官方逐条核验；根据字段名、所属 TechnoType 对象 上下文和既有社区资料线索，它可能用于移动、寻路、部署或运动限制，并可能涉及侦察、雷达、隐形或伪装。取值格式仍按原 INI 资料或项目内实际用法确认。该说明仅作为 BuiltIn 宽松兜底，不能替代 ModEnc、Ares 或 Phobos 官方字段页。
Techno,V3RocketAltitude,Text,Yuri,community-reference-inferred-yuri-20260603,推断型字段：V3RocketAltitude / Techno 暂未完成官方逐条核验；根据字段名、所属 TechnoType 对象 上下文和既有社区资料线索，它可能用于移动、寻路、部署或运动限制，并可能涉及侦察、雷达、隐形或伪装。取值格式仍按原 INI 资料或项目内实际用法确认。该说明仅作为 BuiltIn 宽松兜底，不能替代 ModEnc、Ares 或 Phobos 官方字段页。
Techno,V3RocketBodyLength,Text,Yuri,community-reference-inferred-yuri-20260603,推断型字段：V3RocketBodyLength / Techno 暂未完成官方逐条核验；根据字段名、所属 TechnoType 对象 上下文和既有社区资料线索，它可能用于移动、寻路、部署或运动限制，并可能涉及侦察、雷达、隐形或伪装。取值格式仍按原 INI 资料或项目内实际用法确认。该说明仅作为 BuiltIn 宽松兜底，不能替代 ModEnc、Ares 或 Phobos 官方字段页。
Techno,V3RocketDamage,Text,Yuri,community-reference-inferred-yuri-20260603,推断型字段：V3RocketDamage / Techno 暂未完成官方逐条核验；根据字段名、所属 TechnoType 对象 上下文和既有社区资料线索，它可能用于移动、寻路、部署或运动限制，并可能涉及生命值、护甲、伤害或修理倍率。取值格式仍按原 INI 资料或项目内实际用法确认。该说明仅作为 BuiltIn 宽松兜底，不能替代 ModEnc、Ares 或 Phobos 官方字段页。
Techno,V3RocketEliteDamage,Text,Yuri,community-reference-inferred-yuri-20260603,推断型字段：V3RocketEliteDamage / Techno 暂未完成官方逐条核验；根据字段名、所属 TechnoType 对象 上下文和既有社区资料线索，它可能用于移动、寻路、部署或运动限制，并可能涉及武器、开火或投射表现。取值格式仍按原 INI 资料或项目内实际用法确认。该说明仅作为 BuiltIn 宽松兜底，不能替代 ModEnc、Ares 或 Phobos 官方字段页。
Techno,V3RocketLazyCurve,Text,Yuri,community-reference-inferred-yuri-20260603,推断型字段：V3RocketLazyCurve / Techno 暂未完成官方逐条核验；根据字段名、所属 TechnoType 对象 上下文和既有社区资料线索，它可能用于移动、寻路、部署或运动限制，并可能涉及侦察、雷达、隐形或伪装。取值格式仍按原 INI 资料或项目内实际用法确认。该说明仅作为 BuiltIn 宽松兜底，不能替代 ModEnc、Ares 或 Phobos 官方字段页。
Techno,V3RocketPauseFrames,Text,Yuri,community-reference-inferred-yuri-20260603,推断型字段：V3RocketPauseFrames / Techno 暂未完成官方逐条核验；根据字段名、所属 TechnoType 对象 上下文和既有社区资料线索，它可能用于移动、寻路、部署或运动限制，并可能涉及侦察、雷达、隐形或伪装。取值格式仍按原 INI 资料或项目内实际用法确认。该说明仅作为 BuiltIn 宽松兜底，不能替代 ModEnc、Ares 或 Phobos 官方字段页。
Techno,V3RocketPitchFinal,Text,Yuri,community-reference-inferred-yuri-20260603,推断型字段：V3RocketPitchFinal / Techno 暂未完成官方逐条核验；根据字段名、所属 TechnoType 对象 上下文和既有社区资料线索，它可能用于移动、寻路、部署或运动限制，并可能涉及侦察、雷达、隐形或伪装。取值格式仍按原 INI 资料或项目内实际用法确认。该说明仅作为 BuiltIn 宽松兜底，不能替代 ModEnc、Ares 或 Phobos 官方字段页。
Techno,V3RocketPitchInitial,Text,Yuri,community-reference-inferred-yuri-20260603,推断型字段：V3RocketPitchInitial / Techno 暂未完成官方逐条核验；根据字段名、所属 TechnoType 对象 上下文和既有社区资料线索，它可能用于移动、寻路、部署或运动限制，并可能涉及侦察、雷达、隐形或伪装。取值格式仍按原 INI 资料或项目内实际用法确认。该说明仅作为 BuiltIn 宽松兜底，不能替代 ModEnc、Ares 或 Phobos 官方字段页。
Techno,V3RocketTiltFrames,Text,Yuri,community-reference-inferred-yuri-20260603,推断型字段：V3RocketTiltFrames / Techno 暂未完成官方逐条核验；根据字段名、所属 TechnoType 对象 上下文和既有社区资料线索，它可能用于移动、寻路、部署或运动限制，并可能涉及侦察、雷达、隐形或伪装。取值格式仍按原 INI 资料或项目内实际用法确认。该说明仅作为 BuiltIn 宽松兜底，不能替代 ModEnc、Ares 或 Phobos 官方字段页。
Techno,V3RocketTurnRate,Text,Yuri,community-reference-inferred-yuri-20260603,推断型字段：V3RocketTurnRate / Techno 暂未完成官方逐条核验；根据字段名、所属 TechnoType 对象 上下文和既有社区资料线索，它可能用于移动、寻路、部署或运动限制，并可能涉及侦察、雷达、隐形或伪装。取值格式仍按原 INI 资料或项目内实际用法确认。该说明仅作为 BuiltIn 宽松兜底，不能替代 ModEnc、Ares 或 Phobos 官方字段页。
Techno,V3RocketType,Text,Yuri,community-reference-inferred-yuri-20260603,推断型字段：V3RocketType / Techno 暂未完成官方逐条核验；根据字段名、所属 TechnoType 对象 上下文和既有社区资料线索，它可能用于移动、寻路、部署或运动限制，并可能涉及侦察、雷达、隐形或伪装。取值格式仍按原 INI 资料或项目内实际用法确认。该说明仅作为 BuiltIn 宽松兜底，不能替代 ModEnc、Ares 或 Phobos 官方字段页。
Techno,V3Warhead,Text,Yuri,community-reference-inferred-yuri-20260603,推断型字段：V3Warhead / Techno 暂未完成官方逐条核验；根据字段名、所属 TechnoType 对象 上下文和既有社区资料线索，它可能用于移动、寻路、部署或运动限制，并可能涉及武器、开火或投射表现。取值格式仍按原 INI 资料或项目内实际用法确认。该说明仅作为 BuiltIn 宽松兜底，不能替代 ModEnc、Ares 或 Phobos 官方字段页。
Techno,Value,Text,Yuri,community-reference-inferred-yuri-20260603,推断型字段：Value / Techno 暂未完成官方逐条核验；根据字段名、所属 TechnoType 对象 上下文和既有社区资料线索，它可能用于对象行为、显示或引擎内部规则。取值格式仍按原 INI 资料或项目内实际用法确认。该说明仅作为 BuiltIn 宽松兜底，不能替代 ModEnc、Ares 或 Phobos 官方字段页。
Techno,Vehicles.DefaultDigitalDisplayTypes,MultiSelect,Phobos,community-reference-inferred-phobos-20260603,推断型字段：Vehicles.DefaultDigitalDisplayTypes / Techno 暂未完成官方逐条核验；根据字段名、所属 TechnoType 对象 上下文和既有社区资料线索，它可能用于图像、动画、炮口坐标或 UI 表现。通常按逗号分隔的枚举/列表值理解。该说明仅作为 BuiltIn 宽松兜底，不能替代 ModEnc、Ares 或 Phobos 官方字段页。
Techno,VehicleThief,Text,Yuri,community-reference-inferred-yuri-20260603,推断型字段：VehicleThief / Techno 暂未完成官方逐条核验；根据字段名、所属 TechnoType 对象 上下文和既有社区资料线索，它可能用于对象行为、显示或引擎内部规则。取值格式仍按原 INI 资料或项目内实际用法确认。该说明仅作为 BuiltIn 宽松兜底，不能替代 ModEnc、Ares 或 Phobos 官方字段页。
Techno,VehicleType,Text,Yuri,community-reference-inferred-yuri-20260603,推断型字段：VehicleType / Techno 暂未完成官方逐条核验；根据字段名、所属 TechnoType 对象 上下文和既有社区资料线索，它可能用于对象行为、显示或引擎内部规则。取值格式仍按原 INI 资料或项目内实际用法确认。该说明仅作为 BuiltIn 宽松兜底，不能替代 ModEnc、Ares 或 Phobos 官方字段页。
Techno,VeinholeMonsterStrength,Text,Yuri,community-reference-inferred-yuri-20260603,推断型字段：VeinholeMonsterStrength / Techno 暂未完成官方逐条核验；根据字段名、所属 TechnoType 对象 上下文和既有社区资料线索，它可能用于生命值、护甲、伤害或修理倍率。取值格式仍按原 INI 资料或项目内实际用法确认。该说明仅作为 BuiltIn 宽松兜底，不能替代 ModEnc、Ares 或 Phobos 官方字段页。
Techno,Velocity,Text,Yuri,community-reference-inferred-yuri-20260603,推断型字段：Velocity / Techno 暂未完成官方逐条核验；根据字段名、所属 TechnoType 对象 上下文和既有社区资料线索，它可能用于对象行为、显示或引擎内部规则。取值格式仍按原 INI 资料或项目内实际用法确认。该说明仅作为 BuiltIn 宽松兜底，不能替代 ModEnc、Ares 或 Phobos 官方字段页。
Techno,VelocityPerturbationCoefficient,Text,Yuri,community-reference-inferred-yuri-20260603,推断型字段：VelocityPerturbationCoefficient / Techno 暂未完成官方逐条核验；根据字段名、所属 TechnoType 对象 上下文和既有社区资料线索，它可能用于超级武器或特殊效果逻辑。取值格式仍按原 INI 资料或项目内实际用法确认。该说明仅作为 BuiltIn 宽松兜底，不能替代 ModEnc、Ares 或 Phobos 官方字段页。
Techno,VeryHigh,Text,Yuri,community-reference-inferred-yuri-20260603,推断型字段：VeryHigh / Techno 暂未完成官方逐条核验；根据字段名、所属 TechnoType 对象 上下文和既有社区资料线索，它可能用于对象行为、显示或引擎内部规则。取值格式仍按原 INI 资料或项目内实际用法确认。该说明仅作为 BuiltIn 宽松兜底，不能替代 ModEnc、Ares 或 Phobos 官方字段页。
Techno,Veteran,Text,Yuri,community-reference-inferred-yuri-20260603,推断型字段：Veteran / Techno 暂未完成官方逐条核验；根据字段名、所属 TechnoType 对象 上下文和既有社区资料线索，它可能用于生命值、护甲、伤害或修理倍率。取值格式仍按原 INI 资料或项目内实际用法确认。该说明仅作为 BuiltIn 宽松兜底，不能替代 ModEnc、Ares 或 Phobos 官方字段页。
Techno,VeteranAircraft,Text,Yuri,community-reference-inferred-yuri-20260603,推断型字段：VeteranAircraft / Techno 暂未完成官方逐条核验；根据字段名、所属 TechnoType 对象 上下文和既有社区资料线索，它可能用于AI 行为、目标选择或威胁评估，并可能涉及生命值、护甲、伤害或修理倍率。取值格式仍按原 INI 资料或项目内实际用法确认。该说明仅作为 BuiltIn 宽松兜底，不能替代 ModEnc、Ares 或 Phobos 官方字段页。
Techno,VeteranArmor,Text,Yuri,community-reference-inferred-yuri-20260603,推断型字段：VeteranArmor / Techno 暂未完成官方逐条核验；根据字段名、所属 TechnoType 对象 上下文和既有社区资料线索，它可能用于生命值、护甲、伤害或修理倍率。取值格式仍按原 INI 资料或项目内实际用法确认。该说明仅作为 BuiltIn 宽松兜底，不能替代 ModEnc、Ares 或 Phobos 官方字段页。
Techno,VeteranCap,Integer,Yuri,community-reference-inferred-yuri-20260603,推断型字段：VeteranCap / Techno 暂未完成官方逐条核验；根据字段名、所属 TechnoType 对象 上下文和既有社区资料线索，它可能用于生命值、护甲、伤害或修理倍率。通常按整数参数理解。该说明仅作为 BuiltIn 宽松兜底，不能替代 ModEnc、Ares 或 Phobos 官方字段页。
Techno,VeteranCombat,Text,Yuri,community-reference-inferred-yuri-20260603,推断型字段：VeteranCombat / Techno 暂未完成官方逐条核验；根据字段名、所属 TechnoType 对象 上下文和既有社区资料线索，它可能用于生命值、护甲、伤害或修理倍率。取值格式仍按原 INI 资料或项目内实际用法确认。该说明仅作为 BuiltIn 宽松兜底，不能替代 ModEnc、Ares 或 Phobos 官方字段页。
Techno,VeteranInfantry,Text,Yuri,community-reference-inferred-yuri-20260603,推断型字段：VeteranInfantry / Techno 暂未完成官方逐条核验；根据字段名、所属 TechnoType 对象 上下文和既有社区资料线索，它可能用于生命值、护甲、伤害或修理倍率。取值格式仍按原 INI 资料或项目内实际用法确认。该说明仅作为 BuiltIn 宽松兜底，不能替代 ModEnc、Ares 或 Phobos 官方字段页。
Techno,VeteranRatio,Text,Yuri,community-reference-inferred-yuri-20260603,推断型字段：VeteranRatio / Techno 暂未完成官方逐条核验；根据字段名、所属 TechnoType 对象 上下文和既有社区资料线索，它可能用于生命值、护甲、伤害或修理倍率，并可能涉及数值阈值、间隔、次数或概率参数。取值格式仍按原 INI 资料或项目内实际用法确认。该说明仅作为 BuiltIn 宽松兜底，不能替代 ModEnc、Ares 或 Phobos 官方字段页。
Techno,VeteranROF,Text,Yuri,community-reference-inferred-yuri-20260603,推断型字段：VeteranROF / Techno 暂未完成官方逐条核验；根据字段名、所属 TechnoType 对象 上下文和既有社区资料线索，它可能用于武器、开火或投射表现，并可能涉及生命值、护甲、伤害或修理倍率。取值格式仍按原 INI 资料或项目内实际用法确认。该说明仅作为 BuiltIn 宽松兜底，不能替代 ModEnc、Ares 或 Phobos 官方字段页。
Techno,VeteranSight,Text,Yuri,community-reference-inferred-yuri-20260603,推断型字段：VeteranSight / Techno 暂未完成官方逐条核验；根据字段名、所属 TechnoType 对象 上下文和既有社区资料线索，它可能用于生命值、护甲、伤害或修理倍率，并可能涉及侦察、雷达、隐形或伪装。取值格式仍按原 INI 资料或项目内实际用法确认。该说明仅作为 BuiltIn 宽松兜底，不能替代 ModEnc、Ares 或 Phobos 官方字段页。
Techno,VeteranSpeed,Text,Yuri,community-reference-inferred-yuri-20260603,推断型字段：VeteranSpeed / Techno 暂未完成官方逐条核验；根据字段名、所属 TechnoType 对象 上下文和既有社区资料线索，它可能用于生命值、护甲、伤害或修理倍率，并可能涉及移动、寻路、部署或运动限制。取值格式仍按原 INI 资料或项目内实际用法确认。该说明仅作为 BuiltIn 宽松兜底，不能替代 ModEnc、Ares 或 Phobos 官方字段页。
Techno,VeteranUnits,Text,Yuri,community-reference-inferred-yuri-20260603,推断型字段：VeteranUnits / Techno 暂未完成官方逐条核验；根据字段名、所属 TechnoType 对象 上下文和既有社区资料线索，它可能用于生命值、护甲、伤害或修理倍率。取值格式仍按原 INI 资料或项目内实际用法确认。该说明仅作为 BuiltIn 宽松兜底，不能替代 ModEnc、Ares 或 Phobos 官方字段页。
Techno,VoiceCapture,Reference,Yuri,community-reference-inferred-yuri-20260603,推断型字段：VoiceCapture / Techno 暂未完成官方逐条核验；根据字段名、所属 TechnoType 对象 上下文和既有社区资料线索，它可能用于声音、语音或 EVA 提示。通常引用另一类 INI 对象或资源 ID。该说明仅作为 BuiltIn 宽松兜底，不能替代 ModEnc、Ares 或 Phobos 官方字段页。
Techno,VoiceComment,Reference,Yuri,community-reference-inferred-yuri-20260603,推断型字段：VoiceComment / Techno 暂未完成官方逐条核验；根据字段名、所属 TechnoType 对象 上下文和既有社区资料线索，它可能用于声音、语音或 EVA 提示。通常引用另一类 INI 对象或资源 ID。该说明仅作为 BuiltIn 宽松兜底，不能替代 ModEnc、Ares 或 Phobos 官方字段页。
Techno,VoiceCrashing,Text,Yuri,community-reference-inferred-yuri-20260603,推断型字段：VoiceCrashing / Techno 暂未完成官方逐条核验；根据字段名、所属 TechnoType 对象 上下文和既有社区资料线索，它可能用于声音、语音或 EVA 提示。取值格式仍按原 INI 资料或项目内实际用法确认。该说明仅作为 BuiltIn 宽松兜底，不能替代 ModEnc、Ares 或 Phobos 官方字段页。
Techno,VoiceDie,Reference,Yuri,community-reference-inferred-yuri-20260603,推断型字段：VoiceDie / Techno 暂未完成官方逐条核验；根据字段名、所属 TechnoType 对象 上下文和既有社区资料线索，它可能用于声音、语音或 EVA 提示。通常引用另一类 INI 对象或资源 ID。该说明仅作为 BuiltIn 宽松兜底，不能替代 ModEnc、Ares 或 Phobos 官方字段页。
Techno,VoiceEnter,Text,Yuri,community-reference-inferred-yuri-20260603,推断型字段：VoiceEnter / Techno 暂未完成官方逐条核验；根据字段名、所属 TechnoType 对象 上下文和既有社区资料线索，它可能用于声音、语音或 EVA 提示。取值格式仍按原 INI 资料或项目内实际用法确认。该说明仅作为 BuiltIn 宽松兜底，不能替代 ModEnc、Ares 或 Phobos 官方字段页。
Techno,VoiceFalling,Text,Yuri,community-reference-inferred-yuri-20260603,推断型字段：VoiceFalling / Techno 暂未完成官方逐条核验；根据字段名、所属 TechnoType 对象 上下文和既有社区资料线索，它可能用于声音、语音或 EVA 提示。取值格式仍按原 INI 资料或项目内实际用法确认。该说明仅作为 BuiltIn 宽松兜底，不能替代 ModEnc、Ares 或 Phobos 官方字段页。
Techno,VoiceSinking,Text,Yuri,community-reference-inferred-yuri-20260603,推断型字段：VoiceSinking / Techno 暂未完成官方逐条核验；根据字段名、所属 TechnoType 对象 上下文和既有社区资料线索，它可能用于声音、语音或 EVA 提示。取值格式仍按原 INI 资料或项目内实际用法确认。该说明仅作为 BuiltIn 宽松兜底，不能替代 ModEnc、Ares 或 Phobos 官方字段页。
Techno,Volatile,Text,Yuri,community-reference-inferred-yuri-20260603,推断型字段：Volatile / Techno 暂未完成官方逐条核验；根据字段名、所属 TechnoType 对象 上下文和既有社区资料线索，它可能用于对象行为、显示或引擎内部规则。取值格式仍按原 INI 资料或项目内实际用法确认。该说明仅作为 BuiltIn 宽松兜底，不能替代 ModEnc、Ares 或 Phobos 官方字段页。
Techno,VoxelBarrelFile,Text,Yuri,community-reference-inferred-yuri-20260603,推断型字段：VoxelBarrelFile / Techno 暂未完成官方逐条核验；根据字段名、所属 TechnoType 对象 上下文和既有社区资料线索，它可能用于图像、动画、炮口坐标或 UI 表现。取值格式仍按原 INI 资料或项目内实际用法确认。该说明仅作为 BuiltIn 宽松兜底，不能替代 ModEnc、Ares 或 Phobos 官方字段页。
Techno,VoxelBarrelOffsetToBarrelEnd,Text,Yuri,community-reference-inferred-yuri-20260603,推断型字段：VoxelBarrelOffsetToBarrelEnd / Techno 暂未完成官方逐条核验；根据字段名、所属 TechnoType 对象 上下文和既有社区资料线索，它可能用于图像、动画、炮口坐标或 UI 表现，并可能涉及建造条件、阵营可用性或生产经济。取值格式仍按原 INI 资料或项目内实际用法确认。该说明仅作为 BuiltIn 宽松兜底，不能替代 ModEnc、Ares 或 Phobos 官方字段页。
Techno,VoxelBarrelOffsetToBuildingPivotPoint,Text,Yuri,community-reference-inferred-yuri-20260603,推断型字段：VoxelBarrelOffsetToBuildingPivotPoint / Techno 暂未完成官方逐条核验；根据字段名、所属 TechnoType 对象 上下文和既有社区资料线索，它可能用于图像、动画、炮口坐标或 UI 表现，并可能涉及建造条件、阵营可用性或生产经济。取值格式仍按原 INI 资料或项目内实际用法确认。该说明仅作为 BuiltIn 宽松兜底，不能替代 ModEnc、Ares 或 Phobos 官方字段页。
Techno,VoxelBarrelOffsetToPitchPivotPoint,Text,Yuri,community-reference-inferred-yuri-20260603,推断型字段：VoxelBarrelOffsetToPitchPivotPoint / Techno 暂未完成官方逐条核验；根据字段名、所属 TechnoType 对象 上下文和既有社区资料线索，它可能用于图像、动画、炮口坐标或 UI 表现，并可能涉及建造条件、阵营可用性或生产经济。取值格式仍按原 INI 资料或项目内实际用法确认。该说明仅作为 BuiltIn 宽松兜底，不能替代 ModEnc、Ares 或 Phobos 官方字段页。
Techno,VoxelBarrelOffsetToRotatePivotPoint,Text,Yuri,community-reference-inferred-yuri-20260603,推断型字段：VoxelBarrelOffsetToRotatePivotPoint / Techno 暂未完成官方逐条核验；根据字段名、所属 TechnoType 对象 上下文和既有社区资料线索，它可能用于图像、动画、炮口坐标或 UI 表现，并可能涉及移动、寻路、部署或运动限制。取值格式仍按原 INI 资料或项目内实际用法确认。该说明仅作为 BuiltIn 宽松兜底，不能替代 ModEnc、Ares 或 Phobos 官方字段页。
Techno,VoxelIndex,Text,Yuri,community-reference-inferred-yuri-20260603,推断型字段：VoxelIndex / Techno 暂未完成官方逐条核验；根据字段名、所属 TechnoType 对象 上下文和既有社区资料线索，它可能用于图像、动画、炮口坐标或 UI 表现。取值格式仍按原 INI 资料或项目内实际用法确认。该说明仅作为 BuiltIn 宽松兜底，不能替代 ModEnc、Ares 或 Phobos 官方字段页。
Techno,Wake.Grapple,Reference,Phobos,community-reference-inferred-phobos-20260603,推断型字段：Wake.Grapple / Techno 暂未完成官方逐条核验；根据字段名、所属 TechnoType 对象 上下文和既有社区资料线索，它可能用于对象行为、显示或引擎内部规则。通常引用另一类 INI 对象或资源 ID。该说明仅作为 BuiltIn 宽松兜底，不能替代 ModEnc、Ares 或 Phobos 官方字段页。
Techno,Wake.Sinking,Reference,Phobos,community-reference-inferred-phobos-20260603,推断型字段：Wake.Sinking / Techno 暂未完成官方逐条核验；根据字段名、所属 TechnoType 对象 上下文和既有社区资料线索，它可能用于对象行为、显示或引擎内部规则。通常引用另一类 INI 对象或资源 ID。该说明仅作为 BuiltIn 宽松兜底，不能替代 ModEnc、Ares 或 Phobos 官方字段页。
Techno,WalkLocomotorMakesWake,Boolean,Phobos,community-reference-inferred-phobos-20260603,推断型字段：WalkLocomotorMakesWake / Techno 暂未完成官方逐条核验；根据字段名、所属 TechnoType 对象 上下文和既有社区资料线索，它可能用于移动、寻路、部署或运动限制。通常按 yes/no 布尔值理解。该说明仅作为 BuiltIn 宽松兜底，不能替代 ModEnc、Ares 或 Phobos 官方字段页。
Techno,WalkRate,Text,Yuri,community-reference-inferred-yuri-20260603,推断型字段：WalkRate / Techno 暂未完成官方逐条核验；根据字段名、所属 TechnoType 对象 上下文和既有社区资料线索，它可能用于移动、寻路、部署或运动限制，并可能涉及数值阈值、间隔、次数或概率参数。取值格式仍按原 INI 资料或项目内实际用法确认。该说明仅作为 BuiltIn 宽松兜底，不能替代 ModEnc、Ares 或 Phobos 官方字段页。
Techno,WallAbsoluteDestroyer,Text,Yuri,community-reference-inferred-yuri-20260603,推断型字段：WallAbsoluteDestroyer / Techno 暂未完成官方逐条核验；根据字段名、所属 TechnoType 对象 上下文和既有社区资料线索，它可能用于对象行为、显示或引擎内部规则。取值格式仍按原 INI 资料或项目内实际用法确认。该说明仅作为 BuiltIn 宽松兜底，不能替代 ModEnc、Ares 或 Phobos 官方字段页。
Techno,WallBuildSpeedCoefficient,Text,Yuri,community-reference-inferred-yuri-20260603,推断型字段：WallBuildSpeedCoefficient / Techno 暂未完成官方逐条核验；根据字段名、所属 TechnoType 对象 上下文和既有社区资料线索，它可能用于建造条件、阵营可用性或生产经济，并可能涉及移动、寻路、部署或运动限制。取值格式仍按原 INI 资料或项目内实际用法确认。该说明仅作为 BuiltIn 宽松兜底，不能替代 ModEnc、Ares 或 Phobos 官方字段页。
Techno,WallOwner,Text,Yuri,community-reference-inferred-yuri-20260603,推断型字段：WallOwner / Techno 暂未完成官方逐条核验；根据字段名、所属 TechnoType 对象 上下文和既有社区资料线索，它可能用于建造条件、阵营可用性或生产经济。取值格式仍按原 INI 资料或项目内实际用法确认。该说明仅作为 BuiltIn 宽松兜底，不能替代 ModEnc、Ares 或 Phobos 官方字段页。
Techno,WallPenetratorThreshold,Text,Yuri,community-reference-inferred-yuri-20260603,推断型字段：WallPenetratorThreshold / Techno 暂未完成官方逐条核验；根据字段名、所属 TechnoType 对象 上下文和既有社区资料线索，它可能用于对象行为、显示或引擎内部规则。取值格式仍按原 INI 资料或项目内实际用法确认。该说明仅作为 BuiltIn 宽松兜底，不能替代 ModEnc、Ares 或 Phobos 官方字段页。
Techno,WallTower,Text,Yuri,community-reference-inferred-yuri-20260603,推断型字段：WallTower / Techno 暂未完成官方逐条核验；根据字段名、所属 TechnoType 对象 上下文和既有社区资料线索，它可能用于对象行为、显示或引擎内部规则。取值格式仍按原 INI 资料或项目内实际用法确认。该说明仅作为 BuiltIn 宽松兜底，不能替代 ModEnc、Ares 或 Phobos 官方字段页。
Techno,WantsExtraSpace,Text,Yuri,community-reference-inferred-yuri-20260603,推断型字段：WantsExtraSpace / Techno 暂未完成官方逐条核验；根据字段名、所属 TechnoType 对象 上下文和既有社区资料线索，它可能用于对象行为、显示或引擎内部规则。取值格式仍按原 INI 资料或项目内实际用法确认。该说明仅作为 BuiltIn 宽松兜底，不能替代 ModEnc、Ares 或 Phobos 官方字段页。
Techno,Warheads,Text,Yuri,community-reference-inferred-yuri-20260603,推断型字段：Warheads / Techno 暂未完成官方逐条核验；根据字段名、所属 TechnoType 对象 上下文和既有社区资料线索，它可能用于武器、开火或投射表现。取值格式仍按原 INI 资料或项目内实际用法确认。该说明仅作为 BuiltIn 宽松兜底，不能替代 ModEnc、Ares 或 Phobos 官方字段页。
Techno,Warpable,Text,Yuri,community-reference-inferred-yuri-20260603,推断型字段：Warpable / Techno 暂未完成官方逐条核验；根据字段名、所属 TechnoType 对象 上下文和既有社区资料线索，它可能用于对象行为、显示或引擎内部规则。取值格式仍按原 INI 资料或项目内实际用法确认。该说明仅作为 BuiltIn 宽松兜底，不能替代 ModEnc、Ares 或 Phobos 官方字段页。
Techno,WarpInWeapon.UseDistanceAsDamage,Boolean,Phobos,community-reference-inferred-phobos-20260603,推断型字段：WarpInWeapon.UseDistanceAsDamage / Techno 暂未完成官方逐条核验；根据字段名、所属 TechnoType 对象 上下文和既有社区资料线索，它可能用于武器、开火或投射表现，并可能涉及资源、矿石、回收或经济收益。通常按 yes/no 布尔值理解。该说明仅作为 BuiltIn 宽松兜底，不能替代 ModEnc、Ares 或 Phobos 官方字段页。
Techno,WaterBound,Text,Yuri,community-reference-inferred-yuri-20260603,推断型字段：WaterBound / Techno 暂未完成官方逐条核验；根据字段名、所属 TechnoType 对象 上下文和既有社区资料线索，它可能用于移动、寻路、部署或运动限制。取值格式仍按原 INI 资料或项目内实际用法确认。该说明仅作为 BuiltIn 宽松兜底，不能替代 ModEnc、Ares 或 Phobos 官方字段页。
Techno,WaypointAnimationSpeed,Text,Yuri,community-reference-inferred-yuri-20260603,推断型字段：WaypointAnimationSpeed / Techno 暂未完成官方逐条核验；根据字段名、所属 TechnoType 对象 上下文和既有社区资料线索，它可能用于图像、动画、炮口坐标或 UI 表现，并可能涉及移动、寻路、部署或运动限制。取值格式仍按原 INI 资料或项目内实际用法确认。该说明仅作为 BuiltIn 宽松兜底，不能替代 ModEnc、Ares 或 Phobos 官方字段页。
Techno,WeaponCount,Text,Yuri,community-reference-inferred-yuri-20260603,推断型字段：WeaponCount / Techno 暂未完成官方逐条核验；根据字段名、所属 TechnoType 对象 上下文和既有社区资料线索，它可能用于武器、开火或投射表现，并可能涉及数值阈值、间隔、次数或概率参数。取值格式仍按原 INI 资料或项目内实际用法确认。该说明仅作为 BuiltIn 宽松兜底，不能替代 ModEnc、Ares 或 Phobos 官方字段页。
Techno,WeaponN,Text,Yuri,community-reference-inferred-yuri-20260603,推断型字段：WeaponN / Techno 暂未完成官方逐条核验；根据字段名、所属 TechnoType 对象 上下文和既有社区资料线索，它可能用于部署、运输、乘员或形态切换，并可能涉及数值阈值、间隔、次数或概率参数。取值格式仍按原 INI 资料或项目内实际用法确认。该说明仅作为 BuiltIn 宽松兜底，不能替代 ModEnc、Ares 或 Phobos 官方字段页。
Techno,WeaponNullifyAnim,Text,Yuri,community-reference-inferred-yuri-20260603,推断型字段：WeaponNullifyAnim / Techno 暂未完成官方逐条核验；根据字段名、所属 TechnoType 对象 上下文和既有社区资料线索，它可能用于武器、开火或投射表现，并可能涉及图像、动画、炮口坐标或 UI 表现。取值格式仍按原 INI 资料或项目内实际用法确认。该说明仅作为 BuiltIn 宽松兜底，不能替代 ModEnc、Ares 或 Phobos 官方字段页。
Techno,WeaponType,Text,Yuri,community-reference-inferred-yuri-20260603,推断型字段：WeaponType / Techno 暂未完成官方逐条核验；根据字段名、所属 TechnoType 对象 上下文和既有社区资料线索，它可能用于武器、开火或投射表现。取值格式仍按原 INI 资料或项目内实际用法确认。该说明仅作为 BuiltIn 宽松兜底，不能替代 ModEnc、Ares 或 Phobos 官方字段页。
Techno,WeatherConBoltExplosion,Text,Yuri,community-reference-inferred-yuri-20260603,推断型字段：WeatherConBoltExplosion / Techno 暂未完成官方逐条核验；根据字段名、所属 TechnoType 对象 上下文和既有社区资料线索，它可能用于武器、开火或投射表现，并可能涉及部署、运输、乘员或形态切换。取值格式仍按原 INI 资料或项目内实际用法确认。该说明仅作为 BuiltIn 宽松兜底，不能替代 ModEnc、Ares 或 Phobos 官方字段页。
Techno,WeatherConBolts,Text,Yuri,community-reference-inferred-yuri-20260603,推断型字段：WeatherConBolts / Techno 暂未完成官方逐条核验；根据字段名、所属 TechnoType 对象 上下文和既有社区资料线索，它可能用于武器、开火或投射表现，并可能涉及部署、运输、乘员或形态切换。取值格式仍按原 INI 资料或项目内实际用法确认。该说明仅作为 BuiltIn 宽松兜底，不能替代 ModEnc、Ares 或 Phobos 官方字段页。
Techno,WeatherConClouds,Text,Yuri,community-reference-inferred-yuri-20260603,推断型字段：WeatherConClouds / Techno 暂未完成官方逐条核验；根据字段名、所属 TechnoType 对象 上下文和既有社区资料线索，它可能用于武器、开火或投射表现，并可能涉及部署、运输、乘员或形态切换。取值格式仍按原 INI 资料或项目内实际用法确认。该说明仅作为 BuiltIn 宽松兜底，不能替代 ModEnc、Ares 或 Phobos 官方字段页。
Techno,WeedCapacity,Text,Yuri,community-reference-inferred-yuri-20260603,推断型字段：WeedCapacity / Techno 暂未完成官方逐条核验；根据字段名、所属 TechnoType 对象 上下文和既有社区资料线索，它可能用于对象行为、显示或引擎内部规则。取值格式仍按原 INI 资料或项目内实际用法确认。该说明仅作为 BuiltIn 宽松兜底，不能替代 ModEnc、Ares 或 Phobos 官方字段页。
Techno,Weeder,Text,Yuri,community-reference-inferred-yuri-20260603,推断型字段：Weeder / Techno 暂未完成官方逐条核验；根据字段名、所属 TechnoType 对象 上下文和既有社区资料线索，它可能用于对象行为、显示或引擎内部规则。取值格式仍按原 INI 资料或项目内实际用法确认。该说明仅作为 BuiltIn 宽松兜底，不能替代 ModEnc、Ares 或 Phobos 官方字段页。
Techno,Wheel,Text,Yuri,community-reference-inferred-yuri-20260603,推断型字段：Wheel / Techno 暂未完成官方逐条核验；根据字段名、所属 TechnoType 对象 上下文和既有社区资料线索，它可能用于对象行为、显示或引擎内部规则。取值格式仍按原 INI 资料或项目内实际用法确认。该说明仅作为 BuiltIn 宽松兜底，不能替代 ModEnc、Ares 或 Phobos 官方字段页。
Techno,WheeledDownhill,Text,Yuri,community-reference-inferred-yuri-20260603,推断型字段：WheeledDownhill / Techno 暂未完成官方逐条核验；根据字段名、所属 TechnoType 对象 上下文和既有社区资料线索，它可能用于对象行为、显示或引擎内部规则。取值格式仍按原 INI 资料或项目内实际用法确认。该说明仅作为 BuiltIn 宽松兜底，不能替代 ModEnc、Ares 或 Phobos 官方字段页。
Techno,WheeledUphill,Text,Yuri,community-reference-inferred-yuri-20260603,推断型字段：WheeledUphill / Techno 暂未完成官方逐条核验；根据字段名、所属 TechnoType 对象 上下文和既有社区资料线索，它可能用于对象行为、显示或引擎内部规则。取值格式仍按原 INI 资料或项目内实际用法确认。该说明仅作为 BuiltIn 宽松兜底，不能替代 ModEnc、Ares 或 Phobos 官方字段页。
Techno,WindDirection,Text,Yuri,community-reference-inferred-yuri-20260603,推断型字段：WindDirection / Techno 暂未完成官方逐条核验；根据字段名、所属 TechnoType 对象 上下文和既有社区资料线索，它可能用于超级武器或特殊效果逻辑。取值格式仍按原 INI 资料或项目内实际用法确认。该说明仅作为 BuiltIn 宽松兜底，不能替代 ModEnc、Ares 或 Phobos 官方字段页。
Techno,WindEffect,Text,Yuri,community-reference-inferred-yuri-20260603,推断型字段：WindEffect / Techno 暂未完成官方逐条核验；根据字段名、所属 TechnoType 对象 上下文和既有社区资料线索，它可能用于对象行为、显示或引擎内部规则。取值格式仍按原 INI 资料或项目内实际用法确认。该说明仅作为 BuiltIn 宽松兜底，不能替代 ModEnc、Ares 或 Phobos 官方字段页。
Techno,Winged,Text,Yuri,community-reference-inferred-yuri-20260603,推断型字段：Winged / Techno 暂未完成官方逐条核验；根据字段名、所属 TechnoType 对象 上下文和既有社区资料线索，它可能用于对象行为、显示或引擎内部规则。取值格式仍按原 INI 资料或项目内实际用法确认。该说明仅作为 BuiltIn 宽松兜底，不能替代 ModEnc、Ares 或 Phobos 官方字段页。
Techno,WobbleDeviation,Text,Yuri,community-reference-inferred-yuri-20260603,推断型字段：WobbleDeviation / Techno 暂未完成官方逐条核验；根据字段名、所属 TechnoType 对象 上下文和既有社区资料线索，它可能用于超级武器或特殊效果逻辑。取值格式仍按原 INI 资料或项目内实际用法确认。该说明仅作为 BuiltIn 宽松兜底，不能替代 ModEnc、Ares 或 Phobos 官方字段页。
Techno,WobblesPerSecond,Text,Yuri,community-reference-inferred-yuri-20260603,推断型字段：WobblesPerSecond / Techno 暂未完成官方逐条核验；根据字段名、所属 TechnoType 对象 上下文和既有社区资料线索，它可能用于武器、开火或投射表现，并可能涉及超级武器或特殊效果逻辑。取值格式仍按原 INI 资料或项目内实际用法确认。该说明仅作为 BuiltIn 宽松兜底，不能替代 ModEnc、Ares 或 Phobos 官方字段页。
Techno,WonlineTournamentAllowed,Text,Yuri,community-reference-inferred-yuri-20260603,推断型字段：WonlineTournamentAllowed / Techno 暂未完成官方逐条核验；根据字段名、所属 TechnoType 对象 上下文和既有社区资料线索，它可能用于列表型条件、允许/禁止关系或筛选规则。取值格式仍按原 INI 资料或项目内实际用法确认。该说明仅作为 BuiltIn 宽松兜底，不能替代 ModEnc、Ares 或 Phobos 官方字段页。
Techno,WoodCrate,Text,Yuri,community-reference-inferred-yuri-20260603,推断型字段：WoodCrate / Techno 暂未完成官方逐条核验；根据字段名、所属 TechnoType 对象 上下文和既有社区资料线索，它可能用于数值阈值、间隔、次数或概率参数。取值格式仍按原 INI 资料或项目内实际用法确认。该说明仅作为 BuiltIn 宽松兜底，不能替代 ModEnc、Ares 或 Phobos 官方字段页。
Techno,WoodCrateImg,Text,Yuri,community-reference-inferred-yuri-20260603,推断型字段：WoodCrateImg / Techno 暂未完成官方逐条核验；根据字段名、所属 TechnoType 对象 上下文和既有社区资料线索，它可能用于数值阈值、间隔、次数或概率参数。取值格式仍按原 INI 资料或项目内实际用法确认。该说明仅作为 BuiltIn 宽松兜底，不能替代 ModEnc、Ares 或 Phobos 官方字段页。
Techno,WorkingSound,Reference,Yuri,community-reference-inferred-yuri-20260603,推断型字段：WorkingSound / Techno 暂未完成官方逐条核验；根据字段名、所属 TechnoType 对象 上下文和既有社区资料线索，它可能用于声音、语音或 EVA 提示。通常引用另一类 INI 对象或资源 ID。该说明仅作为 BuiltIn 宽松兜底，不能替代 ModEnc、Ares 或 Phobos 官方字段页。
Techno,XVelocity,Text,Yuri,community-reference-inferred-yuri-20260603,推断型字段：XVelocity / Techno 暂未完成官方逐条核验；根据字段名、所属 TechnoType 对象 上下文和既有社区资料线索，它可能用于图像、动画、炮口坐标或 UI 表现，并可能涉及数值阈值、间隔、次数或概率参数。取值格式仍按原 INI 资料或项目内实际用法确认。该说明仅作为 BuiltIn 宽松兜底，不能替代 ModEnc、Ares 或 Phobos 官方字段页。
Techno,Yellow,Text,Yuri,community-reference-inferred-yuri-20260603,推断型字段：Yellow / Techno 暂未完成官方逐条核验；根据字段名、所属 TechnoType 对象 上下文和既有社区资料线索，它可能用于对象行为、显示或引擎内部规则。取值格式仍按原 INI 资料或项目内实际用法确认。该说明仅作为 BuiltIn 宽松兜底，不能替代 ModEnc、Ares 或 Phobos 官方字段页。
Techno,YuriMindControlSound,Reference,Yuri,community-reference-inferred-yuri-20260603,推断型字段：YuriMindControlSound / Techno 暂未完成官方逐条核验；根据字段名、所属 TechnoType 对象 上下文和既有社区资料线索，它可能用于声音、语音或 EVA 提示，并可能涉及数值阈值、间隔、次数或概率参数。通常引用另一类 INI 对象或资源 ID。该说明仅作为 BuiltIn 宽松兜底，不能替代 ModEnc、Ares 或 Phobos 官方字段页。
Techno,YVelocity,Text,Yuri,community-reference-inferred-yuri-20260603,推断型字段：YVelocity / Techno 暂未完成官方逐条核验；根据字段名、所属 TechnoType 对象 上下文和既有社区资料线索，它可能用于武器、开火或投射表现，并可能涉及部署、运输、乘员或形态切换。取值格式仍按原 INI 资料或项目内实际用法确认。该说明仅作为 BuiltIn 宽松兜底，不能替代 ModEnc、Ares 或 Phobos 官方字段页。
Techno,ZFudgeBridge,Text,Yuri,community-reference-inferred-yuri-20260603,推断型字段：ZFudgeBridge / Techno 暂未完成官方逐条核验；根据字段名、所属 TechnoType 对象 上下文和既有社区资料线索，它可能用于对象行为、显示或引擎内部规则。取值格式仍按原 INI 资料或项目内实际用法确认。该说明仅作为 BuiltIn 宽松兜底，不能替代 ModEnc、Ares 或 Phobos 官方字段页。
Techno,ZFudgeCliff,Text,Yuri,community-reference-inferred-yuri-20260603,推断型字段：ZFudgeCliff / Techno 暂未完成官方逐条核验；根据字段名、所属 TechnoType 对象 上下文和既有社区资料线索，它可能用于对象行为、显示或引擎内部规则。取值格式仍按原 INI 资料或项目内实际用法确认。该说明仅作为 BuiltIn 宽松兜底，不能替代 ModEnc、Ares 或 Phobos 官方字段页。
Techno,ZFudgeColumn,Text,Yuri,community-reference-inferred-yuri-20260603,推断型字段：ZFudgeColumn / Techno 暂未完成官方逐条核验；根据字段名、所属 TechnoType 对象 上下文和既有社区资料线索，它可能用于对象行为、显示或引擎内部规则。取值格式仍按原 INI 资料或项目内实际用法确认。该说明仅作为 BuiltIn 宽松兜底，不能替代 ModEnc、Ares 或 Phobos 官方字段页。
Techno,ZFudgeTunnel,Text,Yuri,community-reference-inferred-yuri-20260603,推断型字段：ZFudgeTunnel / Techno 暂未完成官方逐条核验；根据字段名、所属 TechnoType 对象 上下文和既有社区资料线索，它可能用于对象行为、显示或引擎内部规则。取值格式仍按原 INI 资料或项目内实际用法确认。该说明仅作为 BuiltIn 宽松兜底，不能替代 ModEnc、Ares 或 Phobos 官方字段页。
Techno,Zombie,Text,Yuri,community-reference-inferred-yuri-20260603,推断型字段：Zombie / Techno 暂未完成官方逐条核验；根据字段名、所属 TechnoType 对象 上下文和既有社区资料线索，它可能用于对象行为、显示或引擎内部规则。取值格式仍按原 INI 资料或项目内实际用法确认。该说明仅作为 BuiltIn 宽松兜底，不能替代 ModEnc、Ares 或 Phobos 官方字段页。
Techno,ZoomInFactor,Text,Yuri,community-reference-inferred-yuri-20260603,推断型字段：ZoomInFactor / Techno 暂未完成官方逐条核验；根据字段名、所属 TechnoType 对象 上下文和既有社区资料线索，它可能用于资源、矿石、回收或经济收益，并可能涉及数值阈值、间隔、次数或概率参数。取值格式仍按原 INI 资料或项目内实际用法确认。该说明仅作为 BuiltIn 宽松兜底，不能替代 ModEnc、Ares 或 Phobos 官方字段页。
Techno,ZVelocityRange,Text,Yuri,community-reference-inferred-yuri-20260603,推断型字段：ZVelocityRange / Techno 暂未完成官方逐条核验；根据字段名、所属 TechnoType 对象 上下文和既有社区资料线索，它可能用于武器、开火或投射表现。取值格式仍按原 INI 资料或项目内实际用法确认。该说明仅作为 BuiltIn 宽松兜底，不能替代 ModEnc、Ares 或 Phobos 官方字段页。
Terrain,AnimationLength,Integer,Phobos,name-inferred-phobos-20260603,推断型字段：AnimationLength / Terrain 暂未完成官方逐条核验；根据字段名、所属 Terrain 地形对象 上下文和既有社区资料线索，它可能用于图像、动画、炮口坐标或 UI 表现，并可能涉及超级武器或特殊效果逻辑。通常按整数参数理解。该说明仅作为 BuiltIn 宽松兜底，不能替代 ModEnc、Ares 或 Phobos 官方字段页。
Terrain,ConditionYellow.Terrain,Integer,Phobos,name-inferred-phobos-20260603,推断型字段：ConditionYellow.Terrain / Terrain 暂未完成官方逐条核验；根据字段名、所属 Terrain 地形对象 上下文和既有社区资料线索，它可能用于AI 行为、目标选择或威胁评估，并可能涉及超级武器或特殊效果逻辑。通常按整数参数理解。该说明仅作为 BuiltIn 宽松兜底，不能替代 ModEnc、Ares 或 Phobos 官方字段页。
Terrain,MinimapColor,Integer,Phobos,name-inferred-phobos-20260603,推断型字段：MinimapColor / Terrain 暂未完成官方逐条核验；根据字段名、所属 Terrain 地形对象 上下文和既有社区资料线索，它可能用于颜色、光照或视觉着色，并可能涉及数值阈值、间隔、次数或概率参数。通常按整数参数理解。该说明仅作为 BuiltIn 宽松兜底，不能替代 ModEnc、Ares 或 Phobos 官方字段页。
Terrain,Palette,Text,Phobos,name-inferred-phobos-20260603,推断型字段：Palette / Terrain 暂未完成官方逐条核验；根据字段名、所属 Terrain 地形对象 上下文和既有社区资料线索，它可能用于图像、动画、炮口坐标或 UI 表现。取值格式仍按原 INI 资料或项目内实际用法确认。该说明仅作为 BuiltIn 宽松兜底，不能替代 ModEnc、Ares 或 Phobos 官方字段页。
Terrain,SpawnsTiberium.CellsPerAnim,Integer,Phobos,name-inferred-phobos-20260603,推断型字段：SpawnsTiberium.CellsPerAnim / Terrain 暂未完成官方逐条核验；根据字段名、所属 Terrain 地形对象 上下文和既有社区资料线索，它可能用于图像、动画、炮口坐标或 UI 表现，并可能涉及生成物、乘员、残骸或派生单位。通常按整数参数理解。该说明仅作为 BuiltIn 宽松兜底，不能替代 ModEnc、Ares 或 Phobos 官方字段页。
Terrain,SpawnsTiberium.GrowthStage,Integer,Phobos,name-inferred-phobos-20260603,推断型字段：SpawnsTiberium.GrowthStage / Terrain 暂未完成官方逐条核验；根据字段名、所属 Terrain 地形对象 上下文和既有社区资料线索，它可能用于生成物、乘员、残骸或派生单位，并可能涉及资源、矿石、回收或经济收益。通常按整数参数理解。该说明仅作为 BuiltIn 宽松兜底，不能替代 ModEnc、Ares 或 Phobos 官方字段页。
Terrain,SpawnsTiberium.Range,Integer,Phobos,name-inferred-phobos-20260603,推断型字段：SpawnsTiberium.Range / Terrain 暂未完成官方逐条核验；根据字段名、所属 Terrain 地形对象 上下文和既有社区资料线索，它可能用于生成物、乘员、残骸或派生单位，并可能涉及武器、开火或投射表现。通常按整数参数理解。该说明仅作为 BuiltIn 宽松兜底，不能替代 ModEnc、Ares 或 Phobos 官方字段页。
Terrain,SpawnsTiberium.Type,Text,Phobos,name-inferred-phobos-20260603,推断型字段：SpawnsTiberium.Type / Terrain 暂未完成官方逐条核验；根据字段名、所属 Terrain 地形对象 上下文和既有社区资料线索，它可能用于生成物、乘员、残骸或派生单位，并可能涉及资源、矿石、回收或经济收益。取值格式仍按原 INI 资料或项目内实际用法确认。该说明仅作为 BuiltIn 宽松兜底，不能替代 ModEnc、Ares 或 Phobos 官方字段页。
Tiberium,MinimapColor,Integer,Phobos,community-source-assisted-inferred-phobos-20260603,推断型字段：MinimapColor / Tiberium 暂未完成官方逐条核验；根据字段名、所属 Tiberium 矿石类型 上下文和既有社区资料线索，它可能用于颜色、光照或视觉着色，并可能涉及数值阈值、间隔、次数或概率参数。通常按整数参数理解。该说明仅作为 BuiltIn 宽松兜底，不能替代 ModEnc、Ares 或 Phobos 官方字段页。
Unit,Prerequisite.Lists,Integer,Ares,community-source-assisted-inferred-ares-20260603,推断型字段：Prerequisite.Lists / Unit 暂未完成官方逐条核验；根据字段名、所属 UnitType 单位 上下文和既有社区资料线索，它可能用于列表型条件、允许/禁止关系或筛选规则，并可能涉及建造条件、阵营可用性或生产经济。通常按整数参数理解。该说明仅作为 BuiltIn 宽松兜底，不能替代 ModEnc、Ares 或 Phobos 官方字段页。
Unit,Prerequisite.Negative,Reference,Ares,community-source-assisted-inferred-ares-20260603,推断型字段：Prerequisite.Negative / Unit 暂未完成官方逐条核验；根据字段名、所属 UnitType 单位 上下文和既有社区资料线索，它可能用于建造条件、阵营可用性或生产经济，并可能涉及列表型条件、允许/禁止关系或筛选规则。通常引用另一类 INI 对象或资源 ID。该说明仅作为 BuiltIn 宽松兜底，不能替代 ModEnc、Ares 或 Phobos 官方字段页。
Unit,Prerequisite.RequiredTheaters,MultiSelect,Ares,community-source-assisted-inferred-ares-20260603,推断型字段：Prerequisite.RequiredTheaters / Unit 暂未完成官方逐条核验；根据字段名、所属 UnitType 单位 上下文和既有社区资料线索，它可能用于建造条件、阵营可用性或生产经济，并可能涉及列表型条件、允许/禁止关系或筛选规则。通常按逗号分隔的枚举/列表值理解。该说明仅作为 BuiltIn 宽松兜底，不能替代 ModEnc、Ares 或 Phobos 官方字段页。
Unit,Prerequisite.StolenTechs,Integer,Ares,community-source-assisted-inferred-ares-20260603,推断型字段：Prerequisite.StolenTechs / Unit 暂未完成官方逐条核验；根据字段名、所属 UnitType 单位 上下文和既有社区资料线索，它可能用于建造条件、阵营可用性或生产经济，并可能涉及列表型条件、允许/禁止关系或筛选规则。通常按整数参数理解。该说明仅作为 BuiltIn 宽松兜底，不能替代 ModEnc、Ares 或 Phobos 官方字段页。
Vehicle,Ammo.AddOnDeploy,Integer,Phobos,community-source-assisted-inferred-phobos-20260603,推断型字段：Ammo.AddOnDeploy / Vehicle 暂未完成官方逐条核验；根据字段名、所属 VehicleType 载具 上下文和既有社区资料线索，它可能用于武器、开火或投射表现，并可能涉及部署、运输、乘员或形态切换。通常按整数参数理解。该说明仅作为 BuiltIn 宽松兜底，不能替代 ModEnc、Ares 或 Phobos 官方字段页。
Vehicle,Ammo.AutoDeployMaximumAmount,Integer,Phobos,community-source-assisted-inferred-phobos-20260603,推断型字段：Ammo.AutoDeployMaximumAmount / Vehicle 暂未完成官方逐条核验；根据字段名、所属 VehicleType 载具 上下文和既有社区资料线索，它可能用于部署、运输、乘员或形态切换，并可能涉及数值阈值、间隔、次数或概率参数。通常按整数参数理解。该说明仅作为 BuiltIn 宽松兜底，不能替代 ModEnc、Ares 或 Phobos 官方字段页。
Vehicle,Ammo.AutoDeployMinimumAmount,Integer,Phobos,community-source-assisted-inferred-phobos-20260603,推断型字段：Ammo.AutoDeployMinimumAmount / Vehicle 暂未完成官方逐条核验；根据字段名、所属 VehicleType 载具 上下文和既有社区资料线索，它可能用于部署、运输、乘员或形态切换，并可能涉及数值阈值、间隔、次数或概率参数。通常按整数参数理解。该说明仅作为 BuiltIn 宽松兜底，不能替代 ModEnc、Ares 或 Phobos 官方字段页。
Vehicle,Ammo.DeployUnlockMaximumAmount,Integer,Phobos,community-source-assisted-inferred-phobos-20260603,推断型字段：Ammo.DeployUnlockMaximumAmount / Vehicle 暂未完成官方逐条核验；根据字段名、所属 VehicleType 载具 上下文和既有社区资料线索，它可能用于部署、运输、乘员或形态切换，并可能涉及数值阈值、间隔、次数或概率参数。通常按整数参数理解。该说明仅作为 BuiltIn 宽松兜底，不能替代 ModEnc、Ares 或 Phobos 官方字段页。
Vehicle,Ammo.DeployUnlockMinimumAmount,Integer,Phobos,community-source-assisted-inferred-phobos-20260603,推断型字段：Ammo.DeployUnlockMinimumAmount / Vehicle 暂未完成官方逐条核验；根据字段名、所属 VehicleType 载具 上下文和既有社区资料线索，它可能用于部署、运输、乘员或形态切换，并可能涉及数值阈值、间隔、次数或概率参数。通常按整数参数理解。该说明仅作为 BuiltIn 宽松兜底，不能替代 ModEnc、Ares 或 Phobos 官方字段页。
Vehicle,CrateGoodie.RerollChance,Integer,Phobos,community-source-assisted-inferred-phobos-20260603,推断型字段：CrateGoodie.RerollChance / Vehicle 暂未完成官方逐条核验；根据字段名、所属 VehicleType 载具 上下文和既有社区资料线索，它可能用于数值阈值、间隔、次数或概率参数。通常按整数参数理解。该说明仅作为 BuiltIn 宽松兜底，不能替代 ModEnc、Ares 或 Phobos 官方字段页。
Vehicle,CrushForwardTiltPerFrame,Integer,Phobos,community-source-assisted-inferred-phobos-20260603,推断型字段：CrushForwardTiltPerFrame / Vehicle 暂未完成官方逐条核验；根据字段名、所属 VehicleType 载具 上下文和既有社区资料线索，它可能用于移动、寻路、部署或运动限制，并可能涉及图像、动画、炮口坐标或 UI 表现。通常按整数参数理解。该说明仅作为 BuiltIn 宽松兜底，不能替代 ModEnc、Ares 或 Phobos 官方字段页。
Vehicle,CrushOverlayExtraForwardTilt,Integer,Phobos,community-source-assisted-inferred-phobos-20260603,推断型字段：CrushOverlayExtraForwardTilt / Vehicle 暂未完成官方逐条核验；根据字段名、所属 VehicleType 载具 上下文和既有社区资料线索，它可能用于移动、寻路、部署或运动限制。通常按整数参数理解。该说明仅作为 BuiltIn 宽松兜底，不能替代 ModEnc、Ares 或 Phobos 官方字段页。
Vehicle,CrushSlowdownMultiplier,Integer,Phobos,community-source-assisted-inferred-phobos-20260603,推断型字段：CrushSlowdownMultiplier / Vehicle 暂未完成官方逐条核验；根据字段名、所属 VehicleType 载具 上下文和既有社区资料线索，它可能用于移动、寻路、部署或运动限制，并可能涉及生命值、护甲、伤害或修理倍率。通常按整数参数理解。该说明仅作为 BuiltIn 宽松兜底，不能替代 ModEnc、Ares 或 Phobos 官方字段页。
Vehicle,DefaultMirageDisguises,Integer,Phobos,community-source-assisted-inferred-phobos-20260603,推断型字段：DefaultMirageDisguises / Vehicle 暂未完成官方逐条核验；根据字段名、所属 VehicleType 载具 上下文和既有社区资料线索，它可能用于侦察、雷达、隐形或伪装。通常按整数参数理解。该说明仅作为 BuiltIn 宽松兜底，不能替代 ModEnc、Ares 或 Phobos 官方字段页。
Vehicle,DeployDir,Integer,Phobos,community-source-assisted-inferred-phobos-20260603,推断型字段：DeployDir / Vehicle 暂未完成官方逐条核验；根据字段名、所属 VehicleType 载具 上下文和既有社区资料线索，它可能用于部署、运输、乘员或形态切换。通常按整数参数理解。该说明仅作为 BuiltIn 宽松兜底，不能替代 ModEnc、Ares 或 Phobos 官方字段页。
Vehicle,DeployingAnims,Reference,Phobos,community-source-assisted-inferred-phobos-20260603,推断型字段：DeployingAnims / Vehicle 暂未完成官方逐条核验；根据字段名、所属 VehicleType 载具 上下文和既有社区资料线索，它可能用于部署、运输、乘员或形态切换，并可能涉及图像、动画、炮口坐标或 UI 表现。通常引用另一类 INI 对象或资源 ID。该说明仅作为 BuiltIn 宽松兜底，不能替代 ModEnc、Ares 或 Phobos 官方字段页。
Vehicle,DestroyAnim,Reference,Phobos,community-source-assisted-inferred-phobos-20260603,推断型字段：DestroyAnim / Vehicle 暂未完成官方逐条核验；根据字段名、所属 VehicleType 载具 上下文和既有社区资料线索，它可能用于图像、动画、炮口坐标或 UI 表现。通常引用另一类 INI 对象或资源 ID。该说明仅作为 BuiltIn 宽松兜底，不能替代 ModEnc、Ares 或 Phobos 官方字段页。
Vehicle,FireUp,Integer,Phobos,community-source-assisted-inferred-phobos-20260603,推断型字段：FireUp / Vehicle 暂未完成官方逐条核验；根据字段名、所属 VehicleType 载具 上下文和既有社区资料线索，它可能用于武器、开火或投射表现，并可能涉及图像、动画、炮口坐标或 UI 表现。通常按整数参数理解。该说明仅作为 BuiltIn 宽松兜底，不能替代 ModEnc、Ares 或 Phobos 官方字段页。
Vehicle,HarvesterDumpAmount,Integer,Phobos,community-source-assisted-inferred-phobos-20260603,推断型字段：HarvesterDumpAmount / Vehicle 暂未完成官方逐条核验；根据字段名、所属 VehicleType 载具 上下文和既有社区资料线索，它可能用于资源、矿石、回收或经济收益，并可能涉及数值阈值、间隔、次数或概率参数。通常按整数参数理解。该说明仅作为 BuiltIn 宽松兜底，不能替代 ModEnc、Ares 或 Phobos 官方字段页。
Vehicle,HarvesterDumpRate,Integer,Phobos,community-source-assisted-inferred-phobos-20260603,推断型字段：HarvesterDumpRate / Vehicle 暂未完成官方逐条核验；根据字段名、所属 VehicleType 载具 上下文和既有社区资料线索，它可能用于移动、寻路、部署或运动限制，并可能涉及资源、矿石、回收或经济收益。通常按整数参数理解。该说明仅作为 BuiltIn 宽松兜底，不能替代 ModEnc、Ares 或 Phobos 官方字段页。
Vehicle,HarvesterLoadRate,Integer,Phobos,community-source-assisted-inferred-phobos-20260603,推断型字段：HarvesterLoadRate / Vehicle 暂未完成官方逐条核验；根据字段名、所属 VehicleType 载具 上下文和既有社区资料线索，它可能用于部署、运输、乘员或形态切换，并可能涉及移动、寻路、部署或运动限制。通常按整数参数理解。该说明仅作为 BuiltIn 宽松兜底，不能替代 ModEnc、Ares 或 Phobos 官方字段页。
Vehicle,HarvesterScanAfterUnload,Boolean,Phobos,community-source-assisted-inferred-phobos-20260603,推断型字段：HarvesterScanAfterUnload / Vehicle 暂未完成官方逐条核验；根据字段名、所属 VehicleType 载具 上下文和既有社区资料线索，它可能用于部署、运输、乘员或形态切换，并可能涉及资源、矿石、回收或经济收益。通常按 yes/no 布尔值理解。该说明仅作为 BuiltIn 宽松兜底，不能替代 ModEnc、Ares 或 Phobos 官方字段页。
Vehicle,Image.ConditionRed,Reference,Phobos,community-source-assisted-inferred-phobos-20260603,推断型字段：Image.ConditionRed / Vehicle 暂未完成官方逐条核验；根据字段名、所属 VehicleType 载具 上下文和既有社区资料线索，它可能用于建造条件、阵营可用性或生产经济，并可能涉及图像、动画、炮口坐标或 UI 表现。通常引用另一类 INI 对象或资源 ID。该说明仅作为 BuiltIn 宽松兜底，不能替代 ModEnc、Ares 或 Phobos 官方字段页。
Vehicle,Image.ConditionYellow,Reference,Phobos,community-source-assisted-inferred-phobos-20260603,推断型字段：Image.ConditionYellow / Vehicle 暂未完成官方逐条核验；根据字段名、所属 VehicleType 载具 上下文和既有社区资料线索，它可能用于图像、动画、炮口坐标或 UI 表现，并可能涉及超级武器或特殊效果逻辑。通常引用另一类 INI 对象或资源 ID。该说明仅作为 BuiltIn 宽松兜底，不能替代 ModEnc、Ares 或 Phobos 官方字段页。
Vehicle,IsSimpleDeployer.DisallowedLandTypes,MultiSelect,Phobos,community-source-assisted-inferred-phobos-20260603,推断型字段：IsSimpleDeployer.DisallowedLandTypes / Vehicle 暂未完成官方逐条核验；根据字段名、所属 VehicleType 载具 上下文和既有社区资料线索，它可能用于列表型条件、允许/禁止关系或筛选规则，并可能涉及侦察、雷达、隐形或伪装。通常按逗号分隔的枚举/列表值理解。该说明仅作为 BuiltIn 宽松兜底，不能替代 ModEnc、Ares 或 Phobos 官方字段页。
Vehicle,JumpjetTilt.ForwardAccelFactor,Integer,Phobos,community-source-assisted-inferred-phobos-20260603,推断型字段：JumpjetTilt.ForwardAccelFactor / Vehicle 暂未完成官方逐条核验；根据字段名、所属 VehicleType 载具 上下文和既有社区资料线索，它可能用于移动、寻路、部署或运动限制，并可能涉及建造条件、阵营可用性或生产经济。通常按整数参数理解。该说明仅作为 BuiltIn 宽松兜底，不能替代 ModEnc、Ares 或 Phobos 官方字段页。
Vehicle,JumpjetTilt.ForwardSpeedFactor,Integer,Phobos,community-source-assisted-inferred-phobos-20260603,推断型字段：JumpjetTilt.ForwardSpeedFactor / Vehicle 暂未完成官方逐条核验；根据字段名、所属 VehicleType 载具 上下文和既有社区资料线索，它可能用于移动、寻路、部署或运动限制，并可能涉及建造条件、阵营可用性或生产经济。通常按整数参数理解。该说明仅作为 BuiltIn 宽松兜底，不能替代 ModEnc、Ares 或 Phobos 官方字段页。
Vehicle,JumpjetTilt.SidewaysRotationFactor,Integer,Phobos,community-source-assisted-inferred-phobos-20260603,推断型字段：JumpjetTilt.SidewaysRotationFactor / Vehicle 暂未完成官方逐条核验；根据字段名、所属 VehicleType 载具 上下文和既有社区资料线索，它可能用于移动、寻路、部署或运动限制，并可能涉及建造条件、阵营可用性或生产经济。通常按整数参数理解。该说明仅作为 BuiltIn 宽松兜底，不能替代 ModEnc、Ares 或 Phobos 官方字段页。
Vehicle,JumpjetTilt.SidewaysSpeedFactor,Integer,Phobos,community-source-assisted-inferred-phobos-20260603,推断型字段：JumpjetTilt.SidewaysSpeedFactor / Vehicle 暂未完成官方逐条核验；根据字段名、所属 VehicleType 载具 上下文和既有社区资料线索，它可能用于移动、寻路、部署或运动限制，并可能涉及建造条件、阵营可用性或生产经济。通常按整数参数理解。该说明仅作为 BuiltIn 宽松兜底，不能替代 ModEnc、Ares 或 Phobos 官方字段页。
Vehicle,WaterImage.ConditionRed,Reference,Phobos,community-source-assisted-inferred-phobos-20260603,推断型字段：WaterImage.ConditionRed / Vehicle 暂未完成官方逐条核验；根据字段名、所属 VehicleType 载具 上下文和既有社区资料线索，它可能用于建造条件、阵营可用性或生产经济，并可能涉及移动、寻路、部署或运动限制。通常引用另一类 INI 对象或资源 ID。该说明仅作为 BuiltIn 宽松兜底，不能替代 ModEnc、Ares 或 Phobos 官方字段页。
Vehicle,WaterImage.ConditionYellow,Reference,Phobos,community-source-assisted-inferred-phobos-20260603,推断型字段：WaterImage.ConditionYellow / Vehicle 暂未完成官方逐条核验；根据字段名、所属 VehicleType 载具 上下文和既有社区资料线索，它可能用于移动、寻路、部署或运动限制，并可能涉及图像、动画、炮口坐标或 UI 表现。通常引用另一类 INI 对象或资源 ID。该说明仅作为 BuiltIn 宽松兜底，不能替代 ModEnc、Ares 或 Phobos 官方字段页。
Vehicle,WeaponGroupAsN,Text,Phobos,community-source-assisted-inferred-phobos-20260603,推断型字段：WeaponGroupAsN / Vehicle 暂未完成官方逐条核验；根据字段名、所属 VehicleType 载具 上下文和既有社区资料线索，它可能用于部署、运输、乘员或形态切换，并可能涉及数值阈值、间隔、次数或概率参数。取值格式仍按原 INI 资料或项目内实际用法确认。该说明仅作为 BuiltIn 宽松兜底，不能替代 ModEnc、Ares 或 Phobos 官方字段页。
VoxelAnim,Trailer.SpawnDelay,Integer,Phobos,name-inferred-phobos-20260603,推断型字段：Trailer.SpawnDelay / VoxelAnim 暂未完成官方逐条核验；根据字段名、所属 VoxelAnim 体素动画 上下文和既有社区资料线索，它可能用于生成物、乘员、残骸或派生单位，并可能涉及AI 行为、目标选择或威胁评估。通常按整数参数理解。该说明仅作为 BuiltIn 宽松兜底，不能替代 ModEnc、Ares 或 Phobos 官方字段页。
Warhead,AffectsVeterancy,MultiSelect,Phobos,community-source-assisted-inferred-phobos-20260603,推断型字段：AffectsVeterancy / Warhead 暂未完成官方逐条核验；根据字段名、所属 Warhead 弹头 上下文和既有社区资料线索，它可能用于生命值、护甲、伤害或修理倍率。通常按逗号分隔的枚举/列表值理解。该说明仅作为 BuiltIn 宽松兜底，不能替代 ModEnc、Ares 或 Phobos 官方字段页。
Warhead,AirstrikeTargets,MultiSelect,Phobos,community-source-assisted-inferred-phobos-20260603,推断型字段：AirstrikeTargets / Warhead 暂未完成官方逐条核验；根据字段名、所属 Warhead 弹头 上下文和既有社区资料线索，它可能用于AI 行为、目标选择或威胁评估。通常按逗号分隔的枚举/列表值理解。该说明仅作为 BuiltIn 宽松兜底，不能替代 ModEnc、Ares 或 Phobos 官方字段页。
Warhead,Ammo.Shared.Group,Integer,Phobos,community-source-assisted-inferred-phobos-20260603,推断型字段：Ammo.Shared.Group / Warhead 暂未完成官方逐条核验；根据字段名、所属 Warhead 弹头 上下文和既有社区资料线索，它可能用于颜色、光照或视觉着色。通常按整数参数理解。该说明仅作为 BuiltIn 宽松兜底，不能替代 ModEnc、Ares 或 Phobos 官方字段页。
Warhead,AnimZAdjust,Integer,Phobos,community-source-assisted-inferred-phobos-20260603,推断型字段：AnimZAdjust / Warhead 暂未完成官方逐条核验；根据字段名、所属 Warhead 弹头 上下文和既有社区资料线索，它可能用于图像、动画、炮口坐标或 UI 表现。通常按整数参数理解。该说明仅作为 BuiltIn 宽松兜底，不能替代 ModEnc、Ares 或 Phobos 官方字段页。
Warhead,ApplyPerTargetEffectsOnDetonate,Boolean,Phobos,community-source-assisted-inferred-phobos-20260603,推断型字段：ApplyPerTargetEffectsOnDetonate / Warhead 暂未完成官方逐条核验；根据字段名、所属 Warhead 弹头 上下文和既有社区资料线索，它可能用于超级武器或特殊效果逻辑，并可能涉及武器、开火或投射表现。通常按 yes/no 布尔值理解。该说明仅作为 BuiltIn 宽松兜底，不能替代 ModEnc、Ares 或 Phobos 官方字段页。
Warhead,CreateGap,Integer,Phobos,community-source-assisted-inferred-phobos-20260603,推断型字段：CreateGap / Warhead 暂未完成官方逐条核验；根据字段名、所属 Warhead 弹头 上下文和既有社区资料线索，它可能用于对象行为、显示或引擎内部规则。通常按整数参数理解。该说明仅作为 BuiltIn 宽松兜底，不能替代 ModEnc、Ares 或 Phobos 官方字段页。
Warhead,Crit.ActiveChanceAnims,Reference,Phobos,community-source-assisted-inferred-phobos-20260603,推断型字段：Crit.ActiveChanceAnims / Warhead 暂未完成官方逐条核验；根据字段名、所属 Warhead 弹头 上下文和既有社区资料线索，它可能用于图像、动画、炮口坐标或 UI 表现，并可能涉及数值阈值、间隔、次数或概率参数。通常引用另一类 INI 对象或资源 ID。该说明仅作为 BuiltIn 宽松兜底，不能替代 ModEnc、Ares 或 Phobos 官方字段页。
Warhead,DamageAlliesMultiplier.Berzerk,Integer,Phobos,community-source-assisted-inferred-phobos-20260603,推断型字段：DamageAlliesMultiplier.Berzerk / Warhead 暂未完成官方逐条核验；根据字段名、所属 Warhead 弹头 上下文和既有社区资料线索，它可能用于生命值、护甲、伤害或修理倍率。通常按整数参数理解。该说明仅作为 BuiltIn 宽松兜底，不能替代 ModEnc、Ares 或 Phobos 官方字段页。
Warhead,DamageAlliesMultiplier.NotAffectsEnemies,Integer,Phobos,community-source-assisted-inferred-phobos-20260603,推断型字段：DamageAlliesMultiplier.NotAffectsEnemies / Warhead 暂未完成官方逐条核验；根据字段名、所属 Warhead 弹头 上下文和既有社区资料线索，它可能用于生命值、护甲、伤害或修理倍率。通常按整数参数理解。该说明仅作为 BuiltIn 宽松兜底，不能替代 ModEnc、Ares 或 Phobos 官方字段页。
Warhead,DamageEnemiesMultiplier.Berzerk,Integer,Phobos,community-source-assisted-inferred-phobos-20260603,推断型字段：DamageEnemiesMultiplier.Berzerk / Warhead 暂未完成官方逐条核验；根据字段名、所属 Warhead 弹头 上下文和既有社区资料线索，它可能用于生命值、护甲、伤害或修理倍率。通常按整数参数理解。该说明仅作为 BuiltIn 宽松兜底，不能替代 ModEnc、Ares 或 Phobos 官方字段页。
Warhead,DamageOwnerMultiplier.Berzerk,Integer,Phobos,community-source-assisted-inferred-phobos-20260603,推断型字段：DamageOwnerMultiplier.Berzerk / Warhead 暂未完成官方逐条核验；根据字段名、所属 Warhead 弹头 上下文和既有社区资料线索，它可能用于生命值、护甲、伤害或修理倍率，并可能涉及建造条件、阵营可用性或生产经济。通常按整数参数理解。该说明仅作为 BuiltIn 宽松兜底，不能替代 ModEnc、Ares 或 Phobos 官方字段页。
Warhead,DamageOwnerMultiplier.NotAffectsEnemies,Integer,Phobos,community-source-assisted-inferred-phobos-20260603,推断型字段：DamageOwnerMultiplier.NotAffectsEnemies / Warhead 暂未完成官方逐条核验；根据字段名、所属 Warhead 弹头 上下文和既有社区资料线索，它可能用于生命值、护甲、伤害或修理倍率，并可能涉及建造条件、阵营可用性或生产经济。通常按整数参数理解。该说明仅作为 BuiltIn 宽松兜底，不能替代 ModEnc、Ares 或 Phobos 官方字段页。
Warhead,DebrisAnims,Reference,Phobos,community-source-assisted-inferred-phobos-20260603,推断型字段：DebrisAnims / Warhead 暂未完成官方逐条核验；根据字段名、所属 Warhead 弹头 上下文和既有社区资料线索，它可能用于图像、动画、炮口坐标或 UI 表现。通常引用另一类 INI 对象或资源 ID。该说明仅作为 BuiltIn 宽松兜底，不能替代 ModEnc、Ares 或 Phobos 官方字段页。
Warhead,DetonateOnAllMapObjects.AffectsHouse,MultiSelect,Phobos,community-source-assisted-inferred-phobos-20260603,推断型字段：DetonateOnAllMapObjects.AffectsHouse / Warhead 暂未完成官方逐条核验；根据字段名、所属 Warhead 弹头 上下文和既有社区资料线索，它可能用于武器、开火或投射表现，并可能涉及超级武器或特殊效果逻辑。通常按逗号分隔的枚举/列表值理解。该说明仅作为 BuiltIn 宽松兜底，不能替代 ModEnc、Ares 或 Phobos 官方字段页。
Warhead,DetonateOnAllMapObjects.AffectsTarget,MultiSelect,Phobos,community-source-assisted-inferred-phobos-20260603,推断型字段：DetonateOnAllMapObjects.AffectsTarget / Warhead 暂未完成官方逐条核验；根据字段名、所属 Warhead 弹头 上下文和既有社区资料线索，它可能用于武器、开火或投射表现，并可能涉及超级武器或特殊效果逻辑。通常按逗号分隔的枚举/列表值理解。该说明仅作为 BuiltIn 宽松兜底，不能替代 ModEnc、Ares 或 Phobos 官方字段页。
Warhead,DetonateOnAllMapObjects.AffectTypes,Reference,Phobos,community-source-assisted-inferred-phobos-20260603,推断型字段：DetonateOnAllMapObjects.AffectTypes / Warhead 暂未完成官方逐条核验；根据字段名、所属 Warhead 弹头 上下文和既有社区资料线索，它可能用于武器、开火或投射表现，并可能涉及超级武器或特殊效果逻辑。通常引用另一类 INI 对象或资源 ID。该说明仅作为 BuiltIn 宽松兜底，不能替代 ModEnc、Ares 或 Phobos 官方字段页。
Warhead,DetonateOnAllMapObjects.IgnoreTypes,Reference,Phobos,community-source-assisted-inferred-phobos-20260603,推断型字段：DetonateOnAllMapObjects.IgnoreTypes / Warhead 暂未完成官方逐条核验；根据字段名、所属 Warhead 弹头 上下文和既有社区资料线索，它可能用于武器、开火或投射表现，并可能涉及超级武器或特殊效果逻辑。通常引用另一类 INI 对象或资源 ID。该说明仅作为 BuiltIn 宽松兜底，不能替代 ModEnc、Ares 或 Phobos 官方字段页。
Warhead,DisplayIncome.Delay,Integer,Phobos,community-source-assisted-inferred-phobos-20260603,推断型字段：DisplayIncome.Delay / Warhead 暂未完成官方逐条核验；根据字段名、所属 Warhead 弹头 上下文和既有社区资料线索，它可能用于图像、动画、炮口坐标或 UI 表现，并可能涉及资源、矿石、回收或经济收益。通常按整数参数理解。该说明仅作为 BuiltIn 宽松兜底，不能替代 ModEnc、Ares 或 Phobos 官方字段页。
Warhead,DisplayIncome.Houses,Enum,Phobos,community-source-assisted-inferred-phobos-20260603,推断型字段：DisplayIncome.Houses / Warhead 暂未完成官方逐条核验；根据字段名、所属 Warhead 弹头 上下文和既有社区资料线索，它可能用于建造条件、阵营可用性或生产经济，并可能涉及图像、动画、炮口坐标或 UI 表现。通常按固定枚举值理解。该说明仅作为 BuiltIn 宽松兜底，不能替代 ModEnc、Ares 或 Phobos 官方字段页。
Warhead,ElectricAssaultLevel,Integer,Phobos,community-source-assisted-inferred-phobos-20260603,推断型字段：ElectricAssaultLevel / Warhead 暂未完成官方逐条核验；根据字段名、所属 Warhead 弹头 上下文和既有社区资料线索，它可能用于建造条件、阵营可用性或生产经济。通常按整数参数理解。该说明仅作为 BuiltIn 宽松兜底，不能替代 ModEnc、Ares 或 Phobos 官方字段页。
Warhead,KillDriver,Boolean,Ares,community-source-assisted-inferred-ares-20260603,推断型字段：KillDriver / Warhead 暂未完成官方逐条核验；根据字段名、所属 Warhead 弹头 上下文和既有社区资料线索，它可能用于对象行为、显示或引擎内部规则。通常按 yes/no 布尔值理解。该说明仅作为 BuiltIn 宽松兜底，不能替代 ModEnc、Ares 或 Phobos 官方字段页。
Warhead,KillWeapon.AffectsHouse,MultiSelect,Phobos,community-source-assisted-inferred-phobos-20260603,推断型字段：KillWeapon.AffectsHouse / Warhead 暂未完成官方逐条核验；根据字段名、所属 Warhead 弹头 上下文和既有社区资料线索，它可能用于武器、开火或投射表现，并可能涉及建造条件、阵营可用性或生产经济。通常按逗号分隔的枚举/列表值理解。该说明仅作为 BuiltIn 宽松兜底，不能替代 ModEnc、Ares 或 Phobos 官方字段页。
Warhead,KillWeapon.AffectsTarget,MultiSelect,Phobos,community-source-assisted-inferred-phobos-20260603,推断型字段：KillWeapon.AffectsTarget / Warhead 暂未完成官方逐条核验；根据字段名、所属 Warhead 弹头 上下文和既有社区资料线索，它可能用于武器、开火或投射表现，并可能涉及AI 行为、目标选择或威胁评估。通常按逗号分隔的枚举/列表值理解。该说明仅作为 BuiltIn 宽松兜底，不能替代 ModEnc、Ares 或 Phobos 官方字段页。
Warhead,KillWeapon.OnFirer.AffectsHouse,MultiSelect,Phobos,community-source-assisted-inferred-phobos-20260603,推断型字段：KillWeapon.OnFirer.AffectsHouse / Warhead 暂未完成官方逐条核验；根据字段名、所属 Warhead 弹头 上下文和既有社区资料线索，它可能用于武器、开火或投射表现，并可能涉及超级武器或特殊效果逻辑。通常按逗号分隔的枚举/列表值理解。该说明仅作为 BuiltIn 宽松兜底，不能替代 ModEnc、Ares 或 Phobos 官方字段页。
Warhead,KillWeapon.OnFirer.AffectsTarget,MultiSelect,Phobos,community-source-assisted-inferred-phobos-20260603,推断型字段：KillWeapon.OnFirer.AffectsTarget / Warhead 暂未完成官方逐条核验；根据字段名、所属 Warhead 弹头 上下文和既有社区资料线索，它可能用于武器、开火或投射表现，并可能涉及超级武器或特殊效果逻辑。通常按逗号分隔的枚举/列表值理解。该说明仅作为 BuiltIn 宽松兜底，不能替代 ModEnc、Ares 或 Phobos 官方字段页。
Warhead,LaunchSW,Reference,Phobos,community-source-assisted-inferred-phobos-20260603,推断型字段：LaunchSW / Warhead 暂未完成官方逐条核验；根据字段名、所属 Warhead 弹头 上下文和既有社区资料线索，它可能用于超级武器或特殊效果逻辑。通常引用另一类 INI 对象或资源 ID。该说明仅作为 BuiltIn 宽松兜底，不能替代 ModEnc、Ares 或 Phobos 官方字段页。
Warhead,LaunchSW.DisplayMoney.Houses,Enum,Phobos,community-source-assisted-inferred-phobos-20260603,推断型字段：LaunchSW.DisplayMoney.Houses / Warhead 暂未完成官方逐条核验；根据字段名、所属 Warhead 弹头 上下文和既有社区资料线索，它可能用于建造条件、阵营可用性或生产经济，并可能涉及图像、动画、炮口坐标或 UI 表现。通常按固定枚举值理解。该说明仅作为 BuiltIn 宽松兜底，不能替代 ModEnc、Ares 或 Phobos 官方字段页。
Warhead,LaunchSW.DisplayMoney.Offset,Text,Phobos,community-source-assisted-inferred-phobos-20260603,推断型字段：LaunchSW.DisplayMoney.Offset / Warhead 暂未完成官方逐条核验；根据字段名、所属 Warhead 弹头 上下文和既有社区资料线索，它可能用于图像、动画、炮口坐标或 UI 表现，并可能涉及超级武器或特殊效果逻辑。取值格式仍按原 INI 资料或项目内实际用法确认。该说明仅作为 BuiltIn 宽松兜底，不能替代 ModEnc、Ares 或 Phobos 官方字段页。
Warhead,Malicious,Boolean,Ares,community-source-assisted-inferred-ares-20260603,推断型字段：Malicious / Warhead 暂未完成官方逐条核验；根据字段名、所属 Warhead 弹头 上下文和既有社区资料线索，它可能用于对象行为、显示或引擎内部规则。通常按 yes/no 布尔值理解。该说明仅作为 BuiltIn 宽松兜底，不能替代 ModEnc、Ares 或 Phobos 官方字段页。
Warhead,Parasite.CullingTarget,MultiSelect,Phobos,community-source-assisted-inferred-phobos-20260603,推断型字段：Parasite.CullingTarget / Warhead 暂未完成官方逐条核验；根据字段名、所属 Warhead 弹头 上下文和既有社区资料线索，它可能用于AI 行为、目标选择或威胁评估。通常按逗号分隔的枚举/列表值理解。该说明仅作为 BuiltIn 宽松兜底，不能替代 ModEnc、Ares 或 Phobos 官方字段页。
Warhead,Parasite.GrappleAnim,Reference,Phobos,community-source-assisted-inferred-phobos-20260603,推断型字段：Parasite.GrappleAnim / Warhead 暂未完成官方逐条核验；根据字段名、所属 Warhead 弹头 上下文和既有社区资料线索，它可能用于图像、动画、炮口坐标或 UI 表现。通常引用另一类 INI 对象或资源 ID。该说明仅作为 BuiltIn 宽松兜底，不能替代 ModEnc、Ares 或 Phobos 官方字段页。
Warhead,Parasite.ParticleSystem,Text,Phobos,community-source-assisted-inferred-phobos-20260603,推断型字段：Parasite.ParticleSystem / Warhead 暂未完成官方逐条核验；根据字段名、所属 Warhead 弹头 上下文和既有社区资料线索，它可能用于对象行为、显示或引擎内部规则。取值格式仍按原 INI 资料或项目内实际用法确认。该说明仅作为 BuiltIn 宽松兜底，不能替代 ModEnc、Ares 或 Phobos 官方字段页。
Warhead,PenetratesTransport.Level,Integer,Phobos,community-source-assisted-inferred-phobos-20260603,推断型字段：PenetratesTransport.Level / Warhead 暂未完成官方逐条核验；根据字段名、所属 Warhead 弹头 上下文和既有社区资料线索，它可能用于建造条件、阵营可用性或生产经济，并可能涉及部署、运输、乘员或形态切换。通常按整数参数理解。该说明仅作为 BuiltIn 宽松兜底，不能替代 ModEnc、Ares 或 Phobos 官方字段页。
Warhead,PreImpactAnim,Reference,Ares,community-source-assisted-inferred-ares-20260603,推断型字段：PreImpactAnim / Warhead 暂未完成官方逐条核验；根据字段名、所属 Warhead 弹头 上下文和既有社区资料线索，它可能用于图像、动画、炮口坐标或 UI 表现，并可能涉及建造条件、阵营可用性或生产经济。通常引用另一类 INI 对象或资源 ID。该说明仅作为 BuiltIn 宽松兜底，不能替代 ModEnc、Ares 或 Phobos 官方字段页。
Warhead,RemoveParasite.Allow,Reference,Phobos,community-source-assisted-inferred-phobos-20260603,推断型字段：RemoveParasite.Allow / Warhead 暂未完成官方逐条核验；根据字段名、所属 Warhead 弹头 上下文和既有社区资料线索，它可能用于列表型条件、允许/禁止关系或筛选规则，并可能涉及移动、寻路、部署或运动限制。通常引用另一类 INI 对象或资源 ID。该说明仅作为 BuiltIn 宽松兜底，不能替代 ModEnc、Ares 或 Phobos 官方字段页。
Warhead,RemoveParasite.Disallow,Reference,Phobos,community-source-assisted-inferred-phobos-20260603,推断型字段：RemoveParasite.Disallow / Warhead 暂未完成官方逐条核验；根据字段名、所属 Warhead 弹头 上下文和既有社区资料线索，它可能用于列表型条件、允许/禁止关系或筛选规则，并可能涉及移动、寻路、部署或运动限制。通常引用另一类 INI 对象或资源 ID。该说明仅作为 BuiltIn 宽松兜底，不能替代 ModEnc、Ares 或 Phobos 官方字段页。
Warhead,ReturnWarhead,Reference,Phobos,community-source-assisted-inferred-phobos-20260603,推断型字段：ReturnWarhead / Warhead 暂未完成官方逐条核验；根据字段名、所属 Warhead 弹头 上下文和既有社区资料线索，它可能用于武器、开火或投射表现，并可能涉及移动、寻路、部署或运动限制。通常引用另一类 INI 对象或资源 ID。该说明仅作为 BuiltIn 宽松兜底，不能替代 ModEnc、Ares 或 Phobos 官方字段页。
Warhead,ReturnWarhead.AffectsHouse,MultiSelect,Phobos,community-source-assisted-inferred-phobos-20260603,推断型字段：ReturnWarhead.AffectsHouse / Warhead 暂未完成官方逐条核验；根据字段名、所属 Warhead 弹头 上下文和既有社区资料线索，它可能用于建造条件、阵营可用性或生产经济，并可能涉及武器、开火或投射表现。通常按逗号分隔的枚举/列表值理解。该说明仅作为 BuiltIn 宽松兜底，不能替代 ModEnc、Ares 或 Phobos 官方字段页。
Warhead,ReturnWarhead.AffectsTarget,MultiSelect,Phobos,community-source-assisted-inferred-phobos-20260603,推断型字段：ReturnWarhead.AffectsTarget / Warhead 暂未完成官方逐条核验；根据字段名、所属 Warhead 弹头 上下文和既有社区资料线索，它可能用于AI 行为、目标选择或威胁评估，并可能涉及武器、开火或投射表现。通常按逗号分隔的枚举/列表值理解。该说明仅作为 BuiltIn 宽松兜底，不能替代 ModEnc、Ares 或 Phobos 官方字段页。
Warhead,ReturnWarhead.Chance,Integer,Phobos,community-source-assisted-inferred-phobos-20260603,推断型字段：ReturnWarhead.Chance / Warhead 暂未完成官方逐条核验；根据字段名、所属 Warhead 弹头 上下文和既有社区资料线索，它可能用于武器、开火或投射表现，并可能涉及移动、寻路、部署或运动限制。通常按整数参数理解。该说明仅作为 BuiltIn 宽松兜底，不能替代 ModEnc、Ares 或 Phobos 官方字段页。
Warhead,ReturnWarhead.Damage,Integer,Phobos,community-source-assisted-inferred-phobos-20260603,推断型字段：ReturnWarhead.Damage / Warhead 暂未完成官方逐条核验；根据字段名、所属 Warhead 弹头 上下文和既有社区资料线索，它可能用于武器、开火或投射表现，并可能涉及生命值、护甲、伤害或修理倍率。通常按整数参数理解。该说明仅作为 BuiltIn 宽松兜底，不能替代 ModEnc、Ares 或 Phobos 官方字段页。
Warhead,Reveal,Integer,Phobos,community-source-assisted-inferred-phobos-20260603,推断型字段：Reveal / Warhead 暂未完成官方逐条核验；根据字段名、所属 Warhead 弹头 上下文和既有社区资料线索，它可能用于侦察、雷达、隐形或伪装。通常按整数参数理解。该说明仅作为 BuiltIn 宽松兜底，不能替代 ModEnc、Ares 或 Phobos 官方字段页。
Warhead,Rocker.AmplitudeMultiplier,Integer,Phobos,community-source-assisted-inferred-phobos-20260603,推断型字段：Rocker.AmplitudeMultiplier / Warhead 暂未完成官方逐条核验；根据字段名、所属 Warhead 弹头 上下文和既有社区资料线索，它可能用于生命值、护甲、伤害或修理倍率。通常按整数参数理解。该说明仅作为 BuiltIn 宽松兜底，不能替代 ModEnc、Ares 或 Phobos 官方字段页。
Warhead,Rocker.AmplitudeOverride,Integer,Phobos,community-source-assisted-inferred-phobos-20260603,推断型字段：Rocker.AmplitudeOverride / Warhead 暂未完成官方逐条核验；根据字段名、所属 Warhead 弹头 上下文和既有社区资料线索，它可能用于对象行为、显示或引擎内部规则。通常按整数参数理解。该说明仅作为 BuiltIn 宽松兜底，不能替代 ModEnc、Ares 或 Phobos 官方字段页。
Warhead,SuppressReflectDamage.Groups,MultiSelect,Phobos,community-reference-inferred-phobos-20260603,推断型字段：SuppressReflectDamage.Groups / Warhead 暂未完成官方逐条核验；根据字段名、所属 Warhead 弹头 上下文和既有社区资料线索，它可能用于生命值、护甲、伤害或修理倍率。通常按逗号分隔的枚举/列表值理解。该说明仅作为 BuiltIn 宽松兜底，不能替代 ModEnc、Ares 或 Phobos 官方字段页。
Warhead,SuppressReflectDamage.Types,Reference,Phobos,community-reference-inferred-phobos-20260603,推断型字段：SuppressReflectDamage.Types / Warhead 暂未完成官方逐条核验；根据字段名、所属 Warhead 弹头 上下文和既有社区资料线索，它可能用于生命值、护甲、伤害或修理倍率。通常引用另一类 INI 对象或资源 ID。该说明仅作为 BuiltIn 宽松兜底，不能替代 ModEnc、Ares 或 Phobos 官方字段页。
Warhead,TransactMoney,Integer,Phobos,community-source-assisted-inferred-phobos-20260603,推断型字段：TransactMoney / Warhead 暂未完成官方逐条核验；根据字段名、所属 Warhead 弹头 上下文和既有社区资料线索，它可能用于资源、矿石、回收或经济收益。通常按整数参数理解。该说明仅作为 BuiltIn 宽松兜底，不能替代 ModEnc、Ares 或 Phobos 官方字段页。
Warhead,TransactMoney.Display.Houses,Enum,Phobos,community-source-assisted-inferred-phobos-20260603,推断型字段：TransactMoney.Display.Houses / Warhead 暂未完成官方逐条核验；根据字段名、所属 Warhead 弹头 上下文和既有社区资料线索，它可能用于建造条件、阵营可用性或生产经济，并可能涉及图像、动画、炮口坐标或 UI 表现。通常按固定枚举值理解。该说明仅作为 BuiltIn 宽松兜底，不能替代 ModEnc、Ares 或 Phobos 官方字段页。
Warhead,TransactMoney.Display.Offset,Text,Phobos,community-source-assisted-inferred-phobos-20260603,推断型字段：TransactMoney.Display.Offset / Warhead 暂未完成官方逐条核验；根据字段名、所属 Warhead 弹头 上下文和既有社区资料线索，它可能用于图像、动画、炮口坐标或 UI 表现，并可能涉及资源、矿石、回收或经济收益。取值格式仍按原 INI 资料或项目内实际用法确认。该说明仅作为 BuiltIn 宽松兜底，不能替代 ModEnc、Ares 或 Phobos 官方字段页。
Warhead,Versus.clingfilm.PassiveAcquire,Boolean,Ares,community-source-assisted-inferred-ares-20260603,推断型字段：Versus.clingfilm.PassiveAcquire / Warhead 暂未完成官方逐条核验；根据字段名、所属 Warhead 弹头 上下文和既有社区资料线索，它可能用于对象行为、显示或引擎内部规则。通常按 yes/no 布尔值理解。该说明仅作为 BuiltIn 宽松兜底，不能替代 ModEnc、Ares 或 Phobos 官方字段页。
Warhead,Versus.magic.ForceFire,Boolean,Ares,community-source-assisted-inferred-ares-20260603,推断型字段：Versus.magic.ForceFire / Warhead 暂未完成官方逐条核验；根据字段名、所属 Warhead 弹头 上下文和既有社区资料线索，它可能用于武器、开火或投射表现。通常按 yes/no 布尔值理解。该说明仅作为 BuiltIn 宽松兜底，不能替代 ModEnc、Ares 或 Phobos 官方字段页。
Warhead,Versus.steel.Retaliate,Boolean,Ares,community-source-assisted-inferred-ares-20260603,推断型字段：Versus.steel.Retaliate / Warhead 暂未完成官方逐条核验；根据字段名、所属 Warhead 弹头 上下文和既有社区资料线索，它可能用于对象行为、显示或引擎内部规则。通常按 yes/no 布尔值理解。该说明仅作为 BuiltIn 宽松兜底，不能替代 ModEnc、Ares 或 Phobos 官方字段页。
Warhead,WarheadAnimZAdjust,Integer,Phobos,community-source-assisted-inferred-phobos-20260603,推断型字段：WarheadAnimZAdjust / Warhead 暂未完成官方逐条核验；根据字段名、所属 Warhead 弹头 上下文和既有社区资料线索，它可能用于图像、动画、炮口坐标或 UI 表现，并可能涉及武器、开火或投射表现。通常按整数参数理解。该说明仅作为 BuiltIn 宽松兜底，不能替代 ModEnc、Ares 或 Phobos 官方字段页。
Weapon,AmbientDamage.Warhead,Reference,Phobos,community-source-assisted-inferred-phobos-20260603,推断型字段：AmbientDamage.Warhead / Weapon 暂未完成官方逐条核验；根据字段名、所属 Weapon 武器 上下文和既有社区资料线索，它可能用于武器、开火或投射表现，并可能涉及生命值、护甲、伤害或修理倍率。通常引用另一类 INI 对象或资源 ID。该说明仅作为 BuiltIn 宽松兜底，不能替代 ModEnc、Ares 或 Phobos 官方字段页。
Weapon,Beam.Amplitude,Float,Ares,community-source-assisted-inferred-ares-20260603,推断型字段：Beam.Amplitude / Weapon 暂未完成官方逐条核验；根据字段名、所属 Weapon 武器 上下文和既有社区资料线索，它可能用于对象行为、显示或引擎内部规则。通常按小数或倍率参数理解。该说明仅作为 BuiltIn 宽松兜底，不能替代 ModEnc、Ares 或 Phobos 官方字段页。
Weapon,Beam.Color,Text,Ares,community-source-assisted-inferred-ares-20260603,推断型字段：Beam.Color / Weapon 暂未完成官方逐条核验；根据字段名、所属 Weapon 武器 上下文和既有社区资料线索，它可能用于颜色、光照或视觉着色。取值格式仍按原 INI 资料或项目内实际用法确认。该说明仅作为 BuiltIn 宽松兜底，不能替代 ModEnc、Ares 或 Phobos 官方字段页。
Weapon,Beam.Duration,Integer,Ares,community-source-assisted-inferred-ares-20260603,推断型字段：Beam.Duration / Weapon 暂未完成官方逐条核验；根据字段名、所属 Weapon 武器 上下文和既有社区资料线索，它可能用于超级武器或特殊效果逻辑，并可能涉及数值阈值、间隔、次数或概率参数。通常按整数参数理解。该说明仅作为 BuiltIn 宽松兜底，不能替代 ModEnc、Ares 或 Phobos 官方字段页。
Weapon,Beam.IsHouseColor,Boolean,Ares,community-source-assisted-inferred-ares-20260603,推断型字段：Beam.IsHouseColor / Weapon 暂未完成官方逐条核验；根据字段名、所属 Weapon 武器 上下文和既有社区资料线索，它可能用于建造条件、阵营可用性或生产经济，并可能涉及侦察、雷达、隐形或伪装。通常按 yes/no 布尔值理解。该说明仅作为 BuiltIn 宽松兜底，不能替代 ModEnc、Ares 或 Phobos 官方字段页。
Weapon,Bolt.Color1,Text,Ares,community-source-assisted-inferred-ares-20260603,推断型字段：Bolt.Color1 / Weapon 暂未完成官方逐条核验；根据字段名、所属 Weapon 武器 上下文和既有社区资料线索，它可能用于武器、开火或投射表现，并可能涉及颜色、光照或视觉着色。取值格式仍按原 INI 资料或项目内实际用法确认。该说明仅作为 BuiltIn 宽松兜底，不能替代 ModEnc、Ares 或 Phobos 官方字段页。
Weapon,Bolt.Color2,Text,Ares,community-source-assisted-inferred-ares-20260603,推断型字段：Bolt.Color2 / Weapon 暂未完成官方逐条核验；根据字段名、所属 Weapon 武器 上下文和既有社区资料线索，它可能用于武器、开火或投射表现，并可能涉及颜色、光照或视觉着色。取值格式仍按原 INI 资料或项目内实际用法确认。该说明仅作为 BuiltIn 宽松兜底，不能替代 ModEnc、Ares 或 Phobos 官方字段页。
Weapon,Bolt.Color3,Text,Ares,community-source-assisted-inferred-ares-20260603,推断型字段：Bolt.Color3 / Weapon 暂未完成官方逐条核验；根据字段名、所属 Weapon 武器 上下文和既有社区资料线索，它可能用于武器、开火或投射表现，并可能涉及颜色、光照或视觉着色。取值格式仍按原 INI 资料或项目内实际用法确认。该说明仅作为 BuiltIn 宽松兜底，不能替代 ModEnc、Ares 或 Phobos 官方字段页。
Weapon,LaserThickness,Integer,Ares,community-source-assisted-inferred-ares-20260603,推断型字段：LaserThickness / Weapon 暂未完成官方逐条核验；根据字段名、所属 Weapon 武器 上下文和既有社区资料线索，它可能用于武器、开火或投射表现。通常按整数参数理解。该说明仅作为 BuiltIn 宽松兜底，不能替代 ModEnc、Ares 或 Phobos 官方字段页。
Weapon,Supress,Text,Yuri,community-reference-inferred-yuri-20260603,推断型字段：Supress / Weapon 暂未完成官方逐条核验；根据字段名、所属 Weapon 武器 上下文和既有社区资料线索，它可能用于对象行为、显示或引擎内部规则。取值格式仍按原 INI 资料或项目内实际用法确认。该说明仅作为 BuiltIn 宽松兜底，不能替代 ModEnc、Ares 或 Phobos 官方字段页。
Weapon,Wave.Color,Text,Ares,community-source-assisted-inferred-ares-20260603,推断型字段：Wave.Color / Weapon 暂未完成官方逐条核验；根据字段名、所属 Weapon 武器 上下文和既有社区资料线索，它可能用于武器、开火或投射表现，并可能涉及颜色、光照或视觉着色。取值格式仍按原 INI 资料或项目内实际用法确认。该说明仅作为 BuiltIn 宽松兜底，不能替代 ModEnc、Ares 或 Phobos 官方字段页。
Weapon,Wave.IsBigLaser,Boolean,Ares,community-source-assisted-inferred-ares-20260603,推断型字段：Wave.IsBigLaser / Weapon 暂未完成官方逐条核验；根据字段名、所属 Weapon 武器 上下文和既有社区资料线索，它可能用于武器、开火或投射表现，并可能涉及侦察、雷达、隐形或伪装。通常按 yes/no 布尔值理解。该说明仅作为 BuiltIn 宽松兜底，不能替代 ModEnc、Ares 或 Phobos 官方字段页。
Weapon,Wave.IsHouseColor,Boolean,Ares,community-source-assisted-inferred-ares-20260603,推断型字段：Wave.IsHouseColor / Weapon 暂未完成官方逐条核验；根据字段名、所属 Weapon 武器 上下文和既有社区资料线索，它可能用于建造条件、阵营可用性或生产经济，并可能涉及侦察、雷达、隐形或伪装。通常按 yes/no 布尔值理解。该说明仅作为 BuiltIn 宽松兜底，不能替代 ModEnc、Ares 或 Phobos 官方字段页。
Weapon,Wave.IsLaser,Boolean,Ares,community-source-assisted-inferred-ares-20260603,推断型字段：Wave.IsLaser / Weapon 暂未完成官方逐条核验；根据字段名、所属 Weapon 武器 上下文和既有社区资料线索，它可能用于武器、开火或投射表现，并可能涉及侦察、雷达、隐形或伪装。通常按 yes/no 布尔值理解。该说明仅作为 BuiltIn 宽松兜底，不能替代 ModEnc、Ares 或 Phobos 官方字段页。
Weapon,Wave.ReverseAgainstAircraft,Boolean,Ares,community-source-assisted-inferred-ares-20260603,推断型字段：Wave.ReverseAgainstAircraft / Weapon 暂未完成官方逐条核验；根据字段名、所属 Weapon 武器 上下文和既有社区资料线索，它可能用于AI 行为、目标选择或威胁评估，并可能涉及武器、开火或投射表现。通常按 yes/no 布尔值理解。该说明仅作为 BuiltIn 宽松兜底，不能替代 ModEnc、Ares 或 Phobos 官方字段页。
Weapon,Wave.ReverseAgainstBuildings,Boolean,Ares,community-source-assisted-inferred-ares-20260603,推断型字段：Wave.ReverseAgainstBuildings / Weapon 暂未完成官方逐条核验；根据字段名、所属 Weapon 武器 上下文和既有社区资料线索，它可能用于AI 行为、目标选择或威胁评估，并可能涉及建造条件、阵营可用性或生产经济。通常按 yes/no 布尔值理解。该说明仅作为 BuiltIn 宽松兜底，不能替代 ModEnc、Ares 或 Phobos 官方字段页。
Weapon,Wave.ReverseAgainstInfantry,Boolean,Ares,community-source-assisted-inferred-ares-20260603,推断型字段：Wave.ReverseAgainstInfantry / Weapon 暂未完成官方逐条核验；根据字段名、所属 Weapon 武器 上下文和既有社区资料线索，它可能用于AI 行为、目标选择或威胁评估，并可能涉及武器、开火或投射表现。通常按 yes/no 布尔值理解。该说明仅作为 BuiltIn 宽松兜底，不能替代 ModEnc、Ares 或 Phobos 官方字段页。
Weapon,Wave.ReverseAgainstOthers,Boolean,Ares,community-source-assisted-inferred-ares-20260603,推断型字段：Wave.ReverseAgainstOthers / Weapon 暂未完成官方逐条核验；根据字段名、所属 Weapon 武器 上下文和既有社区资料线索，它可能用于AI 行为、目标选择或威胁评估，并可能涉及武器、开火或投射表现。通常按 yes/no 布尔值理解。该说明仅作为 BuiltIn 宽松兜底，不能替代 ModEnc、Ares 或 Phobos 官方字段页。
Weapon,Wave.ReverseAgainstVehicles,Boolean,Ares,community-source-assisted-inferred-ares-20260603,推断型字段：Wave.ReverseAgainstVehicles / Weapon 暂未完成官方逐条核验；根据字段名、所属 Weapon 武器 上下文和既有社区资料线索，它可能用于AI 行为、目标选择或威胁评估，并可能涉及武器、开火或投射表现。通常按 yes/no 布尔值理解。该说明仅作为 BuiltIn 宽松兜底，不能替代 ModEnc、Ares 或 Phobos 官方字段页。
